match_id,recommended_at,member_a_id,member_b_id,matchmaker_id,a_age_fit,b_age_fit,a_income_fit,b_income_fit,region_fit,religion_fit,smoking_fit,lifestyle_fit_score,personality_fit_score,mutual_condition_score,member_a_response,member_b_response,meeting_scheduled,meeting_date,meeting_location_region,after_success,match_status
MT00001,2026-07-07,M001,M525,MG16,True,True,False,True,False,True,True,0.5,0.35,78,수락,미응답,False,,,,응답 대기 종료
MT00002,2026-07-25,M002,M677,MG11,True,True,True,False,False,True,True,0,0.6,66,거절,수락,False,,,,추천 종료
MT00003,2026-07-02,M003,M077,MG19,False,False,False,True,False,True,True,0.25,0.38,58,거절,수락,False,,,,추천 종료
MT00004,2026-07-29,M004,M265,MG16,True,True,True,True,True,False,True,0.25,0.84,71,거절,거절,False,,,,추천 종료
MT00005,2026-07-30,M005,M530,MG13,False,False,False,True,True,True,True,0.5,0.41,77,수락,거절,False,,,,추천 종료
MT00006,2026-07-06,M006,M602,MG17,False,False,True,True,True,False,False,0.5,0.59,73,수락,수락,True,2026-07-16,경기,True,애프터 성사
MT00007,2026-07-03,M007,M854,MG15,True,True,True,True,False,True,True,0.5,0.46,76,수락,거절,False,,,,추천 종료
MT00008,2026-07-17,M008,M945,MG05,False,False,True,False,True,True,False,1,0.4,76,수락,거절,False,,,,추천 종료
MT00009,2026-07-18,M009,M978,MG14,True,False,True,True,True,True,False,0.25,0.61,74,수락,수락,True,2026-07-28,경기,True,애프터 성사
MT00010,2026-07-19,M010,M764,MG07,False,False,True,True,False,False,True,0.75,0.67,76,거절,미응답,False,,,,응답 대기 종료
MT00011,2026-07-07,M011,M067,MG10,True,True,False,True,False,False,False,0.5,0.77,67,미응답,수락,False,,,,응답 대기 종료
MT00012,2026-07-01,M012,M581,MG20,False,False,True,True,False,False,True,0.25,0.6,65,미응답,미응답,False,,,,응답 대기 종료
MT00013,2026-07-26,M013,M401,MG17,False,False,True,True,False,False,True,0,0.79,63,미응답,거절,False,,,,응답 대기 종료
MT00014,2026-07-25,M014,M132,MG12,True,False,True,True,False,False,True,0.5,0.63,69,수락,수락,True,2026-08-04,부산,True,애프터 성사
MT00015,2026-07-28,M015,M018,MG10,False,False,True,False,False,False,True,0.25,0.56,61,수락,수락,True,2026-08-05,경기,True,애프터 성사
MT00016,2026-07-01,M016,M068,MG03,True,True,True,True,True,False,True,0.5,0.78,73,미응답,거절,False,,,,응답 대기 종료
MT00017,2026-07-17,M017,M361,MG14,False,False,True,True,False,True,True,0.25,0.84,65,미응답,거절,False,,,,응답 대기 종료
MT00018,2026-07-24,M018,M373,MG18,False,True,False,True,True,False,True,0.5,0.69,78,미응답,미응답,False,,,,응답 대기 종료
MT00019,2026-07-12,M019,M839,MG06,False,False,True,True,False,True,True,0.75,0.58,74,수락,수락,True,2026-07-24,인천,True,애프터 성사
MT00020,2026-07-20,M020,M477,MG15,True,True,True,True,False,True,True,0.25,0.84,73,미응답,수락,False,,,,응답 대기 종료
MT00021,2026-07-22,M021,M881,MG20,False,False,True,True,False,False,True,0.75,0.63,77,거절,거절,False,,,,추천 종료
MT00022,2026-07-02,M022,M832,MG15,True,True,True,False,False,True,True,0,0.51,70,거절,거절,False,,,,추천 종료
MT00023,2026-07-04,M023,M308,MG10,True,True,True,True,False,False,False,0.25,0.59,66,미응답,거절,False,,,,응답 대기 종료
MT00024,2026-07-07,M024,M958,MG03,True,True,True,True,False,False,True,0.75,0.77,79,수락,거절,False,,,,추천 종료
MT00025,2026-07-13,M025,M486,MG02,False,False,True,True,False,False,True,0,0.61,66,거절,거절,False,,,,추천 종료
MT00026,2026-07-12,M026,M570,MG14,True,True,False,True,False,False,True,0.75,0.61,70,미응답,미응답,False,,,,응답 대기 종료
MT00027,2026-07-16,M027,M242,MG10,False,False,True,True,False,False,False,0.25,0.32,60,미응답,거절,False,,,,응답 대기 종료
MT00028,2026-07-15,M028,M368,MG20,True,True,True,True,True,True,False,0.25,0.61,81,수락,수락,True,2026-07-21,경기,False,첫 만남 완료
MT00029,2026-07-02,M029,M545,MG03,True,True,True,True,False,False,True,0.25,0.85,64,수락,거절,False,,,,추천 종료
MT00030,2026-07-07,M030,M916,MG16,True,False,True,True,False,True,True,0.5,0.71,70,미응답,거절,False,,,,응답 대기 종료
MT00031,2026-07-30,M031,M307,MG12,False,True,True,True,True,False,True,0.5,0.65,74,수락,미응답,False,,,,응답 대기 종료
MT00032,2026-07-08,M032,M064,MG11,False,False,True,True,False,True,True,0.75,0.91,82,미응답,수락,False,,,,응답 대기 종료
MT00033,2026-07-30,M033,M866,MG05,True,False,True,True,False,False,False,0.25,0.51,59,거절,미응답,False,,,,응답 대기 종료
MT00034,2026-07-02,M034,M885,MG05,False,False,False,True,False,True,True,0.75,0.61,73,수락,거절,False,,,,추천 종료
MT00035,2026-07-17,M035,M481,MG13,False,True,False,True,False,False,True,0.75,0.78,79,수락,수락,False,,,,추천 종료
MT00036,2026-07-03,M036,M476,MG20,False,False,False,True,False,True,True,0.25,0.92,75,미응답,미응답,False,,,,응답 대기 종료
MT00037,2026-07-21,M037,M328,MG01,True,True,True,True,False,True,False,0,0.45,69,미응답,미응답,False,,,,응답 대기 종료
MT00038,2026-07-03,M038,M042,MG13,True,True,True,True,False,True,True,0.5,0.66,80,수락,수락,True,2026-07-12,서울,False,첫 만남 완료
MT00039,2026-07-28,M039,M409,MG19,False,False,True,True,True,False,False,0.5,0.95,74,거절,수락,False,,,,추천 종료
MT00040,2026-07-06,M040,M230,MG08,True,True,False,True,False,True,True,0.5,0.5,73,미응답,미응답,False,,,,응답 대기 종료
MT00041,2026-07-20,M041,M723,MG16,False,False,True,False,False,True,False,0.25,0.6,63,미응답,미응답,False,,,,응답 대기 종료
MT00042,2026-07-02,M042,M058,MG06,True,True,True,True,True,True,True,0.75,0.9,95,수락,거절,False,,,,추천 종료
MT00043,2026-07-16,M043,M541,MG11,False,False,True,False,False,True,True,0.5,0.47,64,수락,거절,False,,,,추천 종료
MT00044,2026-07-06,M044,M454,MG12,False,False,True,True,False,False,True,1,0.18,71,거절,거절,False,,,,추천 종료
MT00045,2026-07-18,M045,M028,MG13,True,True,True,True,False,True,True,0,0.34,72,수락,거절,False,,,,추천 종료
MT00046,2026-07-27,M046,M469,MG20,False,False,False,True,False,True,True,0,0.48,59,수락,미응답,False,,,,응답 대기 종료
MT00047,2026-07-12,M047,M392,MG05,True,True,False,True,False,True,True,0,0.68,68,미응답,수락,False,,,,응답 대기 종료
MT00048,2026-07-02,M048,M763,MG01,False,False,True,True,False,True,True,0.5,0.52,71,수락,미응답,False,,,,응답 대기 종료
MT00049,2026-07-25,M049,M683,MG20,False,False,False,True,False,False,True,0.25,0.59,65,수락,거절,False,,,,추천 종료
MT00050,2026-07-25,M050,M708,MG14,True,True,False,True,True,True,True,0.25,0.85,78,수락,수락,True,2026-08-06,서울,False,첫 만남 완료
MT00051,2026-07-22,M051,M792,MG17,True,True,True,False,True,False,True,0.25,0.55,69,거절,거절,False,,,,추천 종료
MT00052,2026-07-14,M052,M578,MG13,False,False,True,True,False,False,False,0.25,0.76,70,수락,미응답,False,,,,응답 대기 종료
MT00053,2026-07-26,M053,M712,MG18,True,True,False,True,False,True,True,0.75,0.82,74,거절,거절,False,,,,추천 종료
MT00054,2026-07-12,M054,M715,MG10,False,False,False,True,False,False,True,0.5,0.65,60,수락,거절,False,,,,추천 종료
MT00055,2026-07-23,M055,M155,MG16,True,False,True,True,False,False,True,0.5,0.6,71,미응답,수락,False,,,,응답 대기 종료
MT00056,2026-07-19,M056,M997,MG06,True,True,False,True,False,True,True,0.5,0.51,69,수락,거절,False,,,,추천 종료
MT00057,2026-07-13,M057,M173,MG04,False,False,True,True,False,False,True,0.5,0.37,71,거절,수락,False,,,,추천 종료
MT00058,2026-07-16,M058,M195,MG09,False,True,True,True,True,False,True,0.5,0.48,82,거절,거절,False,,,,추천 종료
MT00059,2026-07-27,M059,M217,MG05,False,False,True,False,False,True,True,0.75,0.78,74,거절,거절,False,,,,추천 종료
MT00060,2026-07-03,M060,M796,MG03,True,True,True,True,False,True,True,0.5,0.42,80,수락,수락,True,2026-07-13,서울,True,애프터 성사
MT00061,2026-07-02,M061,M500,MG19,False,False,True,True,False,False,True,0.5,0.48,76,수락,거절,False,,,,추천 종료
MT00062,2026-07-10,M062,M531,MG08,False,True,True,True,False,True,True,0.25,0.64,61,거절,미응답,False,,,,응답 대기 종료
MT00063,2026-07-27,M063,M282,MG01,True,True,False,True,True,False,True,0.5,0.94,74,미응답,미응답,False,,,,응답 대기 종료
MT00064,2026-07-12,M064,M071,MG13,False,False,True,True,False,True,False,0.25,0.77,64,수락,수락,True,2026-07-22,경기,True,애프터 성사
MT00065,2026-07-14,M065,M690,MG17,True,False,True,True,False,True,True,0.25,0.53,69,미응답,거절,False,,,,응답 대기 종료
MT00066,2026-07-01,M066,M543,MG08,True,True,False,True,False,False,True,0.25,0.65,69,미응답,거절,False,,,,응답 대기 종료
MT00067,2026-07-10,M067,M632,MG12,False,False,True,True,False,False,True,0,0.66,65,거절,거절,False,,,,추천 종료
MT00068,2026-07-11,M068,M371,MG02,False,False,True,False,False,False,True,0.75,0.77,66,거절,미응답,False,,,,응답 대기 종료
MT00069,2026-07-25,M069,M520,MG19,True,False,True,True,False,False,True,0.75,0.67,82,수락,수락,True,2026-08-05,충북,False,첫 만남 완료
MT00070,2026-07-14,M070,M537,MG20,True,True,True,True,False,True,True,0.5,0.81,78,미응답,미응답,False,,,,응답 대기 종료
MT00071,2026-07-12,M071,M981,MG08,False,False,True,True,False,True,True,0.25,0.66,68,수락,거절,False,,,,추천 종료
MT00072,2026-07-29,M072,M479,MG17,True,True,True,True,False,False,False,0.25,0.63,71,수락,미응답,False,,,,응답 대기 종료
MT00073,2026-07-03,M073,M533,MG19,True,True,False,True,False,True,False,0.5,0.51,66,수락,거절,False,,,,추천 종료
MT00074,2026-07-17,M074,M693,MG16,False,False,True,True,False,False,False,0.25,0.85,58,거절,수락,False,,,,추천 종료
MT00075,2026-07-04,M075,M704,MG02,False,False,True,False,True,True,True,0.25,0.39,67,거절,거절,False,,,,추천 종료
MT00076,2026-07-18,M076,M417,MG04,True,True,True,True,False,True,True,0.5,0.66,79,수락,수락,False,,,,추천 종료
MT00077,2026-07-19,M077,M018,MG04,False,False,True,False,False,False,True,0.25,0.78,61,수락,미응답,False,,,,응답 대기 종료
MT00078,2026-07-24,M078,M226,MG09,False,False,True,True,False,True,True,0.25,0.78,72,수락,미응답,False,,,,응답 대기 종료
MT00079,2026-07-22,M079,M918,MG03,True,True,True,False,True,False,True,0.25,0.3,70,미응답,수락,False,,,,응답 대기 종료
MT00080,2026-07-11,M080,M702,MG19,False,False,False,True,True,True,True,0.25,0.58,65,거절,거절,False,,,,추천 종료
MT00081,2026-07-16,M081,M825,MG12,False,False,True,False,False,False,True,0.5,0.7,68,거절,수락,False,,,,추천 종료
MT00082,2026-07-17,M082,M681,MG20,False,False,True,False,True,False,True,0.5,0.61,75,수락,수락,True,2026-07-29,서울,False,첫 만남 완료
MT00083,2026-07-02,M083,M464,MG05,True,True,True,True,True,True,True,0.25,0.34,80,미응답,미응답,False,,,,응답 대기 종료
MT00084,2026-07-09,M084,M078,MG11,True,True,True,True,False,False,True,0.75,0.59,85,수락,수락,True,2026-07-23,서울,True,애프터 성사
MT00085,2026-07-07,M085,M229,MG11,True,False,True,True,False,True,True,1,0.82,87,수락,미응답,False,,,,응답 대기 종료
MT00086,2026-07-17,M086,M473,MG05,False,False,True,True,False,True,True,0.5,0.63,74,미응답,수락,False,,,,응답 대기 종료
MT00087,2026-07-15,M087,M154,MG13,False,True,False,True,False,True,True,0.75,0.6,82,거절,수락,False,,,,추천 종료
MT00088,2026-07-15,M088,M320,MG06,False,False,True,False,False,True,True,0.5,0.87,74,거절,거절,False,,,,추천 종료
MT00089,2026-07-30,M089,M208,MG07,False,False,True,True,False,True,False,0,0.47,59,거절,수락,False,,,,추천 종료
MT00090,2026-07-13,M090,M520,MG03,False,False,True,True,False,True,True,0.5,0.61,73,거절,수락,False,,,,추천 종료
MT00091,2026-07-12,M091,M500,MG09,True,True,True,True,False,True,True,0.25,0.79,74,거절,수락,False,,,,추천 종료
MT00092,2026-07-03,M092,M373,MG04,True,True,True,False,True,True,True,0.25,0.78,81,수락,미응답,False,,,,응답 대기 종료
MT00093,2026-07-10,M093,M835,MG08,False,False,True,False,False,True,True,0.5,0.97,77,미응답,거절,False,,,,응답 대기 종료
MT00094,2026-07-22,M094,M872,MG11,False,False,True,True,False,True,True,0.5,0.9,77,미응답,미응답,False,,,,응답 대기 종료
MT00095,2026-07-15,M095,M164,MG04,False,False,False,True,False,True,True,0.5,0.95,75,거절,거절,False,,,,추천 종료
MT00096,2026-07-26,M096,M451,MG02,False,False,True,True,False,True,True,0.5,0.56,65,거절,거절,False,,,,추천 종료
MT00097,2026-07-18,M097,M270,MG02,False,False,True,True,False,True,True,0.25,0.63,76,거절,거절,False,,,,추천 종료
MT00098,2026-07-25,M098,M263,MG06,False,False,True,True,False,False,True,0.5,0.22,68,거절,거절,False,,,,추천 종료
MT00099,2026-07-09,M099,M790,MG10,True,True,False,True,True,True,True,0.25,0.64,80,거절,거절,False,,,,추천 종료
MT00100,2026-07-17,M100,M046,MG18,True,True,True,True,False,True,True,0,0.34,70,수락,수락,True,2026-07-28,강원,True,애프터 성사
MT00101,2026-07-10,M101,M892,MG05,True,True,False,True,True,False,True,0.5,0.57,76,미응답,수락,False,,,,응답 대기 종료
MT00102,2026-07-10,M102,M890,MG10,True,True,True,True,False,True,True,0.25,0.56,74,미응답,,False,,,,응답 대기 종료
MT00103,2026-07-03,M103,M831,MG09,False,False,True,False,False,False,True,0.5,0.91,68,거절,거절,False,,,,추천 종료
MT00104,2026-07-04,M104,M858,MG19,True,True,True,False,True,True,True,0.5,0.57,85,수락,미응답,False,,,,응답 대기 종료
MT00105,2026-07-15,M105,M591,MG06,True,False,False,True,False,False,True,0.25,0.7,59,수락,거절,False,,,,추천 종료
MT00106,2026-07-06,M106,M107,MG10,False,False,True,True,False,True,False,0.5,0.84,68,미응답,미응답,False,,,,응답 대기 종료
MT00107,2026-07-23,M107,M272,MG20,False,False,False,False,False,False,True,0.25,1,63,거절,수락,False,,,,추천 종료
MT00108,2026-07-20,M108,M935,MG07,False,False,True,True,False,True,True,0.5,0.63,76,수락,수락,True,2026-07-25,전남,False,첫 만남 완료
MT00109,2026-07-28,M109,M163,MG07,True,True,False,True,False,False,False,0.25,0.65,62,미응답,거절,False,,,,응답 대기 종료
MT00110,2026-07-20,M110,M002,MG09,True,True,True,True,False,True,False,0.75,1,80,수락,미응답,False,,,,응답 대기 종료
MT00111,2026-07-22,M111,M474,MG07,True,True,True,False,False,False,True,0.25,0.68,64,미응답,수락,False,,,,응답 대기 종료
MT00112,2026-07-03,M112,M415,MG01,False,False,True,True,False,True,True,0.5,1,81,거절,미응답,False,,,,응답 대기 종료
MT00113,2026-07-22,M113,M730,MG15,False,False,True,True,False,False,True,0.75,0.73,71,거절,수락,False,,,,추천 종료
MT00114,2026-07-25,M114,M193,MG13,True,True,False,True,False,False,True,0.5,0.36,77,수락,거절,False,,,,추천 종료
MT00115,2026-07-12,M115,M180,MG01,True,False,False,True,False,False,True,0.25,0.77,59,거절,거절,False,,,,추천 종료
MT00116,2026-07-24,M116,M910,MG11,False,False,True,False,False,True,True,0.5,0.46,66,거절,거절,False,,,,추천 종료
MT00117,2026-07-24,M117,M128,MG11,False,False,True,False,True,True,True,0.25,0.31,68,거절,수락,False,,,,추천 종료
MT00118,2026-07-18,M118,M534,MG08,False,False,True,True,False,True,True,0.5,0.23,67,거절,거절,False,,,,추천 종료
MT00119,2026-07-09,M119,M411,MG19,True,True,True,False,False,True,True,0.25,0.8,69,거절,미응답,False,,,,응답 대기 종료
MT00120,2026-07-13,M120,M379,MG05,False,False,False,True,False,True,True,0.25,0.66,58,거절,거절,False,,,,추천 종료
MT00121,2026-07-13,M121,M368,MG03,True,True,False,True,True,True,True,0.25,0.32,77,미응답,수락,False,,,,응답 대기 종료
MT00122,2026-07-15,M122,M697,MG14,True,False,False,True,False,True,True,0.25,0.59,58,수락,수락,True,2026-07-25,서울,False,첫 만남 완료
MT00123,2026-07-30,M123,M682,MG08,False,False,True,True,False,False,True,0.5,0.61,73,거절,수락,False,,,,추천 종료
MT00124,2026-07-04,M124,M719,MG11,True,True,True,True,False,True,True,0.25,0.59,75,수락,수락,True,2026-07-16,서울,False,첫 만남 완료
MT00125,2026-07-12,M125,M954,MG12,True,True,False,False,False,True,False,0,0.58,52,미응답,미응답,False,,,,응답 대기 종료
MT00126,2026-07-23,M126,M392,MG07,False,True,False,True,False,False,True,0.25,0.64,48,수락,미응답,False,,,,응답 대기 종료
MT00127,2026-07-25,M127,M929,MG02,False,False,True,True,False,False,True,0.5,0.47,67,미응답,미응답,False,,,,응답 대기 종료
MT00128,2026-07-09,M128,M133,MG09,False,False,False,True,False,False,False,0,0.62,61,미응답,미응답,False,,,,응답 대기 종료
MT00129,2026-07-14,M129,M352,MG15,False,False,True,True,False,False,True,0.25,0.17,56,미응답,수락,False,,,,응답 대기 종료
MT00130,2026-07-26,M130,M514,MG03,True,True,False,True,False,True,True,0.5,0.99,81,미응답,미응답,False,,,,응답 대기 종료
MT00131,2026-07-27,M131,M939,MG16,True,False,True,True,True,True,True,0,0.89,79,거절,거절,False,,,,추천 종료
MT00132,2026-07-16,M132,M244,MG17,False,False,True,False,False,False,True,0.5,0.52,63,수락,미응답,False,,,,응답 대기 종료
MT00133,2026-07-28,M133,M608,MG07,False,False,True,True,False,False,False,0,0.62,60,미응답,미응답,False,,,,응답 대기 종료
MT00134,2026-07-26,M134,M596,MG02,False,False,True,False,False,True,True,0.25,0.86,66,거절,미응답,False,,,,응답 대기 종료
MT00135,2026-07-12,M135,M931,MG20,True,True,True,True,False,False,True,0.25,0.55,71,수락,미응답,False,,,,응답 대기 종료
MT00136,2026-07-12,M136,M921,MG02,True,False,True,True,False,False,False,0.5,0.8,65,거절,수락,False,,,,추천 종료
MT00137,2026-07-29,M137,M266,MG02,False,False,True,True,True,True,True,0.5,0.83,82,미응답,거절,False,,,,응답 대기 종료
MT00138,2026-07-19,M138,M424,MG11,False,False,True,True,True,True,False,0.25,0.73,75,미응답,거절,False,,,,응답 대기 종료
MT00139,2026-07-24,M139,M163,MG19,False,True,True,True,True,False,True,0.5,0.94,81,거절,거절,False,,,,추천 종료
MT00140,2026-07-27,M140,M440,MG17,True,True,True,True,False,False,False,0.25,0.72,70,미응답,수락,False,,,,응답 대기 종료
MT00141,2026-07-08,M141,M523,MG12,False,False,False,True,False,True,True,0.25,0.6,68,미응답,거절,False,,,,응답 대기 종료
MT00142,2026-07-23,M142,M671,MG17,True,True,True,True,False,False,False,0.25,0.81,71,거절,거절,False,,,,추천 종료
MT00143,2026-07-12,M143,M862,MG08,False,False,True,True,False,True,True,0.5,0.75,81,미응답,수락,False,,,,응답 대기 종료
MT00144,2026-07-21,M144,M243,MG20,True,True,False,True,True,False,True,0.25,0.37,71,미응답,수락,False,,,,응답 대기 종료
MT00145,2026-07-29,M145,M427,MG05,True,True,True,True,False,False,True,0.25,0.29,70,수락,수락,False,,,,추천 종료
MT00146,2026-07-17,M146,M333,MG11,False,False,True,True,False,False,True,0.5,0.86,57,미응답,거절,False,,,,응답 대기 종료
MT00147,2026-07-02,M147,M635,MG02,False,True,True,True,False,True,True,0.5,0.32,67,수락,미응답,False,,,,응답 대기 종료
MT00148,2026-07-25,M148,M502,MG19,False,False,True,True,False,True,True,0.5,0.52,71,거절,거절,False,,,,추천 종료
MT00149,2026-07-24,M149,M115,MG12,False,False,True,False,False,True,True,0.25,0.24,46,거절,거절,False,,,,추천 종료
MT00150,2026-07-27,M150,M836,MG08,False,False,False,True,False,True,True,0.5,0.63,71,거절,미응답,False,,,,응답 대기 종료
MT00151,2026-07-22,M151,M873,MG10,True,True,True,False,False,True,False,1,0.71,79,수락,거절,False,,,,추천 종료
MT00152,2026-07-27,M152,M402,MG06,True,True,True,False,False,False,True,0.75,0.88,72,수락,미응답,False,,,,응답 대기 종료
MT00153,2026-07-15,M153,M361,MG08,False,False,False,True,True,True,True,0.25,0.57,70,미응답,거절,False,,,,응답 대기 종료
MT00154,2026-07-04,M154,M790,MG13,True,False,True,True,False,True,True,0.5,0.42,80,수락,수락,True,2026-07-14,서울,True,애프터 성사
MT00155,2026-07-24,M155,M932,MG16,True,False,True,True,False,False,True,0.75,0.79,70,거절,거절,False,,,,추천 종료
MT00156,2026-07-23,M156,M956,MG09,False,False,True,True,False,True,True,0.5,0.63,73,수락,수락,True,2026-08-05,인천,False,첫 만남 완료
MT00157,2026-07-10,M157,M482,MG10,False,False,True,True,True,False,False,0.5,0.66,71,거절,수락,False,,,,추천 종료
MT00158,2026-07-21,M158,M777,MG09,True,True,True,False,False,True,True,0.25,0.89,71,미응답,거절,False,,,,응답 대기 종료
MT00159,2026-07-29,M159,M457,MG01,False,False,True,False,False,True,True,0.5,0.67,69,미응답,거절,False,,,,응답 대기 종료
MT00160,2026-07-12,M160,M009,MG20,False,False,True,True,True,False,False,0.5,0.56,65,미응답,수락,False,,,,응답 대기 종료
MT00161,2026-07-04,M161,M017,MG11,True,True,False,True,False,True,True,0.25,0.58,65,거절,미응답,False,,,,응답 대기 종료
MT00162,2026-07-20,M162,M933,MG06,True,True,False,True,False,False,False,0.25,0.91,74,거절,거절,False,,,,추천 종료
MT00163,2026-07-01,M163,M059,MG14,False,False,True,False,False,False,True,0.25,0.91,60,미응답,미응답,False,,,,응답 대기 종료
MT00164,2026-07-16,M164,M684,MG02,False,False,True,True,False,True,True,0.25,0.51,64,거절,미응답,False,,,,응답 대기 종료
MT00165,2026-07-27,M165,M694,MG14,False,False,True,True,True,True,True,0.25,0.74,77,수락,수락,True,2026-08-09,경기,True,애프터 성사
MT00166,2026-07-13,M166,M716,MG13,False,False,False,True,False,False,True,0.5,0.59,71,수락,수락,True,2026-07-19,서울,False,첫 만남 완료
MT00167,2026-07-23,M167,M422,MG15,True,False,True,True,True,False,False,0.25,0.32,67,수락,거절,False,,,,추천 종료
MT00168,2026-07-12,M168,M141,MG12,True,True,True,False,True,False,True,0,0.41,71,수락,수락,True,2026-07-23,광주,True,애프터 성사
MT00169,2026-07-18,M169,M902,MG16,True,False,True,True,False,True,False,0.25,0.68,74,거절,거절,False,,,,추천 종료
MT00170,2026-07-12,M170,M001,MG02,False,True,True,True,True,False,True,0.25,0.72,80,수락,수락,True,2026-07-23,서울,True,애프터 성사
MT00171,2026-07-26,M171,M773,MG02,False,False,True,False,False,True,True,0.25,0.81,70,수락,수락,True,2026-07-30,충남,True,애프터 성사
MT00172,2026-07-01,M172,M542,MG20,True,True,True,True,False,False,True,0.5,0.72,80,미응답,수락,False,,,,응답 대기 종료
MT00173,2026-07-16,M173,M297,MG16,True,True,True,True,False,False,True,0.5,0.51,71,수락,미응답,False,,,,응답 대기 종료
MT00174,2026-07-22,M174,M563,MG19,False,True,True,True,False,True,True,0.5,0.68,74,수락,거절,False,,,,추천 종료
MT00175,2026-07-19,M175,M169,MG02,True,True,True,True,False,True,False,0.25,0.53,75,미응답,거절,False,,,,응답 대기 종료
MT00176,2026-07-28,M176,M627,MG03,False,False,False,True,False,False,True,0.5,0.94,70,거절,수락,False,,,,추천 종료
MT00177,2026-07-17,M177,M831,MG12,False,False,False,False,True,True,True,0.25,0.64,64,수락,거절,False,,,,추천 종료
MT00178,2026-07-11,M178,M991,MG07,False,False,False,True,False,True,True,0.25,0.66,64,수락,수락,True,2026-07-18,서울,True,애프터 성사
MT00179,2026-07-03,M179,M348,MG02,False,False,True,True,False,True,True,1,0.43,78,거절,수락,False,,,,추천 종료
MT00180,2026-07-05,M180,M246,MG13,True,True,True,False,False,False,True,0.25,0.64,61,거절,수락,False,,,,추천 종료
MT00181,2026-07-11,M181,M478,MG07,False,False,True,True,False,True,True,0.25,0.3,68,미응답,거절,False,,,,응답 대기 종료
MT00182,2026-07-15,M182,M755,MG07,False,False,True,True,False,True,True,0.25,0.54,69,수락,미응답,False,,,,응답 대기 종료
MT00183,2026-07-30,M183,M293,MG20,True,True,True,False,True,False,False,0.5,0.63,68,거절,미응답,False,,,,응답 대기 종료
MT00184,2026-07-29,M184,M811,MG10,False,False,False,True,True,False,True,0.25,0.76,64,미응답,거절,False,,,,응답 대기 종료
MT00185,2026-07-18,M185,M169,MG04,False,True,True,True,False,True,False,0.5,0.57,73,수락,거절,False,,,,추천 종료
MT00186,2026-07-07,M186,M166,MG01,True,False,True,True,False,True,True,0,0.55,70,수락,수락,False,,,,추천 종료
MT00187,2026-07-15,M187,M739,MG06,True,True,True,False,False,True,True,0.75,0.56,85,미응답,수락,False,,,,응답 대기 종료
MT00188,2026-07-26,M188,M708,MG03,False,False,True,False,True,True,True,0.5,0.84,71,미응답,수락,False,,,,응답 대기 종료
MT00189,2026-07-26,M189,M073,MG12,False,False,True,True,True,False,True,0.5,0.83,83,수락,수락,False,,,,추천 종료
MT00190,2026-07-08,M190,M917,MG19,False,False,True,True,False,False,True,0.75,0.36,68,미응답,수락,False,,,,응답 대기 종료
MT00191,2026-07-27,M191,M320,MG13,False,False,False,True,False,True,True,0.5,0.89,67,거절,수락,False,,,,추천 종료
MT00192,2026-07-17,M192,M653,MG12,False,False,True,True,False,False,False,0.5,0.49,66,미응답,수락,False,,,,응답 대기 종료
MT00193,2026-07-16,M193,M641,MG01,False,False,True,False,False,True,True,0.5,0.72,75,미응답,거절,False,,,,응답 대기 종료
MT00194,2026-07-07,M194,M112,MG18,False,False,False,True,False,False,True,0.75,0.57,70,수락,미응답,False,,,,응답 대기 종료
MT00195,2026-07-06,M195,M906,MG18,True,True,True,True,True,False,False,0.25,0.44,71,미응답,거절,False,,,,응답 대기 종료
MT00196,2026-07-08,M196,M191,MG18,False,False,True,False,True,True,False,0,0.59,61,미응답,수락,False,,,,응답 대기 종료
MT00197,2026-07-01,M197,M849,MG16,False,False,True,False,False,True,True,0.25,0.29,56,거절,거절,False,,,,추천 종료
MT00198,2026-07-18,M198,M403,MG14,True,False,True,True,False,True,True,0.25,0.75,70,미응답,미응답,False,,,,응답 대기 종료
MT00199,2026-07-27,M199,M573,MG14,True,True,True,False,False,True,True,0.25,0.3,60,수락,거절,False,,,,추천 종료
MT00200,2026-07-08,M200,M111,MG11,False,True,False,True,False,False,False,0.5,0.68,69,거절,거절,False,,,,추천 종료
MT00201,2026-07-12,M201,M781,MG11,False,True,True,True,False,True,False,0.25,0.48,54,거절,수락,False,,,,추천 종료
MT00202,2026-07-07,M202,M658,MG04,True,True,True,True,False,True,True,0.25,0.48,75,수락,거절,False,,,,추천 종료
MT00203,2026-07-09,M203,M226,MG20,False,False,True,False,False,False,True,0.25,0.4,64,미응답,미응답,False,,,,응답 대기 종료
MT00204,2026-07-02,M204,M933,MG11,False,False,True,True,False,False,False,0.25,0.89,62,수락,미응답,False,,,,응답 대기 종료
MT00205,2026-07-08,M205,M908,MG20,False,False,True,True,False,True,True,0.75,0.57,72,수락,미응답,False,,,,응답 대기 종료
MT00206,2026-07-16,M206,M361,MG09,False,False,True,True,False,True,True,0.25,0.48,69,거절,수락,False,,,,추천 종료
MT00207,2026-07-04,M207,M245,MG10,True,True,True,False,False,False,True,0.5,0.74,71,수락,미응답,False,,,,응답 대기 종료
MT00208,2026-07-15,M208,M089,MG06,False,False,True,True,False,True,False,0,0.55,59,수락,거절,False,,,,추천 종료
MT00209,2026-07-25,M209,M411,MG06,False,True,True,True,False,True,True,0.5,0.54,78,수락,수락,True,2026-08-08,서울,False,첫 만남 완료
MT00210,2026-07-29,M210,M022,MG10,True,True,True,True,False,False,True,0.25,0.53,77,거절,미응답,False,,,,응답 대기 종료
MT00211,2026-07-04,M211,M735,MG16,False,False,False,True,False,False,True,0.5,0.85,73,미응답,미응답,False,,,,응답 대기 종료
MT00212,2026-07-28,M212,M613,MG15,True,True,True,False,True,False,True,0.25,0.58,65,수락,거절,False,,,,추천 종료
MT00213,2026-07-30,M213,M525,MG15,False,False,False,True,False,True,False,0.25,0.92,67,미응답,거절,False,,,,응답 대기 종료
MT00214,2026-07-28,M214,M113,MG20,True,True,True,False,False,False,True,0.25,0.47,70,수락,거절,False,,,,추천 종료
MT00215,2026-07-08,M215,M060,MG15,True,True,False,True,True,True,True,0.5,0.45,81,미응답,수락,False,,,,응답 대기 종료
MT00216,2026-07-05,M216,M301,MG05,False,False,True,False,False,False,True,0.5,0.77,65,미응답,미응답,False,,,,응답 대기 종료
MT00217,2026-07-27,M217,M947,MG11,False,False,False,True,False,True,False,0.5,0.57,60,거절,미응답,False,,,,응답 대기 종료
MT00218,2026-07-20,M218,M423,MG13,False,False,True,True,False,True,True,0.25,0.55,74,미응답,미응답,False,,,,응답 대기 종료
MT00219,2026-07-18,M219,M902,MG14,False,False,False,True,True,False,False,0.25,0.57,65,미응답,거절,False,,,,응답 대기 종료
MT00220,2026-07-14,M220,M376,MG09,True,True,True,True,False,False,True,0.5,0.54,68,미응답,수락,False,,,,응답 대기 종료
MT00221,2026-07-18,M221,M287,MG12,False,False,False,True,False,True,True,0.25,0.59,67,거절,미응답,False,,,,응답 대기 종료
MT00222,2026-07-09,M222,M265,MG19,True,True,False,True,False,False,True,0.5,0.52,75,미응답,거절,False,,,,응답 대기 종료
MT00223,2026-07-25,M223,M279,MG12,True,True,True,True,False,False,False,0.25,0.81,74,거절,미응답,False,2026-07-00,,,응답 대기 종료
MT00224,2026-07-28,M224,M676,MG06,True,False,True,True,False,False,True,0.5,0.48,78,거절,수락,False,,,,추천 종료
MT00225,2026-07-03,M225,M352,MG11,False,False,True,True,False,False,True,0.25,0.74,63,거절,거절,False,,,,추천 종료
MT00226,2026-07-28,M226,M624,MG07,False,False,False,True,False,True,True,0.5,0.63,75,거절,수락,False,,,,추천 종료
MT00227,2026-07-26,M227,M433,MG06,False,False,True,False,False,False,False,0.25,0.69,56,미응답,미응답,False,,,,응답 대기 종료
MT00228,2026-07-21,M228,M703,MG06,True,True,True,True,False,True,True,0.5,0.7,86,수락,거절,False,,,,추천 종료
MT00229,2026-07-17,M229,M015,MG07,False,False,True,True,True,True,True,0.5,0.64,83,거절,거절,False,,,,추천 종료
MT00230,2026-07-21,M230,M847,MG18,True,True,True,False,True,True,True,0.25,0.47,72,거절,거절,False,,,,추천 종료
MT00231,2026-07-09,M231,M220,MG18,True,True,True,True,False,False,True,0.25,0.4,74,거절,수락,False,,,,추천 종료
MT00232,2026-07-20,M232,M966,MG15,True,True,False,True,True,False,True,0.5,0.67,73,미응답,거절,False,,,,응답 대기 종료
MT00233,2026-07-03,M233,M470,MG02,False,True,False,True,False,True,True,0.5,0.56,70,미응답,수락,False,,,,응답 대기 종료
MT00234,2026-07-09,M234,M527,MG05,True,True,True,True,False,True,True,0.75,0.81,75,미응답,수락,False,,,,응답 대기 종료
MT00235,2026-07-11,M235,M532,MG15,False,False,True,True,True,False,True,0.25,0.51,76,거절,거절,False,,,,추천 종료
MT00236,2026-07-25,M236,M821,MG12,True,True,True,True,True,False,True,0.25,0.63,83,수락,수락,True,2026-08-06,서울,False,첫 만남 완료
MT00237,2026-07-08,M237,M729,MG19,True,True,True,False,True,True,True,0.25,1,75,미응답,거절,False,,,,응답 대기 종료
MT00238,2026-07-05,M238,M953,MG10,False,False,True,True,False,True,True,0.25,0.73,66,수락,미응답,False,,,,응답 대기 종료
MT00239,2026-07-30,M239,M980,MG08,True,True,True,False,False,True,True,0.75,0.28,71,미응답,거절,False,,,,응답 대기 종료
MT00240,2026-07-21,M240,M246,MG12,False,False,True,False,False,True,True,0.5,0.62,67,미응답,거절,False,,,,응답 대기 종료
MT00241,2026-07-01,M241,M086,MG15,True,True,False,True,False,False,True,0.5,0.53,58,거절,미응답,False,,,,응답 대기 종료
MT00242,2026-07-27,M242,M095,MG16,True,True,True,False,False,True,True,0,0.86,76,미응답,수락,False,,,,응답 대기 종료
MT00243,2026-07-14,M243,M677,MG01,True,True,True,False,True,True,True,0.5,0.43,77,수락,수락,True,2026-07-24,서울,False,첫 만남 완료
MT00244,2026-07-01,M244,M223,MG02,False,False,False,True,False,True,True,0.5,0.45,68,거절,수락,False,,,,추천 종료
MT00245,2026-07-16,M245,M747,MG07,True,True,False,True,False,True,True,0.5,0.49,63,거절,거절,False,,,,추천 종료
MT00246,2026-07-20,M246,M040,MG10,True,True,False,False,False,True,True,0.5,0.8,63,수락,미응답,False,,,,응답 대기 종료
MT00247,2026-07-06,M247,M687,MG03,True,True,False,True,False,True,False,0.25,0.97,61,거절,거절,False,,,,추천 종료
MT00248,2026-07-17,M248,M264,MG18,False,False,True,False,True,True,True,1,0.66,79,수락,미응답,False,,,,응답 대기 종료
MT00249,2026-07-22,M249,M792,MG09,False,False,True,True,False,True,True,0.5,0.52,72,미응답,거절,False,,,,응답 대기 종료
MT00250,2026-07-10,M250,M112,MG17,False,False,True,True,False,True,True,0.25,0.73,68,미응답,미응답,False,,,,응답 대기 종료
MT00251,2026-07-13,M251,M456,MG01,True,True,True,False,False,True,False,0.25,0.76,68,거절,거절,False,,,,추천 종료
MT00252,2026-07-13,M252,M883,MG12,False,False,True,False,True,True,False,0.5,0.34,68,거절,수락,False,,,,추천 종료
MT00253,2026-07-12,M253,M293,MG20,True,True,True,False,True,True,True,0.25,0.39,73,수락,수락,True,2026-07-15,경기,True,애프터 성사
MT00254,2026-07-17,M254,M682,MG03,False,False,True,False,False,False,False,0.25,0.92,60,미응답,거절,False,,,,응답 대기 종료
MT00255,2026-07-14,M255,M305,MG17,False,False,True,True,False,False,True,0.5,0.65,59,거절,거절,False,,,,추천 종료
MT00256,2026-07-25,M256,M653,MG06,True,True,True,True,False,True,False,0.25,0.78,64,미응답,수락,False,,,,응답 대기 종료
MT00257,2026-07-25,M257,M786,MG07,False,True,True,False,False,True,True,0.5,0.7,66,수락,거절,False,,,,추천 종료
MT00258,2026-07-13,M258,M374,MG20,False,False,False,True,True,False,True,0.5,0.59,66,거절,거절,False,,,,추천 종료
MT00259,2026-07-11,M259,M918,MG11,True,True,True,True,False,True,False,0.25,0.45,59,미응답,미응답,False,,,,응답 대기 종료
MT00260,2026-07-02,M260,M577,MG05,False,True,True,True,False,False,True,0.25,0.57,69,수락,미응답,False,,,,응답 대기 종료
MT00261,2026-07-21,M261,M307,MG01,False,False,True,True,False,True,True,0.5,0.6,80,수락,미응답,False,,,,응답 대기 종료
MT00262,2026-07-01,M262,M031,MG20,False,False,True,True,False,False,True,0.25,0.79,63,거절,거절,False,,,,추천 종료
MT00263,2026-07-19,M263,M614,MG16,True,True,True,True,False,True,True,0.25,0.52,80,미응답,미응답,False,,,,응답 대기 종료
MT00264,2026-07-30,M264,M213,MG09,False,False,True,False,True,True,False,0.25,0.32,63,수락,미응답,False,,,,응답 대기 종료
MT00265,2026-07-19,M265,M142,MG05,False,False,True,False,True,True,False,0,0.66,67,수락,거절,False,,,,추천 종료
MT00266,2026-07-11,M266,M287,MG12,True,True,False,True,False,True,True,0.25,0.49,72,거절,수락,False,,,,추천 종료
MT00267,2026-07-29,M267,M550,MG08,True,True,True,False,False,True,False,0.5,0.39,67,거절,미응답,False,,,,응답 대기 종료
MT00268,2026-07-26,M268,M853,MG19,True,False,False,True,False,True,False,0.5,0.52,62,거절,거절,False,,,,추천 종료
MT00269,2026-07-30,M269,M627,MG19,False,True,True,True,True,True,True,0.5,0.36,81,수락,미응답,False,,,,응답 대기 종료
MT00270,2026-07-25,M270,M055,MG06,False,False,True,True,False,False,True,0.5,0.71,67,거절,미응답,False,,,,응답 대기 종료
MT00271,2026-07-08,M271,M644,MG02,True,True,False,True,False,False,True,0.5,0.72,56,거절,수락,False,,,,추천 종료
MT00272,2026-07-26,M272,M739,MG07,False,False,True,False,False,True,True,0.5,0.71,78,거절,거절,False,,,,추천 종료
MT00273,2026-07-02,M273,M250,MG20,True,True,True,True,True,True,True,0.75,0.7,86,수락,거절,False,,,,추천 종료
MT00274,2026-07-10,M274,M879,MG05,False,False,True,True,False,False,True,0,0.7,58,수락,거절,False,,,,추천 종료
MT00275,2026-07-06,M275,M840,MG10,True,True,True,True,False,True,True,0.5,0.45,78,수락,거절,False,,,,추천 종료
MT00276,2026-07-19,M276,M184,MG09,True,True,False,True,True,False,True,0.25,0.59,75,거절,미응답,False,,,,응답 대기 종료
MT00277,2026-07-03,M277,M074,MG02,True,False,True,True,False,True,False,0,0.41,61,미응답,거절,False,,,,응답 대기 종료
MT00278,2026-07-16,M278,M838,MG04,False,False,True,False,True,True,True,0.5,0.88,70,수락,수락,True,2026-07-25,서울,False,첫 만남 완료
MT00279,2026-07-25,M279,M281,MG16,True,False,False,True,True,False,True,1,0.77,90,미응답,수락,False,,,,응답 대기 종료
MT00280,2026-07-12,M280,M918,MG10,True,True,False,True,True,False,False,0.25,0.77,67,거절,미응답,False,,,,응답 대기 종료
MT00281,2026-07-09,M281,M011,MG01,True,True,True,False,True,False,False,0.25,0.33,67,거절,미응답,False,,,,응답 대기 종료
MT00282,2026-07-14,M282,M675,MG14,False,False,True,False,False,False,True,0.75,0.52,67,거절,수락,False,,,,추천 종료
MT00283,2026-07-23,M283,M602,MG17,False,False,True,False,False,True,False,0.75,0.39,65,수락,거절,False,,,,추천 종료
MT00284,2026-07-27,M284,M421,MG15,True,True,True,True,True,False,False,0.25,0.66,75,수락,미응답,False,,,,응답 대기 종료
MT00285,2026-07-08,M285,M989,MG13,True,True,True,True,False,True,True,0.25,0.9,77,수락,수락,True,2026-07-19,충남,True,애프터 성사
MT00286,2026-07-09,M286,M581,MG09,True,True,True,True,False,False,True,0.25,0.58,74,거절,수락,False,,,,추천 종료
MT00287,2026-07-12,M287,M865,MG18,True,True,True,False,False,True,False,0.25,0.56,59,수락,거절,False,,,,추천 종료
MT00288,2026-07-20,M288,M214,MG18,True,False,False,True,False,True,False,0.25,0.71,57,거절,거절,False,,,,추천 종료
MT00289,2026-07-30,M289,M233,MG09,True,True,True,True,False,False,True,0.25,0.34,66,미응답,미응답,False,,,,응답 대기 종료
MT00290,2026-07-04,M290,M357,MG16,True,True,True,False,True,True,True,0.5,0.34,79,수락,미응답,False,,,,응답 대기 종료
MT00291,2026-07-02,M291,M692,MG07,False,False,True,False,False,False,True,0.75,0.24,69,수락,거절,False,,,,추천 종료
MT00292,2026-07-26,M292,M644,MG19,False,False,True,True,False,True,True,0.25,0.44,61,거절,미응답,False,,,,응답 대기 종료
MT00293,2026-07-09,M293,M427,MG07,True,True,True,True,False,False,True,0.25,0.78,77,거절,수락,False,,,,추천 종료
MT00294,2026-07-12,M294,M841,MG15,True,True,True,True,False,False,True,0.5,0.72,78,거절,수락,False,,,,추천 종료
MT00295,2026-07-30,M295,M160,MG13,True,True,False,True,False,False,True,0.5,0.55,72,수락,수락,True,2026-08-02,대구,True,애프터 성사
MT00296,2026-07-19,M296,M781,MG16,True,True,True,False,False,False,True,0,0.43,64,거절,수락,False,,,,추천 종료
MT00297,2026-07-05,M297,M029,MG08,True,True,True,True,False,True,True,0.25,0.66,68,미응답,거절,False,,,,응답 대기 종료
MT00298,2026-07-30,M298,M624,MG16,True,True,False,True,False,True,True,0.75,0.51,82,미응답,수락,False,,,,응답 대기 종료
MT00299,2026-07-12,M299,M910,MG09,False,True,False,True,False,False,True,0.5,0.47,71,미응답,미응답,False,,,,응답 대기 종료
MT00300,2026-07-02,M300,M216,MG10,True,True,False,True,False,False,True,0.5,0.55,69,수락,거절,False,,,,추천 종료
MT00301,2026-07-28,M301,M919,MG03,False,False,False,True,True,False,True,0.5,0.79,66,거절,미응답,False,,,,응답 대기 종료
MT00302,2026-07-02,M302,M287,MG11,True,True,False,True,False,False,True,0.25,0.48,64,미응답,수락,False,,,,응답 대기 종료
MT00303,2026-07-11,M303,M996,MG01,True,True,True,True,True,False,True,0.5,0.52,73,거절,미응답,False,,,,응답 대기 종료
MT00304,2026-07-18,M304,M611,MG07,False,False,True,True,False,False,False,0,0.63,62,미응답,미응답,False,,,,응답 대기 종료
MT00305,2026-07-24,M305,M551,MG19,True,True,True,True,False,True,True,0.5,0.58,80,수락,수락,True,2026-07-29,서울,False,첫 만남 완료
MT00306,2026-07-18,M306,M170,MG19,True,True,True,True,False,False,True,0.5,0.78,83,미응답,수락,False,,,,응답 대기 종료
MT00307,2026-07-10,M307,M030,MG06,False,True,True,True,False,False,True,0.5,0.83,69,미응답,수락,False,,,,응답 대기 종료
MT00308,2026-07-29,M308,M202,MG20,True,False,True,True,False,True,True,0.75,0.65,77,거절,거절,False,,,,추천 종료
MT00309,2026-07-17,M309,M090,MG02,True,False,False,True,False,True,True,0.75,0.55,72,거절,거절,False,,,,추천 종료
MT00310,2026-07-25,M310,M902,MG08,False,True,True,False,True,False,False,0.5,0.65,69,수락,미응답,False,,,,응답 대기 종료
MT00311,2026-07-18,M311,M402,MG05,False,False,True,False,True,True,True,0.5,0.59,69,미응답,미응답,False,,,,응답 대기 종료
MT00312,2026-07-05,M312,M583,MG19,False,False,True,True,True,False,True,0.25,0.75,78,미응답,거절,False,,,,응답 대기 종료
MT00313,2026-07-05,M313,M760,MG07,True,True,True,True,False,False,True,0.75,0.43,76,미응답,거절,False,,,,응답 대기 종료
MT00314,2026-07-02,M314,M714,MG16,True,True,True,False,False,True,True,0.5,0.73,72,수락,거절,False,,,,추천 종료
MT00315,2026-07-02,M315,M328,MG11,True,True,True,True,False,True,False,0.25,0.55,72,거절,미응답,False,,,,응답 대기 종료
MT00316,2026-07-24,M316,M810,MG04,True,True,True,True,True,True,True,0.5,0.29,81,수락,미응답,False,,,,응답 대기 종료
MT00317,2026-07-07,M317,M100,MG11,True,True,True,False,False,True,True,0.5,0.61,78,수락,수락,True,2026-07-09,서울,True,애프터 성사
MT00318,2026-07-10,M318,M040,MG11,True,True,True,False,False,True,False,0.5,0.85,75,수락,미응답,False,,,,응답 대기 종료
MT00319,2026-07-26,M319,M809,MG01,True,True,False,True,False,False,True,0.25,0.86,67,거절,수락,False,,,,추천 종료
MT00320,2026-07-27,M320,M101,MG13,False,False,True,True,False,True,True,0.5,0.62,69,수락,수락,True,2026-08-10,경기,False,첫 만남 완료
MT00321,2026-07-16,M321,M277,MG19,False,False,False,True,False,False,True,0.25,0.78,54,거절,미응답,False,,,,응답 대기 종료
MT00322,2026-07-25,M322,M449,MG09,True,False,False,True,False,True,True,0.25,1,73,미응답,미응답,False,,,,응답 대기 종료
MT00323,2026-07-16,M323,M859,MG15,False,False,False,True,False,True,True,0.75,0.41,71,수락,거절,False,,,,추천 종료
MT00324,2026-07-24,M324,M802,MG17,False,False,True,False,False,False,True,0.25,0.72,60,미응답,거절,False,,,,응답 대기 종료
MT00325,2026-07-18,M325,M114,MG01,True,True,True,True,False,False,False,0,0.74,63,수락,거절,False,,,,추천 종료
MT00326,2026-07-29,M326,M030,MG20,True,True,True,True,False,True,True,0.25,0.47,57,거절,미응답,False,,,,응답 대기 종료
MT00327,2026-07-21,M327,M152,MG09,True,False,True,False,False,False,True,0.5,0.6,69,거절,미응답,False,,,,응답 대기 종료
MT00328,2026-07-22,M328,M190,MG12,True,False,True,True,False,True,False,0.25,0.66,68,미응답,미응답,False,,,,응답 대기 종료
MT00329,2026-07-22,M329,M168,MG18,False,True,True,False,False,True,True,0.5,0.49,74,수락,거절,False,,,,추천 종료
MT00330,2026-07-24,M330,M801,MG16,True,True,True,False,False,False,True,0.25,0.61,66,수락,미응답,False,,,,응답 대기 종료
MT00331,2026-07-02,M331,M929,MG06,False,False,True,True,False,False,True,0.25,0.92,74,수락,거절,False,,,,추천 종료
MT00332,2026-07-29,M332,M673,MG20,False,False,True,True,False,True,True,0.5,0.58,75,미응답,미응답,False,,,,응답 대기 종료
MT00333,2026-07-29,M333,M208,MG20,False,False,True,True,False,False,True,0.5,0.65,51,미응답,미응답,False,,,,응답 대기 종료
MT00334,2026-07-20,M334,M574,MG14,False,True,True,True,False,True,True,0.75,0.66,74,미응답,거절,False,,,,응답 대기 종료
MT00335,2026-07-30,M335,M298,MG20,True,True,True,False,False,False,True,0.5,0.59,73,수락,수락,True,2026-08-06,서울,False,첫 만남 완료
MT00336,2026-07-02,M336,M180,MG13,False,False,True,True,False,False,True,0.75,0.56,71,미응답,거절,False,,,,응답 대기 종료
MT00337,2026-07-13,M337,M990,MG14,True,False,False,True,False,True,False,0.25,0.4,53,거절,거절,False,,,,추천 종료
MT00338,2026-07-30,M338,M097,MG09,False,False,True,True,False,False,True,0.25,0.55,66,거절,거절,False,,,,추천 종료
MT00339,2026-07-25,M339,M706,MG05,False,False,False,True,False,False,True,0.5,0.6,62,미응답,거절,False,,,,응답 대기 종료
MT00340,2026-07-22,M340,M808,MG17,False,False,True,False,False,True,True,0.25,0.63,67,거절,미응답,False,,,,응답 대기 종료
MT00341,2026-07-18,M341,M811,MG18,True,False,True,True,True,False,True,0.5,0.64,75,미응답,수락,False,,,,응답 대기 종료
MT00342,2026-07-14,M342,M538,MG19,True,True,False,True,False,False,True,0.75,0.61,76,거절,수락,False,,,,추천 종료
MT00343,2026-07-04,M343,M615,MG06,True,True,True,True,False,True,False,0.5,0.73,71,거절,미응답,False,,,,응답 대기 종료
MT00344,2026-07-09,M344,M779,MG04,True,True,True,False,False,True,True,0.25,0.58,73,수락,수락,True,2026-07-13,서울,True,애프터 성사
MT00345,2026-07-03,M345,M384,MG19,False,False,True,True,False,True,True,0.5,0.67,74,미응답,미응답,False,,,,응답 대기 종료
MT00346,2026-07-04,M346,M495,MG20,False,False,False,True,False,False,True,0.5,0.46,73,거절,미응답,False,,,,응답 대기 종료
MT00347,2026-07-13,M347,M649,MG16,False,False,False,True,False,False,False,0.25,0.48,58,수락,수락,True,2026-07-15,경기,False,첫 만남 완료
MT00348,2026-07-06,M348,M660,MG19,True,True,True,True,False,True,True,0.25,0.54,69,거절,거절,False,,,,추천 종료
MT00349,2026-07-30,M349,M375,MG18,True,True,True,False,False,True,True,0.25,0.55,73,수락,미응답,False,,,,응답 대기 종료
MT00350,2026-07-25,M350,M944,MG05,True,True,True,False,True,False,True,0.5,0.54,70,미응답,거절,False,,,,응답 대기 종료
MT00351,2026-07-05,M351,M274,MG04,True,True,True,True,True,False,False,0.25,0.83,79,거절,미응답,False,,,,응답 대기 종료
MT00352,2026-07-03,M352,M332,MG09,True,False,True,True,False,False,True,0.5,0.54,73,수락,미응답,False,,,,응답 대기 종료
MT00353,2026-07-22,M353,M125,MG20,True,True,True,False,False,False,False,0.5,0.83,57,미응답,수락,False,,,,응답 대기 종료
MT00354,2026-07-01,M354,M425,MG11,False,False,True,False,False,True,True,0.5,0.69,71,수락,미응답,False,,,,응답 대기 종료
MT00355,2026-07-27,M355,M301,MG19,False,False,True,False,True,False,True,0.5,0.6,70,수락,미응답,False,,,,응답 대기 종료
MT00356,2026-07-12,M356,M799,MG17,True,True,True,True,False,False,True,0.75,0.92,79,거절,수락,False,,,,추천 종료
MT00357,2026-07-03,M357,M765,MG17,False,False,False,True,False,True,True,0.25,0.58,62,거절,거절,False,,,,추천 종료
MT00358,2026-07-29,M358,M073,MG04,True,True,True,False,True,True,True,0.5,0.64,80,미응답,거절,False,,,,응답 대기 종료
MT00359,2026-07-26,M359,M446,MG20,True,True,True,True,True,True,False,0.25,0.63,81,수락,거절,False,,,,추천 종료
MT00360,2026-07-14,M360,M515,MG12,False,False,True,False,False,True,False,0.25,0.68,57,수락,거절,False,,,,추천 종료
MT00361,2026-07-27,M361,M833,MG14,False,False,True,False,False,True,True,0.25,0.55,66,수락,거절,False,,,,추천 종료
MT00362,2026-07-24,M362,M493,MG17,True,True,True,True,False,False,True,0.25,0.81,70,미응답,수락,False,,,,응답 대기 종료
MT00363,2026-07-15,M363,M796,MG08,False,True,False,True,False,True,True,0.5,0.55,73,수락,수락,True,2026-07-28,부산,False,첫 만남 완료
MT00364,2026-07-19,M364,M989,MG17,False,False,True,True,False,True,False,0.5,0.59,61,거절,거절,False,,,,추천 종료
MT00365,2026-07-21,M365,M164,MG11,False,False,False,True,False,False,True,0.5,0.64,61,거절,거절,False,,,,추천 종료
MT00366,2026-07-02,M366,M628,MG09,False,True,True,True,False,True,True,0.25,0.46,73,수락,미응답,False,,,,응답 대기 종료
MT00367,2026-07-27,M367,M142,MG06,False,True,True,True,True,False,False,0.25,0.71,73,미응답,미응답,False,,,,응답 대기 종료
MT00368,2026-07-24,M368,M773,MG14,True,False,True,False,True,True,True,0.5,0.87,81,수락,수락,True,2026-07-30,경기,True,애프터 성사
MT00369,2026-07-25,M369,M899,MG13,False,False,True,False,False,False,False,0.5,0.38,55,거절,거절,False,,,,추천 종료
MT00370,2026-07-10,M370,M667,MG02,False,False,True,False,False,False,True,0.25,0.43,54,수락,거절,False,,,,추천 종료
MT00371,2026-07-01,M371,M298,MG02,True,True,True,True,False,False,True,0.25,0.8,76,수락,수락,True,2026-07-07,충남,True,애프터 성사
MT00372,2026-07-15,M372,M123,MG06,False,True,True,False,False,True,True,0.5,0.75,69,미응답,수락,False,,,,응답 대기 종료
MT00373,2026-07-30,M373,M228,MG11,False,False,False,True,False,True,True,0.5,0.61,64,거절,미응답,False,,,,응답 대기 종료
MT00374,2026-07-23,M374,M776,MG14,False,False,False,True,False,False,True,0.75,0.77,70,미응답,거절,False,,,,응답 대기 종료
MT00375,2026-07-08,M375,M254,MG13,True,True,True,True,False,False,False,0.25,0.62,59,거절,거절,False,,,,추천 종료
MT00376,2026-07-08,M376,M317,MG19,True,True,True,True,True,False,False,0,0.48,64,거절,수락,False,,,,추천 종료
MT00377,2026-07-03,M377,M052,MG18,False,False,True,True,False,False,True,0.25,0.55,63,거절,수락,False,,,,추천 종료
MT00378,2026-07-18,M378,M382,MG01,True,True,False,True,False,True,True,0.25,0.76,70,미응답,거절,False,,,,응답 대기 종료
MT00379,2026-07-15,M379,M694,MG18,False,False,True,True,True,True,True,0.5,0.35,70,거절,수락,False,,,,추천 종료
MT00380,2026-07-16,M380,M069,MG18,True,True,True,True,False,False,True,0.75,0.37,74,거절,수락,False,,,,추천 종료
MT00381,2026-07-22,M381,M674,MG11,True,True,True,True,True,True,True,0.25,0.38,81,미응답,수락,False,,,,응답 대기 종료
MT00382,2026-07-06,M382,M077,MG18,True,True,True,False,False,True,True,0.5,0.73,66,미응답,미응답,False,,,,응답 대기 종료
MT00383,2026-07-06,M383,M350,MG13,True,False,False,True,True,False,True,0.25,0.67,68,미응답,거절,False,,,,응답 대기 종료
MT00384,2026-07-30,M384,M149,MG04,True,False,False,True,False,True,True,0.5,0.42,60,미응답,거절,False,,,,응답 대기 종료
MT00385,2026-07-27,M385,M941,MG16,True,True,True,False,False,True,False,0,0.42,65,미응답,미응답,False,,,,응답 대기 종료
MT00386,2026-07-11,M386,M490,MG09,True,True,True,True,False,True,True,0.5,0.59,84,수락,수락,True,2026-07-16,서울,True,애프터 성사
MT00387,2026-07-12,M387,M263,MG18,True,True,True,True,True,False,True,0.25,0.53,77,미응답,미응답,False,,,,응답 대기 종료
MT00388,2026-07-06,M388,M208,MG01,True,True,True,True,False,True,False,0.25,0.54,72,수락,수락,True,2026-07-10,서울,True,애프터 성사
MT00389,2026-07-13,M389,M194,MG09,True,True,True,False,True,True,True,0.5,0.97,83,수락,수락,True,2026-07-27,서울,False,첫 만남 완료
MT00390,2026-07-02,M390,M451,MG20,False,False,True,True,False,True,True,0.5,0.44,74,수락,수락,True,2026-07-11,서울,True,애프터 성사
MT00391,2026-07-16,M391,M720,MG02,False,False,False,True,False,False,True,0.75,0.36,64,미응답,거절,False,,,,응답 대기 종료
MT00392,2026-07-16,M392,M546,MG08,True,True,True,False,False,False,True,0.75,0.69,76,수락,수락,True,2026-07-27,경남,True,애프터 성사
MT00393,2026-07-04,M393,M006,MG12,False,False,True,False,True,False,True,0.25,0.86,72,거절,미응답,False,,,,응답 대기 종료
MT00394,2026-07-23,M394,M496,MG17,False,False,False,True,False,True,False,0.75,0.49,60,수락,미응답,False,,,,응답 대기 종료
MT00395,2026-07-19,M395,M312,MG13,False,False,True,True,False,False,True,0.5,0.71,67,미응답,미응답,False,,,,응답 대기 종료
MT00396,2026-07-28,M396,M028,MG02,True,True,True,True,False,False,False,0.25,0.8,69,미응답,미응답,False,,,,응답 대기 종료
MT00397,2026-07-26,M397,M970,MG06,True,True,True,True,False,True,True,0.75,0.61,83,수락,수락,True,2026-07-29,서울,True,애프터 성사
MT00398,2026-07-28,M398,M052,MG13,False,False,True,True,False,False,False,0,0.68,64,거절,수락,False,,,,추천 종료
MT00399,2026-07-08,M399,M475,MG16,False,False,True,True,False,False,False,0.25,0.84,67,미응답,수락,False,,,,응답 대기 종료
MT00400,2026-07-29,M400,M282,MG04,False,False,True,True,False,True,False,0.5,0.52,64,수락,거절,False,,,,추천 종료
MT00401,2026-07-03,M401,M944,MG18,False,False,True,False,False,False,True,0.25,0.18,58,미응답,거절,False,,,,응답 대기 종료
MT00402,2026-07-22,M402,M969,MG19,True,True,False,True,False,True,True,0.75,0.48,76,거절,거절,False,,,,추천 종료
MT00403,2026-07-21,M403,M050,MG20,True,False,True,False,False,True,True,1,0.98,81,수락,수락,True,2026-07-24,부산,True,애프터 성사
MT00404,2026-07-22,M404,M277,MG20,True,True,False,True,True,True,True,0.25,0.15,67,거절,미응답,False,,,,응답 대기 종료
MT00405,2026-07-22,M405,M740,MG01,False,True,True,True,True,False,False,0,0.6,69,미응답,수락,False,,,,응답 대기 종료
MT00406,2026-07-30,M406,M792,MG07,False,False,True,True,False,True,True,0.25,0.57,71,수락,미응답,False,,,,응답 대기 종료
MT00407,2026-07-26,M407,M018,MG18,False,False,True,True,True,False,True,0.75,0.64,82,미응답,거절,False,,,,응답 대기 종료
MT00408,2026-07-10,M408,M557,MG16,False,False,True,True,False,False,True,0.25,0.43,52,거절,수락,False,,,,추천 종료
MT00409,2026-07-14,M409,M120,MG05,False,False,True,True,True,True,True,0,0.55,71,수락,미응답,False,,,,응답 대기 종료
MT00410,2026-07-04,M410,M455,MG15,True,True,True,False,False,True,False,0.25,0.52,63,수락,수락,True,2026-07-10,서울,True,애프터 성사
MT00411,2026-07-19,M411,M486,MG05,False,True,True,True,False,False,True,0.5,0.59,71,수락,미응답,False,,,,응답 대기 종료
MT00412,2026-07-25,M412,M015,MG19,False,False,False,True,False,False,True,0.5,0.68,65,거절,거절,False,,,,추천 종료
MT00413,2026-07-02,M413,M437,MG18,False,False,True,True,False,True,True,0.5,0.66,76,수락,수락,True,2026-07-13,경기,False,첫 만남 완료
MT00414,2026-07-09,M414,M294,MG09,True,True,True,False,True,True,True,0.5,0.52,81,거절,거절,False,,,,추천 종료
MT00415,2026-07-18,M415,M301,MG15,False,False,True,True,False,False,True,0.5,0.48,68,수락,미응답,False,,,,응답 대기 종료
MT00416,2026-07-24,M416,M497,MG03,True,False,True,True,False,False,True,0.5,0.73,72,미응답,거절,False,,,,응답 대기 종료
MT00417,2026-07-11,M417,M737,MG02,True,False,True,False,False,False,True,0.25,0.81,61,수락,거절,False,,,,추천 종료
MT00418,2026-07-05,M418,M207,MG06,True,True,True,True,False,False,True,0.75,0.5,74,미응답,미응답,False,,,,응답 대기 종료
MT00419,2026-07-03,M419,M124,MG11,False,True,True,True,True,False,True,0.75,0.89,88,거절,수락,False,,,,추천 종료
MT00420,2026-07-11,M420,M794,MG12,False,False,True,True,False,False,True,0.75,0.58,66,수락,거절,False,,,,추천 종료
MT00421,2026-07-26,M421,M572,MG11,False,False,True,True,True,True,True,0.5,0.59,78,거절,수락,False,,,,추천 종료
MT00422,2026-07-05,M422,M302,MG06,True,True,True,True,False,False,True,0.25,0.39,71,수락,수락,True,2026-07-17,경기,False,첫 만남 완료
MT00423,2026-07-20,M423,M926,MG01,False,False,True,True,False,False,True,0.5,0.75,69,미응답,미응답,False,,,,응답 대기 종료
MT00424,2026-07-06,M424,M481,MG03,True,True,True,True,True,True,True,0.5,0.67,88,미응답,수락,False,,,,응답 대기 종료
MT00425,2026-07-06,M425,M537,MG10,False,False,True,True,False,True,True,0.25,0.63,64,미응답,거절,False,,,,응답 대기 종료
MT00426,2026-07-08,M426,M354,MG12,True,True,False,True,False,True,True,0.25,0.51,76,수락,수락,True,2026-07-18,서울,True,애프터 성사
MT00427,2026-07-07,M427,M375,MG08,False,False,True,True,False,False,True,0.5,0.58,71,수락,수락,False,,,,추천 종료
MT00428,2026-07-16,M428,M345,MG15,True,True,True,True,True,True,True,0.5,0.68,90,미응답,미응답,False,,,,응답 대기 종료
MT00429,2026-07-08,M429,M469,MG05,False,False,True,True,False,True,True,0.25,0.67,64,미응답,거절,False,,,,응답 대기 종료
MT00430,2026-07-22,M430,M736,MG13,False,False,True,True,False,False,True,0.5,0.65,72,거절,미응답,False,,,,응답 대기 종료
MT00431,2026-07-14,M431,M241,MG17,False,True,True,False,False,False,True,0.5,0.54,52,거절,거절,False,,,,추천 종료
MT00432,2026-07-11,M432,M896,MG11,True,True,True,False,False,True,True,0.5,0.7,72,미응답,거절,False,,,,응답 대기 종료
MT00433,2026-07-22,M433,M895,MG08,False,False,False,True,False,False,True,0.25,0.77,64,미응답,거절,False,,,,응답 대기 종료
MT00434,2026-07-22,M434,M799,MG19,False,True,False,True,False,False,False,0.5,0.61,61,수락,거절,False,,,,추천 종료
MT00435,2026-07-23,M435,M946,MG11,False,False,True,False,False,True,True,0,0.91,67,미응답,거절,False,,,,응답 대기 종료
MT00436,2026-07-14,M436,M495,MG20,True,True,True,True,False,False,False,0.5,0.59,78,수락,미응답,False,,,,응답 대기 종료
MT00437,2026-07-15,M437,M130,MG13,True,True,True,True,False,True,False,0,0.67,74,수락,수락,True,2026-07-22,충남,True,애프터 성사
MT00438,2026-07-03,M438,M103,MG02,False,False,False,True,True,True,True,0.75,0.56,81,거절,거절,False,,,,추천 종료
MT00439,2026-07-02,M439,M320,MG13,False,False,True,False,False,False,False,0,0.51,60,거절,미응답,False,,,,응답 대기 종료
MT00440,2026-07-15,M440,M631,MG05,True,True,True,True,False,False,False,0,0.46,59,미응답,거절,False,,,,응답 대기 종료
MT00441,2026-07-25,M441,M633,MG18,True,True,True,True,False,False,True,0.25,0.62,69,거절,거절,False,,,,추천 종료
MT00442,2026-07-06,M442,M221,MG14,True,True,True,True,True,False,True,0.25,0.5,72,수락,거절,False,,,,추천 종료
MT00443,2026-07-07,M443,M230,MG05,True,True,True,False,True,True,True,0.5,0.59,78,미응답,거절,False,,,,응답 대기 종료
MT00444,2026-07-01,M444,M735,MG15,False,False,True,True,True,False,False,0.25,0.67,66,거절,미응답,False,,,,응답 대기 종료
MT00445,2026-07-16,M445,M749,MG13,False,False,True,False,False,True,True,0.5,0.6,72,수락,수락,True,2026-07-26,서울,False,첫 만남 완료
MT00446,2026-07-18,M446,M401,MG05,True,True,False,True,False,True,False,0.5,1,76,미응답,미응답,False,,,,응답 대기 종료
MT00447,2026-07-16,M447,M604,MG18,True,True,True,True,False,False,True,1,0.68,83,거절,수락,False,,,,추천 종료
MT00448,2026-07-19,M448,M197,MG02,True,True,True,True,False,True,True,0.25,0.58,76,수락,거절,False,,,,추천 종료
MT00449,2026-07-13,M449,M819,MG09,True,True,True,False,False,False,False,0.25,0.71,70,거절,거절,False,,,,추천 종료
MT00450,2026-07-24,M450,M472,MG20,True,True,True,True,False,False,False,0.25,0.73,60,수락,미응답,False,,,,응답 대기 종료
MT00451,2026-07-06,M451,M360,MG05,True,False,False,True,False,True,False,0.25,0.65,64,수락,수락,True,2026-07-13,서울,True,애프터 성사
MT00452,2026-07-07,M452,M885,MG12,True,True,False,True,False,False,True,0.5,1,84,수락,수락,True,2026-07-12,서울,True,애프터 성사
MT00453,2026-07-02,M453,M405,MG02,True,True,True,True,True,False,True,0.5,0.69,78,수락,미응답,False,,,,응답 대기 종료
MT00454,2026-07-24,M454,M032,MG17,False,False,False,True,False,False,True,0.25,0.69,67,거절,거절,False,,,,추천 종료
MT00455,2026-07-08,M455,M214,MG04,True,True,False,True,False,False,False,0.5,0.7,68,거절,수락,False,,,,추천 종료
MT00456,2026-07-04,M456,M495,MG06,True,False,True,True,False,True,False,0.25,0.53,71,거절,미응답,False,,,,응답 대기 종료
MT00457,2026-07-10,M457,M777,MG09,True,True,True,True,False,False,True,0.25,0.64,75,거절,거절,False,,,,추천 종료
MT00458,2026-07-25,M458,M699,MG08,True,True,True,True,True,True,True,0.25,0.7,79,수락,미응답,False,,,,응답 대기 종료
MT00459,2026-07-18,M459,M418,MG18,False,True,False,True,False,False,True,0.25,0.59,64,거절,거절,False,,,,추천 종료
MT00460,2026-07-27,M460,M226,MG16,False,False,False,True,False,True,True,0,0.6,63,미응답,거절,False,,,,응답 대기 종료
MT00461,2026-07-04,M461,M610,MG19,False,False,False,True,True,True,True,0.25,0.81,62,수락,거절,False,,,,추천 종료
MT00462,2026-07-30,M462,M525,MG03,True,True,True,True,False,True,True,0.25,0.34,74,미응답,미응답,False,,,,응답 대기 종료
MT00463,2026-07-01,M463,M318,MG08,True,True,True,True,True,True,True,0.25,0.73,87,수락,거절,False,,,,추천 종료
MT00464,2026-07-11,M464,M315,MG04,True,True,True,False,True,True,True,0.5,0.55,82,수락,수락,False,,,,추천 종료
MT00465,2026-07-15,M465,M222,MG06,True,True,True,True,False,True,True,0,0.6,76,미응답,수락,False,,,,응답 대기 종료
MT00466,2026-07-02,M466,M509,MG11,True,True,True,True,True,True,True,0.5,0.41,79,수락,수락,True,2026-07-05,인천,True,애프터 성사
MT00467,2026-07-03,M467,M139,MG07,False,False,True,True,False,True,True,0.5,0.34,61,수락,거절,False,,,,추천 종료
MT00468,2026-07-05,M468,M707,MG05,False,False,True,True,False,False,True,0,0.45,63,거절,거절,False,,,,추천 종료
MT00469,2026-07-25,M469,M955,MG18,False,False,True,False,False,True,False,0.25,0.4,49,거절,수락,False,,,,추천 종료
MT00470,2026-07-27,M470,M769,MG04,False,False,True,True,False,False,True,0.25,0.47,57,거절,수락,False,,,,추천 종료
MT00471,2026-07-24,M471,M731,MG10,False,False,True,True,False,True,False,0.25,0.59,61,미응답,미응답,False,,,,응답 대기 종료
MT00472,2026-07-19,M472,M742,MG01,True,False,True,True,False,True,True,0.75,0.8,68,거절,수락,False,,,,추천 종료
MT00473,2026-07-11,M473,M758,MG06,True,True,True,False,False,True,True,0.5,0.49,73,수락,미응답,False,,,,응답 대기 종료
MT00474,2026-07-22,M474,M730,MG01,False,False,False,True,False,True,True,0.25,0.71,64,거절,거절,False,,,,추천 종료
MT00475,2026-07-15,M475,M477,MG14,False,False,True,True,False,True,False,0.25,0.83,67,거절,수락,False,,,,추천 종료
MT00476,2026-07-04,M476,M485,MG02,False,False,True,False,False,True,True,0.5,0.84,75,거절,거절,False,,,,추천 종료
MT00477,2026-07-13,M477,M837,MG13,False,False,True,False,False,False,True,0.5,0.35,57,거절,미응답,False,,,,응답 대기 종료
MT00478,2026-07-21,M478,M939,MG05,False,False,True,True,False,True,True,0.5,0.58,67,수락,거절,False,,,,추천 종료
MT00479,2026-07-30,M479,M985,MG12,False,False,True,True,True,True,False,0,0.28,65,거절,거절,False,,,,추천 종료
MT00480,2026-07-23,M480,M379,MG02,False,True,True,True,False,True,True,0.25,0.7,67,수락,수락,True,2026-07-27,경기,False,첫 만남 완료
MT00481,2026-07-27,M481,M770,MG06,True,True,False,True,False,False,True,0,0.57,70,수락,수락,True,2026-08-04,서울,True,애프터 성사
MT00482,2026-07-12,M482,M424,MG10,False,False,True,True,True,True,False,0.25,0.33,69,거절,거절,False,,,,추천 종료
MT00483,2026-07-21,M483,M481,MG08,True,True,True,False,True,True,True,0,0.86,80,미응답,미응답,False,,,,응답 대기 종료
MT00484,2026-07-27,M484,M989,MG01,True,True,True,True,False,True,True,0.5,0.35,79,수락,미응답,False,,,,응답 대기 종료
MT00485,2026-07-06,M485,M031,MG07,False,False,True,True,False,False,False,0,0.77,56,미응답,거절,False,,,,응답 대기 종료
MT00486,2026-07-02,M486,M599,MG05,True,True,True,True,False,False,True,0.5,0.57,72,미응답,거절,False,,,,응답 대기 종료
MT00487,2026-07-14,M487,M498,MG09,False,False,False,True,False,False,True,0.25,0.38,60,거절,미응답,False,,,,응답 대기 종료
MT00488,2026-07-10,M488,M502,MG04,False,False,True,True,False,True,True,0.75,0.67,67,미응답,미응답,False,,,,응답 대기 종료
MT00489,2026-07-23,M489,M806,MG05,True,False,True,True,False,False,True,0.5,0.47,69,수락,미응답,False,,,,응답 대기 종료
MT00490,2026-07-14,M490,M454,MG17,True,False,True,False,False,False,True,0.25,0.51,64,거절,미응답,False,,,,응답 대기 종료
MT00491,2026-07-26,M491,M947,MG06,False,False,True,False,True,False,True,0.25,0.8,67,수락,미응답,False,,,,응답 대기 종료
MT00492,2026-07-27,M492,M675,MG20,False,False,True,True,False,False,True,0.5,0.41,59,거절,미응답,False,,,,응답 대기 종료
MT00493,2026-07-30,M493,M187,MG07,True,False,True,True,False,True,True,0.5,0.63,77,미응답,미응답,False,,,,응답 대기 종료
MT00494,2026-07-11,M494,M448,MG03,True,True,False,True,False,False,True,0,0.53,57,거절,수락,False,,,,추천 종료
MT00495,2026-07-24,M495,M249,MG08,False,False,True,False,False,True,True,0.75,0.38,72,거절,미응답,False,,,,응답 대기 종료
MT00496,2026-07-06,M496,M628,MG20,False,False,True,True,True,True,False,0,0.82,71,수락,수락,True,2026-07-17,경기,False,첫 만남 완료
MT00497,2026-07-10,M497,M415,MG15,False,False,True,True,False,False,True,0.5,0.92,77,수락,거절,False,,,,추천 종료
MT00498,2026-07-30,M498,M077,MG05,False,False,True,False,False,False,True,0,0.38,53,미응답,수락,False,,,,응답 대기 종료
MT00499,2026-07-08,M499,M871,MG01,False,True,True,True,False,False,True,0.25,0.84,72,수락,거절,False,,,,추천 종료
MT00500,2026-07-11,M500,M032,MG04,True,True,True,True,True,False,True,0.5,0.82,86,미응답,미응답,False,,,,응답 대기 종료
MT00501,2026-07-04,M501,M065,MG04,True,True,True,True,False,True,True,0.5,0.4,73,미응답,거절,False,,,,응답 대기 종료
MT00502,2026-07-12,M502,M352,MG14,False,False,True,True,True,False,True,0.25,0.72,73,거절,미응답,False,,,,응답 대기 종료
MT00503,2026-07-21,M503,M369,MG07,True,True,True,True,False,False,True,0.25,0.66,69,거절,거절,False,,,,추천 종료
MT00504,2026-07-11,M504,M154,MG14,True,True,False,True,False,True,True,0.75,0.48,76,거절,수락,False,,,,추천 종료
MT00505,2026-07-16,M505,M456,MG15,False,False,True,False,True,True,False,0.25,0.8,66,수락,수락,True,2026-07-23,전남,True,애프터 성사
MT00506,2026-07-11,M506,M690,MG01,True,True,False,True,False,True,False,0,0.74,63,미응답,미응답,False,,,,응답 대기 종료
MT00507,2026-07-09,M507,M509,MG12,True,True,True,True,False,True,True,0.5,0.66,81,미응답,미응답,False,,,,응답 대기 종료
MT00508,2026-07-16,M508,M359,MG03,True,True,True,False,True,True,True,0.75,0.75,88,미응답,수락,False,,,,응답 대기 종료
MT00509,2026-07-11,M509,M281,MG07,False,False,False,True,True,False,False,0.25,0.45,58,거절,거절,False,,,,추천 종료
MT00510,2026-07-12,M510,M439,MG01,False,False,True,True,False,False,False,0.25,0.44,62,수락,수락,True,2026-07-22,충북,False,첫 만남 완료
MT00511,2026-07-24,M511,M185,MG01,True,True,True,False,False,False,False,0,0.54,60,거절,수락,False,,,,추천 종료
MT00512,2026-07-12,M512,M418,MG12,True,True,False,True,False,True,False,0,0.63,64,수락,미응답,False,,,,응답 대기 종료
MT00513,2026-07-16,M513,M881,MG17,False,False,True,True,True,False,False,0.5,0.99,77,수락,미응답,False,,,,응답 대기 종료
MT00514,2026-07-16,M514,M214,MG10,True,True,True,True,False,True,False,0.25,0.52,76,수락,수락,True,2026-07-29,서울,False,첫 만남 완료
MT00515,2026-07-06,M515,M600,MG15,False,False,False,True,False,True,True,1,0.57,68,미응답,거절,False,,,,응답 대기 종료
MT00516,2026-07-28,M516,M034,MG20,True,True,True,True,False,False,True,0.25,0.5,72,거절,거절,False,,,,추천 종료
MT00517,2026-07-14,M517,M018,MG01,False,False,True,False,True,False,True,0.5,0.61,74,수락,미응답,False,,,,응답 대기 종료
MT00518,2026-07-23,M518,M238,MG20,False,False,True,True,False,True,False,0.25,0.48,61,거절,거절,False,,,,추천 종료
MT00519,2026-07-10,M519,M740,MG04,False,True,True,True,True,False,True,0.5,0.76,77,거절,수락,False,,,,추천 종료
MT00520,2026-07-06,M520,M488,MG09,True,True,True,True,False,True,True,0.25,0.71,77,수락,미응답,False,,,,응답 대기 종료
MT00521,2026-07-01,M521,M214,MG02,False,False,False,True,False,False,False,0.5,0.49,61,거절,거절,False,,,,추천 종료
MT00522,2026-07-20,M522,M718,MG19,False,False,False,True,False,False,True,0.5,0.49,58,미응답,거절,False,,,,응답 대기 종료
MT00523,2026-07-08,M523,M150,MG12,True,True,True,True,False,True,True,0,0.6,62,거절,거절,False,,,,추천 종료
MT00524,2026-07-29,M524,M214,MG08,False,True,True,True,False,True,False,0.5,0.72,70,수락,거절,False,,,,추천 종료
MT00525,2026-07-19,M525,M524,MG05,True,True,True,True,False,True,False,0,0.48,65,수락,수락,True,2026-07-27,충북,False,첫 만남 완료
MT00526,2026-07-22,M526,M374,MG05,False,False,True,True,True,False,False,0,0.17,65,수락,미응답,False,,,,응답 대기 종료
MT00527,2026-07-13,M527,M200,MG10,True,False,True,True,False,True,False,0,0.4,61,거절,거절,False,,,,추천 종료
MT00528,2026-07-04,M528,M784,MG11,True,True,False,True,True,True,True,0.5,0.6,74,미응답,수락,False,,,,응답 대기 종료
MT00529,2026-07-26,M529,M979,MG05,True,True,True,False,False,False,True,0.5,0.67,64,미응답,거절,False,,,,응답 대기 종료
MT00530,2026-07-18,M530,M096,MG09,True,True,True,True,False,True,True,0.5,0.59,80,수락,수락,False,,,,추천 종료
MT00531,2026-07-05,M531,M826,MG19,True,True,True,False,False,True,True,0.5,0.59,69,미응답,거절,False,,,,응답 대기 종료
MT00532,2026-07-18,M532,M581,MG04,False,False,True,True,False,False,True,0.25,0.77,71,거절,거절,False,,,,추천 종료
MT00533,2026-07-12,M533,M803,MG13,True,True,True,False,False,True,True,0,0.69,69,거절,거절,False,,,,추천 종료
MT00534,2026-07-16,M534,M383,MG17,False,True,True,False,True,True,False,0.5,0.58,70,미응답,미응답,False,,,,응답 대기 종료
MT00535,2026-07-23,M535,M268,MG06,True,True,True,True,False,True,True,0.75,0.72,81,수락,거절,False,,,,추천 종료
MT00536,2026-07-28,M536,M884,MG13,True,True,False,True,True,False,True,0.25,0.4,75,수락,미응답,False,,,,응답 대기 종료
MT00537,2026-07-05,M537,M765,MG11,True,True,True,True,False,True,True,0.25,0.86,76,수락,수락,False,,,,추천 종료
MT00538,2026-07-20,M538,M242,MG09,False,False,True,True,False,False,False,0.25,0.7,63,수락,거절,False,,,,추천 종료
MT00539,2026-07-09,M539,M749,MG16,True,True,True,False,True,True,True,0.25,0.3,69,수락,수락,True,2026-07-16,서울,True,애프터 성사
MT00540,2026-07-24,M540,M798,MG16,False,False,True,True,False,True,True,0.5,0.79,78,수락,미응답,False,,,,응답 대기 종료
MT00541,2026-07-29,M541,M961,MG07,True,True,True,True,True,True,False,0,0.98,74,거절,수락,False,,,,추천 종료
MT00542,2026-07-22,M542,M688,MG10,False,False,True,True,False,False,True,0.75,0.87,74,수락,수락,True,2026-07-31,경기,True,애프터 성사
MT00543,2026-07-12,M543,M046,MG15,True,False,True,False,False,False,True,0.25,0.48,71,미응답,수락,False,,,,응답 대기 종료
MT00544,2026-07-20,M544,M024,MG20,True,True,False,True,True,True,True,0,0.75,79,수락,거절,False,,,,추천 종료
MT00545,2026-07-07,M545,M398,MG16,True,True,True,True,False,False,True,0.75,0.81,87,수락,수락,True,2026-07-12,서울,True,애프터 성사
MT00546,2026-07-21,M546,M303,MG14,False,False,True,True,True,False,True,0.5,0.73,76,수락,거절,False,,,,추천 종료
MT00547,2026-07-19,M547,M039,MG17,False,False,False,True,False,True,False,0,0.52,57,거절,미응답,False,,,,응답 대기 종료
MT00548,2026-07-08,M548,M013,MG02,False,True,False,True,False,False,False,0.5,0.62,61,수락,거절,False,,,,추천 종료
MT00549,2026-07-18,M549,M523,MG03,False,False,True,True,True,False,True,0.25,0.64,71,수락,수락,True,2026-07-25,경기,False,첫 만남 완료
MT00550,2026-07-27,M550,M299,MG09,False,False,True,False,False,False,True,0.5,0.54,63,미응답,미응답,False,,,,응답 대기 종료
MT00551,2026-07-07,M551,M612,MG06,True,True,False,True,False,False,True,0.5,0.96,79,수락,거절,False,,,,추천 종료
MT00552,2026-07-04,M552,M909,MG13,True,False,True,False,False,True,True,0.5,0.52,68,미응답,수락,False,,,,응답 대기 종료
MT00553,2026-07-02,M553,M350,MG17,True,False,False,True,True,False,True,0.75,0.42,74,수락,미응답,False,,,,응답 대기 종료
MT00554,2026-07-16,M554,M494,MG15,False,False,True,False,False,False,True,0,0.82,62,거절,거절,False,,,,추천 종료
MT00555,2026-07-14,M555,M858,MG12,True,True,True,False,True,False,True,0.25,0.23,75,거절,미응답,False,,,,응답 대기 종료
MT00556,2026-07-19,M556,M730,MG16,False,False,True,True,False,False,True,0.25,0.56,72,거절,수락,False,,,,추천 종료
MT00557,2026-07-13,M557,M570,MG17,False,False,True,True,False,True,True,0.5,0.47,64,미응답,미응답,False,,,,응답 대기 종료
MT00558,2026-07-16,M558,M366,MG08,False,False,True,False,False,True,True,0.5,0.71,74,수락,수락,True,2026-07-28,서울,False,첫 만남 완료
MT00559,2026-07-16,M559,M658,MG14,True,True,True,True,False,True,True,0.5,0.55,80,수락,수락,True,2026-07-19,경북,False,첫 만남 완료
MT00560,2026-07-23,M560,M633,MG16,True,True,True,True,False,True,False,0,0.56,74,미응답,수락,False,,,,응답 대기 종료
MT00561,2026-07-14,M561,M342,MG08,True,True,True,False,False,True,True,0.75,0.82,81,미응답,미응답,False,,,,응답 대기 종료
MT00562,2026-07-13,M562,M776,MG17,False,False,True,True,False,False,True,0.5,0.77,63,미응답,미응답,False,,,,응답 대기 종료
MT00563,2026-07-08,M563,M519,MG11,True,True,True,True,False,False,True,0.5,0.86,79,미응답,미응답,False,,,,응답 대기 종료
MT00564,2026-07-20,M564,M365,MG06,True,True,True,False,False,True,True,0.5,0.6,72,수락,미응답,False,,,,응답 대기 종료
MT00565,2026-07-14,M565,M632,MG09,False,True,True,True,False,True,True,0.5,0.57,81,거절,거절,False,,,,추천 종료
MT00566,2026-07-27,M566,M156,MG09,True,True,True,False,False,True,True,0,0.74,69,수락,수락,True,2026-07-31,경기,True,애프터 성사
MT00567,2026-07-09,M567,M036,MG04,False,False,False,True,True,True,True,0.25,0.42,74,수락,수락,True,2026-07-16,부산,True,애프터 성사
MT00568,2026-07-14,M568,M567,MG12,False,False,True,False,False,True,False,0,0.44,61,거절,거절,False,,,,추천 종료
MT00569,2026-07-08,M569,M149,MG18,True,False,False,True,False,False,True,0.25,0.84,67,미응답,수락,False,,,,응답 대기 종료
MT00570,2026-07-25,M570,M298,MG10,True,True,True,True,False,True,True,1,0.74,84,미응답,수락,False,,,,응답 대기 종료
MT00571,2026-07-14,M571,M233,MG05,False,True,True,False,False,True,True,0,0.58,69,미응답,거절,False,,,,응답 대기 종료
MT00572,2026-07-18,M572,M751,MG06,True,False,True,True,True,False,True,0.25,0.56,74,수락,거절,False,,,,추천 종료
MT00573,2026-07-06,M573,M637,MG16,False,True,False,True,False,False,True,0.5,0.71,67,수락,미응답,False,,,,응답 대기 종료
MT00574,2026-07-22,M574,M143,MG05,True,True,True,True,False,False,True,0.25,0.87,75,거절,미응답,False,,,,응답 대기 종료
MT00575,2026-07-14,M575,M682,MG09,False,False,True,True,False,False,False,0.25,0.6,66,미응답,수락,False,,,,응답 대기 종료
MT00576,2026-07-09,M576,M356,MG11,True,True,False,True,False,False,True,0.5,0.71,70,미응답,미응답,False,,,,응답 대기 종료
MT00577,2026-07-23,M577,M542,MG17,True,True,True,True,False,False,True,0.5,0.16,64,거절,거절,False,,,,추천 종료
MT00578,2026-07-30,M578,M295,MG06,False,False,True,False,False,False,True,0.25,0.99,69,미응답,거절,False,,,,응답 대기 종료
MT00579,2026-07-07,M579,M408,MG03,True,False,True,True,False,False,False,0,1,57,미응답,거절,False,,,,응답 대기 종료
MT00580,2026-07-13,M580,M906,MG14,False,False,False,True,False,False,False,0.25,1,50,미응답,미응답,False,,,,응답 대기 종료
MT00581,2026-07-13,M581,M123,MG03,True,True,True,True,False,False,True,0.5,0.73,76,수락,미응답,False,,,,응답 대기 종료
MT00582,2026-07-26,M582,M469,MG12,True,False,True,True,False,False,True,0.25,0.79,61,거절,거절,False,,,,추천 종료
MT00583,2026-07-02,M583,M049,MG09,False,True,True,False,False,False,True,0.75,0.6,78,미응답,수락,False,,,,응답 대기 종료
MT00584,2026-07-30,M584,M483,MG11,True,True,True,False,True,True,False,0.5,0.6,83,수락,거절,False,,,,추천 종료
MT00585,2026-07-27,M585,M607,MG03,False,False,True,True,False,False,False,0.25,0.52,63,미응답,미응답,False,,,,응답 대기 종료
MT00586,2026-07-30,M586,M569,MG18,True,False,True,True,False,False,True,0.25,0.79,69,거절,수락,False,,,,추천 종료
MT00587,2026-07-17,M587,M128,MG15,False,False,True,False,True,True,True,0.25,0.88,71,수락,미응답,False,,,,응답 대기 종료
MT00588,2026-07-01,M588,M208,MG20,False,True,True,True,True,False,True,0.75,0.75,85,미응답,미응답,False,,,,응답 대기 종료
MT00589,2026-07-24,M589,M180,MG10,True,True,True,True,False,True,True,0.25,0.4,66,미응답,수락,False,,,,응답 대기 종료
MT00590,2026-07-15,M590,M012,MG02,True,True,True,False,True,True,True,0.25,0.41,75,수락,거절,False,,,,추천 종료
MT00591,2026-07-09,M591,M563,MG13,False,False,True,True,False,False,True,0.75,0.62,75,거절,미응답,False,,,,응답 대기 종료
MT00592,2026-07-03,M592,M761,MG08,False,False,True,True,False,False,True,0.25,0.73,65,미응답,수락,False,,,,응답 대기 종료
MT00593,2026-07-20,M593,M697,MG13,True,True,True,True,False,False,True,0.25,0.71,64,미응답,수락,False,,,,응답 대기 종료
MT00594,2026-07-11,M594,M425,MG12,False,False,True,False,False,True,True,0.5,0.76,71,거절,미응답,False,,,,응답 대기 종료
MT00595,2026-07-12,M595,M774,MG10,False,False,True,True,False,True,False,0,0.61,52,수락,거절,False,,,,추천 종료
MT00596,2026-07-05,M596,M175,MG09,True,True,False,True,False,True,False,0,0.64,66,수락,미응답,False,,,,응답 대기 종료
MT00597,2026-07-16,M597,M238,MG08,False,False,True,True,True,False,False,0.5,0.91,69,거절,거절,False,,,,추천 종료
MT00598,2026-07-21,M598,M616,MG07,False,False,True,True,False,False,False,0.5,0.45,65,거절,수락,False,,,,추천 종료
MT00599,2026-07-01,M599,M721,MG15,True,True,False,True,False,False,True,0,0.83,62,거절,수락,False,,,,추천 종료
MT00600,2026-07-25,M600,M715,MG03,True,False,True,True,False,True,True,0.25,0.54,66,수락,거절,False,,,,추천 종료
MT00601,2026-07-15,M601,M115,MG01,True,True,True,False,False,False,True,0.25,0.62,62,미응답,수락,False,,,,응답 대기 종료
MT00602,2026-07-11,M602,M868,MG05,True,True,False,True,False,False,True,0.5,0.47,63,수락,,False,,,,추천 종료
MT00603,2026-07-04,M603,M351,MG19,True,False,False,True,False,False,False,0.5,0.51,62,거절,미응답,False,,,,응답 대기 종료
MT00604,2026-07-12,M604,M203,MG18,True,True,False,True,True,False,True,0.5,0.78,75,수락,수락,True,2026-07-20,제주,True,애프터 성사
MT00605,2026-07-02,M605,M1000,MG14,True,True,True,True,False,False,False,0,0.62,66,거절,수락,False,,,,추천 종료
MT00606,2026-07-20,M606,M639,MG08,False,True,True,True,True,True,True,0.25,0.7,74,미응답,수락,False,,,,응답 대기 종료
MT00607,2026-07-29,M607,M195,MG08,True,True,True,True,False,False,True,0.5,0.57,82,미응답,미응답,False,,,,응답 대기 종료
MT00608,2026-07-30,M608,M309,MG01,False,True,True,False,False,True,True,0.5,0.44,69,미응답,수락,False,,,,응답 대기 종료
MT00609,2026-07-04,M609,M678,MG16,True,True,False,True,False,True,True,0,0.46,60,미응답,미응답,False,,,,응답 대기 종료
MT00610,2026-07-24,M610,M657,MG18,True,True,True,False,False,True,True,0.25,0.79,67,미응답,미응답,False,,,,응답 대기 종료
MT00611,2026-07-01,M611,M326,MG17,False,False,True,True,False,True,False,0.5,0.54,64,거절,거절,False,,,,추천 종료
MT00612,2026-07-22,M612,M457,MG08,True,True,True,False,False,False,True,0.25,0.41,65,수락,거절,False,,,,추천 종료
MT00613,2026-07-05,M613,M466,MG08,False,False,False,True,False,False,True,0.75,0.68,67,수락,수락,False,,,,추천 종료
MT00614,2026-07-23,M614,M694,MG02,False,False,True,True,False,True,True,0.5,0.38,71,미응답,수락,False,,,,응답 대기 종료
MT00615,2026-07-17,M615,M476,MG08,True,True,False,True,False,False,True,0.75,0.72,77,미응답,미응답,False,,,,응답 대기 종료
MT00616,2026-07-07,M616,M018,MG13,False,False,True,False,True,False,True,0.75,0.66,75,거절,미응답,False,,,,응답 대기 종료
MT00617,2026-07-19,M617,M077,MG02,False,False,True,False,False,False,True,0.5,0.53,63,수락,수락,True,2026-08-02,대전,True,애프터 성사
MT00618,2026-07-09,M618,M832,MG17,False,True,False,True,False,False,True,0.25,0.5,67,수락,수락,True,2026-07-18,전남,True,애프터 성사
MT00619,2026-07-17,M619,M077,MG02,True,True,True,False,False,True,True,0,0.44,59,수락,거절,False,,,,추천 종료
MT00620,2026-07-04,M620,M112,MG17,False,False,True,True,False,True,True,0.25,0.33,62,거절,수락,False,,,,추천 종료
MT00621,2026-07-11,M621,M367,MG06,False,False,True,False,True,False,True,0.5,0.84,78,거절,거절,False,,,,추천 종료
MT00622,2026-07-26,M622,M910,MG02,True,False,True,True,False,True,True,0.5,0.52,82,수락,거절,False,,,,추천 종료
MT00623,2026-07-22,M623,M351,MG01,True,True,False,True,False,False,False,0.25,0.74,62,수락,미응답,False,,,,응답 대기 종료
MT00624,2026-07-06,M624,M481,MG01,False,True,True,False,True,True,True,0.75,0.51,84,미응답,수락,False,,,,응답 대기 종료
MT00625,2026-07-24,M625,M853,MG10,False,False,True,True,False,False,True,0.25,1,59,수락,거절,False,,,,추천 종료
MT00626,2026-07-05,M626,M027,MG04,False,False,False,True,False,True,False,0,0.33,59,수락,거절,False,,,,추천 종료
MT00627,2026-07-14,M627,M703,MG11,False,True,True,True,False,False,True,0.75,0.61,82,수락,수락,True,2026-07-22,서울,False,첫 만남 완료
MT00628,2026-07-05,M628,M988,MG20,True,True,True,False,False,True,True,0.75,0.75,83,거절,수락,False,,,,추천 종료
MT00629,2026-07-08,M629,M480,MG01,False,False,True,True,True,True,True,0.25,0.6,63,미응답,미응답,False,,,,응답 대기 종료
MT00630,2026-07-04,M630,M864,MG13,False,False,True,True,True,True,False,0.25,0.79,70,수락,거절,False,,,,추천 종료
MT00631,2026-07-23,M631,M197,MG13,False,True,False,True,False,False,True,0.25,0.58,63,거절,거절,False,,,,추천 종료
MT00632,2026-07-12,M632,M138,MG01,True,True,True,True,True,True,True,0.25,0.71,84,미응답,수락,False,,,,응답 대기 종료
MT00633,2026-07-01,M633,M954,MG17,False,True,True,False,False,True,True,0.75,0.49,68,미응답,거절,False,,,,응답 대기 종료
MT00634,2026-07-02,M634,M517,MG12,False,False,False,True,True,True,True,0.25,0.49,76,거절,수락,False,,,,추천 종료
MT00635,2026-07-29,M635,M155,MG05,True,True,True,True,True,True,True,0.5,0.57,70,거절,거절,False,,,,추천 종료
MT00636,2026-07-02,M636,M272,MG14,False,False,True,False,False,False,True,0.5,0.61,64,거절,미응답,False,,,,응답 대기 종료
MT00637,2026-07-12,M637,M346,MG02,True,True,True,False,True,False,True,0.5,0.71,77,미응답,거절,False,,,,응답 대기 종료
MT00638,2026-07-10,M638,M463,MG12,True,True,True,True,True,False,True,0.5,0.42,77,수락,수락,True,2026-07-23,서울,False,첫 만남 완료
MT00639,2026-07-29,M639,M955,MG06,True,True,True,True,False,False,True,0.25,0.63,67,수락,수락,False,,,,추천 종료
MT00640,2026-07-06,M640,M506,MG16,True,True,True,True,False,False,False,0,0.68,62,거절,수락,False,,,,추천 종료
MT00641,2026-07-14,M641,M040,MG12,False,False,True,False,False,True,True,0.25,0.66,62,거절,미응답,False,,,,응답 대기 종료
MT00642,2026-07-07,M642,M444,MG01,True,True,True,True,True,False,True,0,0.62,79,미응답,수락,False,,,,응답 대기 종료
MT00643,2026-07-27,M643,M877,MG04,True,True,False,True,False,False,False,0.25,0.59,61,수락,미응답,False,,,,응답 대기 종료
MT00644,2026-07-19,M644,M274,MG02,True,False,True,True,False,False,True,0.5,0.41,72,거절,수락,False,,,,추천 종료
MT00645,2026-07-02,M645,M463,MG15,True,True,True,True,False,False,True,0.25,0.73,68,미응답,수락,False,,,,응답 대기 종료
MT00646,2026-07-16,M646,M858,MG10,False,False,True,False,False,False,False,0.25,0.76,67,수락,거절,False,,,,추천 종료
MT00647,2026-07-04,M647,M182,MG04,True,True,False,True,False,True,False,0.25,0.7,72,수락,수락,True,2026-07-09,전북,False,첫 만남 완료
MT00648,2026-07-12,M648,M834,MG19,False,False,True,False,False,True,True,0.25,0.38,60,거절,미응답,False,,,,응답 대기 종료
MT00649,2026-07-27,M649,M265,MG08,False,False,True,True,False,False,False,0,0.55,64,거절,거절,False,,,,추천 종료
MT00650,2026-07-29,M650,M504,MG20,False,False,True,False,False,True,True,0.5,0.98,70,거절,수락,False,,,,추천 종료
MT00651,2026-07-06,M651,M806,MG12,False,False,True,False,True,True,True,0.25,0.44,63,미응답,거절,False,,,,응답 대기 종료
MT00652,2026-07-17,M652,M045,MG20,True,True,False,True,False,False,True,0.5,0.55,66,미응답,거절,False,,,,응답 대기 종료
MT00653,2026-07-13,M653,M690,MG12,False,False,True,True,False,False,False,0,0.89,60,수락,수락,True,2026-07-25,전남,True,애프터 성사
MT00654,2026-07-13,M654,M384,MG11,True,True,True,True,False,False,False,0.25,0.75,61,미응답,미응답,False,,,,응답 대기 종료
MT00655,2026-07-06,M655,M266,MG08,True,True,False,True,False,True,True,0.5,0.62,71,수락,미응답,False,,,,응답 대기 종료
MT00656,2026-07-25,M656,M819,MG20,False,True,False,True,False,False,False,0.25,0.6,56,수락,거절,False,,,,추천 종료
MT00657,2026-07-29,M657,M836,MG08,True,True,False,True,False,True,True,0.5,0.55,70,수락,미응답,False,,,,응답 대기 종료
MT00658,2026-07-21,M658,M151,MG08,True,True,False,True,False,False,False,0.25,0.43,63,거절,수락,False,,,,추천 종료
MT00659,2026-07-15,M659,M549,MG06,False,True,False,True,True,False,False,0.25,0.56,67,미응답,수락,False,,,,응답 대기 종료
MT00660,2026-07-18,M660,M878,MG06,True,False,True,True,True,True,True,0.25,0.55,79,미응답,거절,False,,,,응답 대기 종료
MT00661,2026-07-05,M661,M844,MG13,True,False,True,True,False,False,False,0.25,0.38,61,거절,수락,False,,,,추천 종료
MT00662,2026-07-28,M662,M318,MG03,False,True,True,True,True,True,False,0,0.51,64,거절,미응답,False,,,,응답 대기 종료
MT00663,2026-07-09,M663,M998,MG18,True,True,True,True,False,True,True,0.25,0.79,65,거절,미응답,False,,,,응답 대기 종료
MT00664,2026-07-28,M664,M707,MG05,True,True,True,True,False,False,True,0.25,0.73,76,미응답,거절,False,,,,응답 대기 종료
MT00665,2026-07-13,M665,M377,MG18,False,False,False,True,False,False,False,0.5,0.38,45,미응답,미응답,False,,,,응답 대기 종료
MT00666,2026-07-08,M666,M555,MG19,True,True,False,True,False,False,False,0.25,0.56,65,거절,거절,False,,,,추천 종료
MT00667,2026-07-30,M667,M955,MG15,True,False,False,True,False,False,False,0.25,0.44,54,수락,수락,True,2026-08-01,대구,False,첫 만남 완료
MT00668,2026-07-28,M668,M053,MG07,False,False,True,False,False,True,True,0,0.83,58,거절,거절,False,,,,추천 종료
MT00669,2026-07-02,M669,M214,MG16,True,True,True,True,False,True,True,0.25,0.6,81,미응답,수락,False,,,,응답 대기 종료
MT00670,2026-07-05,M670,M169,MG16,True,True,True,True,False,True,True,0.5,0.48,80,미응답,거절,False,,,,응답 대기 종료
MT00671,2026-07-23,M671,M150,MG09,True,True,True,True,False,False,True,0.5,0.58,67,거절,거절,False,,,,추천 종료
MT00672,2026-07-11,M672,M927,MG12,False,False,True,False,True,False,True,0.25,0.82,71,미응답,수락,False,,,,응답 대기 종료
MT00673,2026-07-11,M673,M204,MG12,False,False,True,True,False,False,True,0.5,0.58,63,미응답,수락,False,,,,응답 대기 종료
MT00674,2026-07-04,M674,M262,MG18,True,True,True,False,False,True,True,0.5,0.85,80,수락,수락,True,2026-07-06,서울,True,애프터 성사
MT00675,2026-07-29,M675,M111,MG02,True,True,False,True,False,False,True,0.75,0.54,73,거절,거절,False,,,,추천 종료
MT00676,2026-07-25,M676,M008,MG08,False,False,False,True,True,True,False,0.5,0.6,77,수락,미응답,False,,,,응답 대기 종료
MT00677,2026-07-26,M677,M052,MG16,False,False,False,True,False,True,True,0,0.73,59,거절,거절,False,,,,추천 종료
MT00678,2026-07-04,M678,M337,MG05,True,True,True,True,False,True,True,0.5,0.61,75,미응답,미응답,False,,,,응답 대기 종료
MT00679,2026-07-28,M679,M898,MG16,True,True,True,True,False,True,True,0.75,0.73,87,수락,수락,True,2026-07-30,서울,True,애프터 성사
MT00680,2026-07-01,M680,M353,MG13,True,True,True,True,False,False,True,0,0.57,60,거절,미응답,False,,,,응답 대기 종료
MT00681,2026-07-17,M681,M032,MG05,False,False,False,True,True,False,True,0.5,0.66,76,미응답,거절,False,,,,응답 대기 종료
MT00682,2026-07-06,M682,M233,MG10,False,False,True,True,True,False,True,0.25,0.82,79,수락,미응답,False,,,,응답 대기 종료
MT00683,2026-07-22,M683,M555,MG11,False,True,True,True,False,True,True,0.25,0.61,76,미응답,미응답,False,,,,응답 대기 종료
MT00684,2026-07-08,M684,M060,MG08,False,False,False,True,False,True,True,0.25,0.51,65,수락,수락,True,2026-07-19,서울,False,첫 만남 완료
MT00685,2026-07-08,M685,M368,MG19,True,True,False,True,True,False,True,0.25,0.9,71,미응답,미응답,False,,,,응답 대기 종료
MT00686,2026-07-02,M686,M857,MG12,True,False,True,True,False,True,True,0.25,0.78,80,수락,수락,True,2026-07-13,세종,True,애프터 성사
MT00687,2026-07-22,M687,M270,MG10,True,False,True,True,False,True,False,0.5,0.19,65,수락,거절,False,,,,추천 종료
MT00688,2026-07-13,M688,M552,MG06,False,False,True,True,True,False,True,0.5,0.45,71,거절,미응답,False,,,,응답 대기 종료
MT00689,2026-07-01,M689,M276,MG06,True,True,False,True,True,False,True,0,0.78,71,거절,수락,False,,,,추천 종료
MT00690,2026-07-12,M690,M549,MG20,False,True,True,True,False,False,True,0.25,0.29,63,거절,수락,False,,,,추천 종료
MT00691,2026-07-08,M691,M414,MG15,True,True,True,True,False,False,True,0.25,0.68,76,수락,수락,True,2026-07-21,인천,True,애프터 성사
MT00692,2026-07-25,M692,M560,MG15,True,False,False,True,True,False,True,0,0.7,71,미응답,미응답,False,,,,응답 대기 종료
MT00693,2026-07-09,M693,M547,MG12,True,True,True,True,False,False,True,0.25,0.58,78,수락,수락,False,,,,추천 종료
MT00694,2026-07-06,M694,M007,MG01,True,False,True,True,True,False,True,0.5,0.8,78,거절,수락,False,,,,추천 종료
MT00695,2026-07-14,M695,M573,MG19,True,True,True,True,False,True,True,0.5,0.79,82,미응답,거절,False,,,,응답 대기 종료
MT00696,2026-07-23,M696,M380,MG02,True,True,True,True,False,False,True,0.25,0.66,79,수락,미응답,False,,,,응답 대기 종료
MT00697,2026-07-16,M697,M372,MG04,True,True,True,False,False,False,True,0.25,0.7,64,거절,거절,False,,,,추천 종료
MT00698,2026-07-04,M698,M179,MG11,False,False,True,False,False,True,True,0.75,0.73,65,거절,수락,False,,,,추천 종료
MT00699,2026-07-26,M699,M381,MG17,True,True,True,True,False,True,True,0.25,0.96,82,수락,수락,True,2026-08-04,서울,True,애프터 성사
MT00700,2026-07-16,M700,M708,MG08,True,True,True,False,True,True,True,0.25,0.49,70,미응답,수락,False,,,,응답 대기 종료
MT00701,2026-07-21,M701,M770,MG20,False,False,True,False,False,True,False,0.5,0.44,54,거절,거절,False,,,,추천 종료
MT00702,2026-07-22,M702,M042,MG09,False,False,True,True,True,True,True,0.5,0.66,83,거절,수락,False,,,,추천 종료
MT00703,2026-07-04,M703,M409,MG09,True,False,True,True,False,False,True,0.5,0.39,76,수락,수락,True,2026-07-14,서울,True,애프터 성사
MT00704,2026-07-03,M704,M255,MG18,False,True,False,True,True,False,True,0.5,0.42,70,수락,거절,False,,,,추천 종료
MT00705,2026-07-30,M705,M702,MG07,False,False,False,True,False,False,True,0.25,0.44,61,거절,미응답,False,,,,응답 대기 종료
MT00706,2026-07-03,M706,M829,MG12,False,False,True,True,False,True,True,0.25,0.7,60,미응답,거절,False,,,,응답 대기 종료
MT00707,2026-07-06,M707,M355,MG16,True,True,True,False,False,False,True,0.25,0.3,66,거절,거절,False,,,,추천 종료
MT00708,2026-07-20,M708,M742,MG19,False,False,True,True,False,True,True,0,0.64,65,거절,수락,False,,,,추천 종료
MT00709,2026-07-13,M709,M441,MG19,True,True,True,True,False,False,True,0.5,0.62,65,거절,거절,False,,,,추천 종료
MT00710,2026-07-22,M710,M631,MG19,False,False,True,True,False,False,True,0.25,0.28,59,미응답,거절,False,,,,응답 대기 종료
MT00711,2026-07-21,M711,M1000,MG09,False,False,True,False,False,False,True,0.25,0.83,66,거절,수락,False,,,,추천 종료
MT00712,2026-07-16,M712,M824,MG18,True,True,True,True,False,True,True,0.5,0.83,78,거절,수락,False,,,,추천 종료
MT00713,2026-07-28,M713,M018,MG13,True,True,True,False,True,True,True,0.5,0.79,81,거절,미응답,False,,,,응답 대기 종료
MT00714,2026-07-16,M714,M899,MG20,False,False,True,False,False,False,True,0.5,0.65,72,수락,미응답,False,,,,응답 대기 종료
MT00715,2026-07-13,M715,M311,MG18,False,False,True,True,False,True,True,0.25,0.65,67,거절,미응답,False,,,,응답 대기 종료
MT00716,2026-07-07,M716,M996,MG06,True,True,True,True,False,False,True,0.25,0.53,70,수락,거절,False,,,,추천 종료
MT00717,2026-07-19,M717,M873,MG02,True,False,True,True,False,True,False,0.25,1,75,미응답,거절,False,,,,응답 대기 종료
MT00718,2026-07-10,M718,M558,MG18,True,True,True,True,False,True,True,0.25,0.93,84,수락,미응답,False,,,,응답 대기 종료
MT00719,2026-07-17,M719,M810,MG13,True,True,True,True,False,True,True,0.25,0.25,73,수락,수락,False,,,,추천 종료
MT00720,2026-07-04,M720,M874,MG19,False,True,True,True,False,False,False,0.25,0.55,68,거절,수락,False,,,,추천 종료
MT00721,2026-07-13,M721,M760,MG18,True,True,True,False,False,True,True,0.25,0.43,72,수락,미응답,False,,,,응답 대기 종료
MT00722,2026-07-06,M722,M282,MG10,False,False,False,True,False,False,True,0.5,0.3,57,거절,거절,False,,,,추천 종료
MT00723,2026-07-11,M723,M855,MG07,False,False,False,True,False,False,True,0.25,0.35,62,미응답,미응답,False,,,,응답 대기 종료
MT00724,2026-07-23,M724,M308,MG04,True,True,True,True,True,True,True,0.5,0.52,88,수락,수락,True,2026-07-31,서울,True,애프터 성사
MT00725,2026-07-30,M725,M841,MG17,True,False,True,True,False,False,True,0.25,0.67,70,수락,수락,True,2026-08-01,서울,False,첫 만남 완료
MT00726,2026-07-07,M726,M327,MG17,True,True,True,True,True,False,False,0.25,0.76,79,수락,거절,False,,,,추천 종료
MT00727,2026-07-21,M727,M188,MG02,False,False,True,True,True,True,True,0.5,0.62,83,수락,미응답,False,,,,응답 대기 종료
MT00728,2026-07-30,M728,M813,MG04,True,True,False,True,False,True,True,0.25,0.65,73,거절,수락,False,,,,추천 종료
MT00729,2026-07-11,M729,M294,MG01,False,True,False,True,True,True,True,0.75,0.68,79,미응답,수락,False,,,,응답 대기 종료
MT00730,2026-07-11,M730,M669,MG14,False,False,False,True,True,False,True,0.5,0.26,71,미응답,거절,False,,,,응답 대기 종료
MT00731,2026-07-24,M731,M621,MG17,False,True,False,True,True,False,False,0,0.67,52,거절,수락,False,,,,추천 종료
MT00732,2026-07-11,M732,M775,MG09,False,False,True,False,False,True,True,0.25,0.41,69,미응답,미응답,False,,,,응답 대기 종료
MT00733,2026-07-27,M733,M092,MG11,True,True,True,False,False,False,True,0.5,0.84,77,거절,수락,False,,,,추천 종료
MT00734,2026-07-29,M734,M366,MG02,False,False,True,False,False,True,True,0.75,0.85,75,수락,미응답,False,,,,응답 대기 종료
MT00735,2026-07-12,M735,M885,MG05,False,False,True,True,True,False,True,0.25,0.78,79,미응답,수락,False,,,,응답 대기 종료
MT00736,2026-07-22,M736,M113,MG03,True,True,True,True,False,False,True,0.5,0.55,70,미응답,미응답,False,,,,응답 대기 종료
MT00737,2026-07-19,M737,M536,MG18,False,False,False,True,False,True,True,0.75,0.62,78,수락,수락,True,2026-07-25,서울,True,애프터 성사
MT00738,2026-07-24,M738,M333,MG16,False,True,True,False,True,False,True,0.25,0.77,68,수락,미응답,False,,,,응답 대기 종료
MT00739,2026-07-22,M739,M968,MG20,False,False,False,True,False,True,True,0.25,0.56,72,미응답,수락,False,,,,응답 대기 종료
MT00740,2026-07-12,M740,M166,MG14,True,True,True,False,True,False,True,0.25,0.23,74,수락,거절,False,,,,추천 종료
MT00741,2026-07-05,M741,M403,MG15,False,False,True,True,False,True,True,0.5,0.6,67,거절,거절,False,,,,추천 종료
MT00742,2026-07-18,M742,M517,MG05,True,False,True,True,False,True,True,0,0.53,65,거절,거절,False,,,,추천 종료
MT00743,2026-07-04,M743,M867,MG12,True,True,False,True,False,False,False,0.5,0.63,62,미응답,미응답,False,,,,응답 대기 종료
MT00744,2026-07-13,M744,M420,MG10,True,True,True,True,True,False,True,0.5,0.81,76,미응답,수락,False,,,,응답 대기 종료
MT00745,2026-07-08,M745,M462,MG13,True,True,True,True,False,True,True,0.5,0.42,74,수락,수락,True,2026-07-11,서울,False,첫 만남 완료
MT00746,2026-07-27,M746,M923,MG20,True,True,True,False,False,True,True,0.25,0.63,69,거절,거절,False,,,,추천 종료
MT00747,2026-07-22,M747,M136,MG01,True,True,True,True,False,True,False,0,0.56,71,수락,거절,False,,,,추천 종료
MT00748,2026-07-18,M748,M040,MG18,True,True,True,False,True,False,True,0.5,0.48,75,수락,수락,True,2026-07-20,서울,True,애프터 성사
MT00749,2026-07-15,M749,M143,MG01,True,True,False,True,True,True,True,0.25,0.5,79,거절,거절,False,,,,추천 종료
MT00750,2026-07-02,M750,M873,MG11,True,False,True,False,False,True,False,0.25,0.7,62,수락,수락,True,2026-07-06,서울,True,애프터 성사
MT00751,2026-07-09,M751,M709,MG06,True,False,False,True,False,False,True,0,0.45,60,거절,거절,False,,,,추천 종료
MT00752,2026-07-14,M752,M039,MG14,False,False,True,True,False,False,False,0.25,0.45,58,미응답,미응답,False,,,,응답 대기 종료
MT00753,2026-07-10,M753,M877,MG08,True,True,True,True,True,False,True,0.5,0.66,75,미응답,미응답,False,,,,응답 대기 종료
MT00754,2026-07-27,M754,M690,MG06,True,True,True,True,False,True,False,0.75,0.77,79,수락,미응답,False,,,,응답 대기 종료
MT00755,2026-07-04,M755,M619,MG17,True,True,True,True,False,True,True,0.5,0.62,82,수락,거절,False,,,,추천 종료
MT00756,2026-07-08,M756,M219,MG20,False,False,False,True,False,False,True,0.5,0.66,66,미응답,미응답,False,,,,응답 대기 종료
MT00757,2026-07-20,M757,M221,MG14,True,False,False,True,True,False,True,0.25,0.67,71,미응답,거절,False,,,,응답 대기 종료
MT00758,2026-07-08,M758,M997,MG04,True,True,False,True,False,True,True,0.25,0.73,70,거절,거절,False,,,,추천 종료
MT00759,2026-07-01,M759,M685,MG11,True,True,True,False,False,False,True,0,0.61,58,거절,거절,False,,,,추천 종료
MT00760,2026-07-28,M760,M662,MG05,False,False,True,True,False,True,True,0.25,0.78,63,수락,미응답,False,,,,응답 대기 종료
MT00761,2026-07-25,M761,M322,MG05,True,True,True,True,False,False,True,0.5,0.54,70,미응답,거절,False,,,,응답 대기 종료
MT00762,2026-07-26,M762,M145,MG10,True,True,True,False,False,False,False,0.25,0.81,63,거절,거절,False,,,,추천 종료
MT00763,2026-07-06,M763,M550,MG04,True,True,False,True,False,True,False,0.5,0.57,69,수락,거절,False,,,,추천 종료
MT00764,2026-07-29,M764,M646,MG07,True,True,True,True,False,False,True,0.25,0.56,75,거절,수락,False,,,,추천 종료
MT00765,2026-07-30,M765,M597,MG12,True,True,True,False,False,False,True,0.5,0.57,70,수락,미응답,False,,,,응답 대기 종료
MT00766,2026-07-10,M766,M913,MG07,True,True,True,True,False,True,True,0.25,0.47,65,거절,거절,False,,,,추천 종료
MT00767,2026-07-23,M767,M656,MG03,True,True,False,True,False,False,False,0.75,0.42,69,수락,수락,True,2026-07-31,부산,True,애프터 성사
MT00768,2026-07-30,M768,M287,MG09,True,True,False,True,False,True,True,0.25,0.5,67,미응답,수락,False,,,,응답 대기 종료
MT00769,2026-07-04,M769,M706,MG07,True,True,True,True,False,False,True,0.25,0.59,69,수락,미응답,False,,,,응답 대기 종료
MT00770,2026-07-19,M770,M960,MG09,False,False,True,True,False,False,False,0,0.57,55,거절,거절,False,,,,추천 종료
MT00771,2026-07-01,M771,M936,MG11,True,False,False,True,False,True,True,0.5,0.79,70,수락,수락,True,2026-07-04,광주,True,애프터 성사
MT00772,2026-07-02,M772,M303,MG03,False,False,True,True,False,False,True,0.75,0.5,79,수락,수락,True,2026-07-04,광주,True,애프터 성사
MT00773,2026-07-14,M773,M355,MG06,True,True,False,True,True,False,True,0.25,0.68,76,수락,수락,True,2026-07-20,경기,True,애프터 성사
MT00774,2026-07-07,M774,M323,MG02,False,False,True,False,False,True,True,0.25,0.62,58,미응답,수락,False,,,,응답 대기 종료
MT00775,2026-07-25,M775,M706,MG10,False,True,False,True,True,True,True,0.5,0.87,72,수락,수락,False,,,,추천 종료
MT00776,2026-07-18,M776,M878,MG13,True,False,True,False,False,False,True,0.25,0.6,68,수락,수락,True,2026-07-30,서울,True,애프터 성사
MT00777,2026-07-02,M777,M077,MG01,True,False,False,True,False,True,True,0.5,0.39,68,거절,거절,False,,,,추천 종료
MT00778,2026-07-07,M778,M808,MG18,True,False,True,False,False,False,False,0.25,0.64,63,미응답,거절,False,,,,응답 대기 종료
MT00779,2026-07-30,M779,M542,MG15,False,True,False,True,False,True,True,0.75,0.83,82,거절,수락,False,,,,추천 종료
MT00780,2026-07-03,M780,M530,MG08,True,True,True,False,False,True,True,0.5,0.55,73,수락,거절,False,,,,추천 종료
MT00781,2026-07-06,M781,M067,MG03,False,False,False,True,False,False,True,0.25,0.78,62,거절,미응답,False,,,,응답 대기 종료
MT00782,2026-07-24,M782,M836,MG15,False,False,False,True,False,True,True,1,0.76,76,수락,미응답,False,,,,응답 대기 종료
MT00783,2026-07-17,M783,M941,MG05,True,True,True,True,False,True,False,0,0.48,72,거절,미응답,False,,,,응답 대기 종료
MT00784,2026-07-04,M784,M453,MG18,False,False,True,True,False,False,True,0.5,0.28,63,거절,거절,False,,,,추천 종료
MT00785,2026-07-07,M785,M734,MG20,False,False,True,True,False,True,True,0.5,0.76,74,미응답,수락,False,,,,응답 대기 종료
MT00786,2026-07-22,M786,M897,MG02,True,True,True,True,False,True,True,0.25,0.81,75,거절,미응답,False,,,,응답 대기 종료
MT00787,2026-07-03,M787,M546,MG19,False,False,True,True,False,False,True,0.75,0.72,79,거절,수락,False,,,,추천 종료
MT00788,2026-07-16,M788,M322,MG04,True,True,True,True,False,True,True,1,0.74,84,수락,수락,True,2026-07-18,서울,True,애프터 성사
MT00789,2026-07-20,M789,M871,MG15,True,True,True,True,False,False,True,0.75,0.66,78,거절,수락,False,,,,추천 종료
MT00790,2026-07-11,M790,M863,MG05,True,True,True,True,True,False,True,0.5,0.78,78,미응답,수락,False,,,,응답 대기 종료
MT00791,2026-07-11,M791,M750,MG15,False,False,True,True,False,True,True,0.25,0.79,73,미응답,거절,False,,,,응답 대기 종료
MT00792,2026-07-10,M792,M758,MG10,True,True,True,True,False,True,True,0.75,0.61,80,거절,거절,False,,,,추천 종료
MT00793,2026-07-24,M793,M385,MG13,False,False,False,True,True,True,True,0.25,0.57,71,거절,미응답,False,,,,응답 대기 종료
MT00794,2026-07-19,M794,M802,MG06,False,False,True,False,True,False,True,0.5,0.76,70,수락,미응답,False,,,,응답 대기 종료
MT00795,2026-07-06,M795,M347,MG14,True,True,True,False,False,False,True,0.75,0.64,73,미응답,수락,False,,,,응답 대기 종료
MT00796,2026-07-20,M796,M632,MG05,False,False,True,False,False,True,True,0.25,0.72,75,거절,미응답,False,,,,응답 대기 종료
MT00797,2026-07-24,M797,M612,MG14,True,False,False,True,True,False,True,0.25,0.44,66,미응답,미응답,False,,,,응답 대기 종료
MT00798,2026-07-25,M798,M480,MG20,False,False,True,True,False,True,True,0.5,0.54,66,거절,미응답,False,,,,응답 대기 종료
MT00799,2026-07-29,M799,M141,MG10,True,True,True,False,False,False,True,0.5,0.79,70,거절,수락,False,,,,추천 종료
MT00800,2026-07-14,M800,M481,MG06,True,True,True,True,False,True,True,0.25,0.75,78,수락,거절,False,,,,추천 종료
MT00801,2026-07-21,M801,M589,MG07,True,True,True,True,True,True,True,0.5,0.89,81,거절,미응답,False,,,,응답 대기 종료
MT00802,2026-07-02,M802,M333,MG17,False,False,False,True,False,False,True,0.25,0.65,51,미응답,미응답,False,,,,응답 대기 종료
MT00803,2026-07-20,M803,M026,MG05,True,True,True,False,False,False,True,0.5,0.51,70,거절,거절,False,,,,추천 종료
MT00804,2026-07-28,M804,M944,MG19,False,False,True,False,False,True,False,0.5,0.77,62,수락,거절,False,,,,추천 종료
MT00805,2026-07-13,M805,M054,MG04,True,True,True,True,False,False,True,0.25,0.75,71,미응답,수락,False,,,,응답 대기 종료
MT00806,2026-07-15,M806,M276,MG09,False,False,False,True,True,False,True,0.75,0.59,79,수락,수락,True,2026-07-27,서울,True,애프터 성사
MT00807,2026-07-30,M807,M652,MG20,True,True,True,False,True,True,False,0,0.68,71,미응답,미응답,False,,,,응답 대기 종료
MT00808,2026-07-07,M808,M712,MG16,True,False,False,True,True,False,True,0.5,0.52,67,거절,미응답,False,,,,응답 대기 종료
MT00809,2026-07-07,M809,M780,MG06,True,True,False,True,False,False,True,0.5,0.85,78,수락,미응답,False,,,,응답 대기 종료
MT00810,2026-07-07,M810,M741,MG19,True,False,True,True,True,True,True,0.75,0.68,86,수락,거절,False,,,,추천 종료
MT00811,2026-07-28,M811,M578,MG19,False,False,True,False,True,False,True,0.5,0.56,75,거절,미응답,False,,,,응답 대기 종료
MT00812,2026-07-12,M812,M334,MG13,True,True,True,True,True,True,True,0.25,0.99,89,미응답,수락,False,,,,응답 대기 종료
MT00813,2026-07-18,M813,M943,MG08,False,False,True,False,False,True,True,0.5,0.7,71,수락,수락,True,2026-07-28,서울,True,애프터 성사
MT00814,2026-07-17,M814,M853,MG07,True,True,False,True,False,True,True,0,0.68,64,거절,수락,False,,,,추천 종료
MT00815,2026-07-01,M815,M491,MG17,False,False,True,True,True,False,True,0.5,0.87,80,미응답,미응답,False,,,,응답 대기 종료
MT00816,2026-07-15,M816,M454,MG08,True,True,True,False,False,False,True,0.25,0.54,59,수락,거절,False,,,,추천 종료
MT00817,2026-07-02,M817,M166,MG14,False,False,True,False,True,True,True,0,0.36,67,미응답,거절,False,,,,응답 대기 종료
MT00818,2026-07-20,M818,M080,MG13,True,True,False,True,False,True,True,0.25,0.61,70,수락,수락,True,2026-07-27,서울,False,첫 만남 완료
MT00819,2026-07-25,M819,M453,MG04,True,True,True,False,False,False,True,0.75,0.47,74,거절,거절,False,,,,추천 종료
MT00820,2026-07-17,M820,M486,MG13,True,True,True,True,True,False,True,0.25,1,78,미응답,거절,False,,,,응답 대기 종료
MT00821,2026-07-21,M821,M610,MG04,True,False,False,True,False,True,True,0.5,0.51,65,미응답,미응답,False,,,,응답 대기 종료
MT00822,2026-07-18,M822,M064,MG13,True,True,True,True,False,True,True,0.5,0.7,75,거절,수락,False,,,,추천 종료
MT00823,2026-07-01,M823,M456,MG07,True,True,True,True,True,True,False,0.25,0.37,73,수락,수락,True,2026-07-09,전남,False,첫 만남 완료
MT00824,2026-07-14,M824,M404,MG08,True,True,True,False,False,True,True,1,0.65,82,수락,수락,True,2026-07-28,강원,True,애프터 성사
MT00825,2026-07-03,M825,M961,MG06,False,False,False,True,True,True,True,0,0.69,75,수락,수락,True,2026-07-13,경기,True,애프터 성사
MT00826,2026-07-24,M826,M235,MG09,False,False,True,True,False,True,True,0.25,0.52,62,거절,거절,False,,,,추천 종료
MT00827,2026-07-16,M827,M567,MG03,False,False,True,False,True,True,False,0.25,0.33,67,거절,거절,False,,,,추천 종료
MT00828,2026-07-24,M828,M036,MG04,True,True,True,True,False,True,False,0.5,0.5,77,거절,수락,False,,,,추천 종료
MT00829,2026-07-19,M829,M456,MG09,True,False,True,False,False,True,False,0.25,0.63,53,거절,거절,False,,,,추천 종료
MT00830,2026-07-28,M830,M708,MG13,False,False,True,True,True,True,True,0.25,0.35,75,거절,거절,False,,,,추천 종료
MT00831,2026-07-30,M831,M762,MG02,True,True,False,True,False,True,False,0.25,0.6,68,수락,거절,False,,,,추천 종료
MT00832,2026-07-04,M832,M575,MG18,False,False,True,False,False,True,True,0,0.57,52,거절,수락,False,,,,추천 종료
MT00833,2026-07-06,M833,M043,MG19,True,True,False,True,False,False,True,0.75,0.69,73,수락,미응답,False,,,,응답 대기 종료
MT00834,2026-07-26,M834,M204,MG04,False,True,False,True,False,False,True,0.25,0.4,64,미응답,거절,False,,,,응답 대기 종료
MT00835,2026-07-05,M835,M401,MG02,False,True,False,True,False,False,True,0.25,0.74,72,거절,미응답,False,,,,응답 대기 종료
MT00836,2026-07-28,M836,M745,MG03,False,False,True,False,False,True,True,0.75,0.31,74,미응답,미응답,False,,,,응답 대기 종료
MT00837,2026-07-12,M837,M823,MG11,True,True,True,True,False,True,True,0.5,0.5,83,미응답,수락,False,,,,응답 대기 종료
MT00838,2026-07-08,M838,M824,MG15,True,False,False,True,False,False,True,0.25,0.69,61,미응답,수락,False,,,,응답 대기 종료
MT00839,2026-07-05,M839,M230,MG17,False,True,True,True,True,True,True,0.75,0.66,90,수락,미응답,False,,,,응답 대기 종료
MT00840,2026-07-06,M840,M647,MG14,False,False,True,True,True,True,False,0.25,0.6,67,미응답,미응답,False,,,,응답 대기 종료
MT00841,2026-07-04,M841,M622,MG16,False,True,True,True,False,False,True,0.25,0.74,76,거절,거절,False,,,,추천 종료
MT00842,2026-07-21,M842,M527,MG15,True,True,True,True,False,True,True,0.75,0.83,73,거절,수락,False,,,,추천 종료
MT00843,2026-07-15,M843,M546,MG10,False,False,False,True,True,False,True,0.5,0.52,76,수락,수락,True,2026-07-17,경남,True,애프터 성사
MT00844,2026-07-20,M844,M664,MG05,False,False,False,True,False,False,False,0.75,0.49,60,수락,미응답,False,,,,응답 대기 종료
MT00845,2026-07-05,M845,M601,MG16,True,True,True,True,False,False,False,0,0.68,58,미응답,미응답,False,,,,응답 대기 종료
MT00846,2026-07-19,M846,M275,MG07,False,False,True,True,False,True,True,0.25,0.71,69,수락,수락,True,2026-07-23,서울,True,애프터 성사
MT00847,2026-07-12,M847,M164,MG14,False,False,False,True,False,True,True,0.25,0.68,64,수락,거절,False,,,,추천 종료
MT00848,2026-07-30,M848,M625,MG09,True,True,False,True,False,False,False,0,0.69,51,거절,수락,False,,,,추천 종료
MT00849,2026-07-16,M849,M857,MG01,True,False,True,True,False,True,True,0.5,0.62,70,거절,거절,False,,,,추천 종료
MT00850,2026-07-29,M850,M457,MG20,False,True,True,False,False,False,True,0.5,0.75,73,거절,미응답,False,,,,응답 대기 종료
MT00851,2026-07-01,M851,M324,MG18,True,True,True,False,False,True,True,0.25,0.47,74,수락,거절,False,,,,추천 종료
MT00852,2026-07-14,M852,M526,MG07,False,False,True,True,False,False,True,0.5,0.48,76,미응답,거절,False,,,,응답 대기 종료
MT00853,2026-07-08,M853,M147,MG09,True,False,True,True,False,True,True,0.5,0.61,73,수락,수락,True,2026-07-14,세종,True,애프터 성사
MT00854,2026-07-17,M854,M591,MG12,False,True,True,True,False,False,True,0.25,0.29,60,거절,거절,False,,,,추천 종료
MT00855,2026-07-04,M855,M077,MG03,False,False,True,True,False,False,True,0,0.85,66,미응답,미응답,False,,,,응답 대기 종료
MT00856,2026-07-03,M856,M411,MG05,True,True,True,True,False,True,True,0.25,0.76,73,거절,수락,False,,,,추천 종료
MT00857,2026-07-06,M857,M932,MG06,True,True,False,True,False,False,True,0.5,0.83,62,거절,거절,False,,,,추천 종료
MT00858,2026-07-20,M858,M589,MG19,True,True,False,True,True,False,True,0.5,0.44,80,미응답,거절,False,,,,응답 대기 종료
MT00859,2026-07-03,M859,M293,MG17,False,False,True,False,True,True,True,0.75,0.66,78,수락,수락,True,2026-07-11,서울,True,애프터 성사
MT00860,2026-07-12,M860,M072,MG05,True,True,True,False,False,True,False,0.5,0.42,63,거절,수락,False,,,,추천 종료
MT00861,2026-07-06,M861,M572,MG20,False,True,False,True,True,False,True,0.25,0.75,72,미응답,미응답,False,,,,응답 대기 종료
MT00862,2026-07-03,M862,M570,MG16,False,False,False,True,False,True,True,0.25,0.22,62,수락,미응답,False,,,,응답 대기 종료
MT00863,2026-07-07,M863,M078,MG20,True,False,True,True,False,True,True,0.5,0.43,77,수락,수락,True,2026-07-20,경북,False,첫 만남 완료
MT00864,2026-07-23,M864,M569,MG06,False,False,True,True,False,False,False,0,0.36,63,미응답,미응답,False,,,,응답 대기 종료
MT00865,2026-07-19,M865,M235,MG02,True,True,True,True,False,False,False,0.75,0.53,71,거절,미응답,False,,,,응답 대기 종료
MT00866,2026-07-19,M866,M315,MG20,False,True,True,False,False,True,True,0,0.55,52,거절,수락,False,,,,추천 종료
MT00867,2026-07-19,M867,M841,MG06,True,True,False,True,False,False,False,0.25,0.46,58,거절,수락,False,,,,추천 종료
MT00868,2026-07-27,M868,M239,MG02,False,False,False,True,False,True,True,0,0.66,60,거절,수락,False,,,,추천 종료
MT00869,2026-07-17,M869,M450,MG04,True,False,True,False,False,False,True,0.25,0.46,64,미응답,수락,False,,,,응답 대기 종료
MT00870,2026-07-02,M870,M799,MG03,True,True,True,True,False,False,True,0.75,0.71,75,수락,거절,False,,,,추천 종료
MT00871,2026-07-03,M871,M515,MG19,True,True,True,False,False,True,True,0.5,0.32,64,미응답,미응답,False,,,,응답 대기 종료
MT00872,2026-07-25,M872,M766,MG15,False,False,True,True,False,True,True,0.25,0.88,69,거절,거절,False,,,,추천 종료
MT00873,2026-07-04,M873,M409,MG12,True,True,True,True,False,True,False,0,0.83,70,수락,수락,True,2026-07-18,경기,False,첫 만남 완료
MT00874,2026-07-26,M874,M301,MG18,True,False,True,False,True,True,False,0.5,0.99,78,수락,거절,False,,,,추천 종료
MT00875,2026-07-09,M875,M678,MG18,False,False,True,False,False,True,True,0.25,0.78,55,미응답,거절,False,,,,응답 대기 종료
MT00876,2026-07-02,M876,M866,MG08,True,True,False,True,False,True,True,0.25,0.79,67,거절,거절,False,,,,추천 종료
MT00877,2026-07-21,M877,M044,MG15,True,True,True,True,True,False,True,0.25,0.19,72,미응답,미응답,False,,,,응답 대기 종료
MT00878,2026-07-17,M878,M701,MG01,False,True,False,True,False,True,True,0,0.43,66,거절,미응답,False,,,,응답 대기 종료
MT00879,2026-07-24,M879,M248,MG09,True,True,True,True,False,False,True,0.25,0.56,63,미응답,수락,False,,,,응답 대기 종료
MT00880,2026-07-22,M880,M399,MG01,True,True,True,True,False,True,True,0.25,0.57,71,미응답,수락,False,,,,응답 대기 종료
MT00881,2026-07-18,M881,M844,MG19,False,True,False,True,False,False,False,0.5,0.79,58,수락,거절,False,,,,추천 종료
MT00882,2026-07-18,M882,M516,MG05,True,False,True,True,False,True,True,0.25,0.63,68,미응답,미응답,False,,,,응답 대기 종료
MT00883,2026-07-19,M883,M662,MG07,False,False,True,True,True,True,False,0.25,0.8,63,거절,미응답,False,,,,응답 대기 종료
MT00884,2026-07-27,M884,M762,MG06,True,True,True,False,False,False,True,0.5,0.76,66,미응답,수락,False,,,,응답 대기 종료
MT00885,2026-07-10,M885,M579,MG01,False,False,True,True,False,True,True,0,0.39,64,수락,미응답,False,,,,응답 대기 종료
MT00886,2026-07-28,M886,M626,MG16,True,True,True,True,False,False,True,0.5,0.45,76,수락,거절,False,,,,추천 종료
MT00887,2026-07-30,M887,M503,MG10,False,False,True,True,True,False,True,0,0.48,60,거절,거절,False,,,,추천 종료
MT00888,2026-07-01,M888,M742,MG04,False,False,True,True,False,True,True,0,0.47,63,미응답,수락,False,,,,응답 대기 종료
MT00889,2026-07-19,M889,M142,MG19,False,False,True,False,False,False,False,0.5,0.37,58,거절,미응답,False,,,,응답 대기 종료
MT00890,2026-07-24,M890,M400,MG05,False,True,True,True,False,False,False,0,0.78,64,수락,수락,True,2026-07-27,인천,True,애프터 성사
MT00891,2026-07-13,M891,M413,MG04,False,False,True,True,False,False,True,0.5,0.57,70,수락,미응답,False,,,,응답 대기 종료
MT00892,2026-07-03,M892,M826,MG03,True,True,True,False,False,True,True,0.25,0.43,70,거절,거절,False,,,,추천 종료
MT00893,2026-07-10,M893,M907,MG11,True,True,True,True,False,True,True,0,0.11,62,수락,거절,False,,,,추천 종료
MT00894,2026-07-01,M894,M100,MG04,True,True,True,True,False,False,True,0.25,0.86,72,수락,미응답,False,,,,응답 대기 종료
MT00895,2026-07-15,M895,M318,MG13,True,True,True,True,True,False,True,0,0.66,80,수락,수락,True,2026-07-18,충남,True,애프터 성사
MT00896,2026-07-06,M896,M158,MG04,True,True,True,True,True,True,True,0.5,0.52,84,수락,수락,True,2026-07-18,경기,True,애프터 성사
MT00897,2026-07-14,M897,M186,MG07,False,False,True,True,False,True,False,0.25,0.49,61,미응답,미응답,False,,,,응답 대기 종료
MT00898,2026-07-23,M898,M001,MG12,True,True,True,True,True,False,True,0.25,0.61,79,미응답,수락,False,,,,응답 대기 종료
MT00899,2026-07-04,M899,M181,MG16,True,True,True,True,False,False,True,0.5,0.82,77,미응답,미응답,False,,,,응답 대기 종료
MT00900,2026-07-18,M900,M323,MG09,True,True,True,False,False,False,True,1,0.84,85,미응답,거절,False,,,,응답 대기 종료
MT00901,2026-07-26,M901,M515,MG02,True,True,True,False,True,False,True,0,0.5,67,거절,수락,False,,,,추천 종료
MT00902,2026-07-07,M902,M863,MG09,True,True,True,True,True,True,True,0.25,0.67,76,미응답,수락,False,,,,응답 대기 종료
MT00903,2026-07-22,M903,M309,MG04,True,True,True,False,False,True,True,0.5,0.55,77,거절,수락,False,,,,추천 종료
MT00904,2026-07-30,M904,M457,MG04,True,True,True,True,False,True,True,0.25,0.74,74,미응답,미응답,False,,,,응답 대기 종료
MT00905,2026-07-17,M905,M464,MG02,True,True,True,False,False,True,True,0.5,0.68,72,거절,미응답,False,,,,응답 대기 종료
MT00906,2026-07-21,M906,M129,MG17,False,False,True,True,False,False,False,0.25,0.4,64,거절,미응답,False,,,,응답 대기 종료
MT00907,2026-07-03,M907,M452,MG05,False,False,True,False,False,False,True,0.75,0.54,74,수락,수락,True,2026-07-09,서울,True,애프터 성사
MT00908,2026-07-04,M908,M871,MG18,False,True,True,True,False,False,True,0.5,0.36,63,거절,수락,False,,,,추천 종료
MT00909,2026-07-17,M909,M684,MG18,False,True,True,True,False,True,True,0.25,0.53,70,수락,거절,False,,,,추천 종료
MT00910,2026-07-27,M910,M599,MG13,False,False,True,False,False,False,True,0.25,0.64,56,거절,미응답,False,,,,응답 대기 종료
MT00911,2026-07-28,M911,M974,MG14,True,True,True,True,True,True,True,0.75,0.58,87,수락,수락,True,2026-07-30,서울,True,애프터 성사
MT00912,2026-07-19,M912,M031,MG04,True,True,True,False,True,True,True,0.25,0.47,72,수락,거절,False,,,,추천 종료
MT00913,2026-07-03,M913,M140,MG03,True,True,True,True,False,True,True,0.5,0.82,74,수락,수락,True,2026-07-13,서울,False,첫 만남 완료
MT00914,2026-07-17,M914,M082,MG01,False,True,True,True,False,True,True,0.25,0.76,80,수락,수락,True,2026-07-27,서울,True,애프터 성사
MT00915,2026-07-12,M915,M087,MG03,False,False,False,True,False,True,True,0.25,0.93,69,미응답,수락,False,,,,응답 대기 종료
MT00916,2026-07-15,M916,M271,MG20,False,False,True,False,False,True,True,0.5,0.83,63,거절,거절,False,,,,추천 종료
MT00917,2026-07-25,M917,M413,MG07,False,False,False,True,False,False,False,0,0.86,55,수락,미응답,False,,,,응답 대기 종료
MT00918,2026-07-15,M918,M679,MG04,True,True,True,True,False,True,False,0.25,0.87,68,거절,미응답,False,,,,응답 대기 종료
MT00919,2026-07-19,M919,M002,MG03,False,False,True,False,False,False,False,0,0.94,62,미응답,미응답,False,,,,응답 대기 종료
MT00920,2026-07-22,M920,M862,MG19,False,False,True,True,False,True,True,0.5,0.36,75,거절,수락,False,,,,추천 종료
MT00921,2026-07-14,M921,M898,MG02,True,True,True,True,True,False,True,0.75,1,82,거절,수락,False,,,,추천 종료
MT00922,2026-07-30,M922,M151,MG02,False,False,True,True,False,True,False,0,0.65,62,거절,거절,False,,,,추천 종료
MT00923,2026-07-25,M923,M943,MG02,True,True,False,True,False,True,True,0,0.74,74,미응답,수락,False,,,,응답 대기 종료
MT00924,2026-07-13,M924,M449,MG02,True,True,False,True,False,True,False,0.25,0.36,62,거절,미응답,False,,,,응답 대기 종료
MT00925,2026-07-25,M925,M478,MG08,False,True,True,False,True,True,True,0.5,0.67,81,미응답,거절,False,,,,응답 대기 종료
MT00926,2026-07-02,M926,M395,MG07,False,False,True,True,False,False,True,0.25,0.64,56,미응답,미응답,False,,,,응답 대기 종료
MT00927,2026-07-25,M927,M050,MG05,False,False,True,False,False,True,False,0.25,0.46,54,거절,거절,False,,,,추천 종료
MT00928,2026-07-06,M928,M567,MG10,False,False,True,False,False,False,False,0.25,0.33,62,수락,수락,True,2026-07-13,부산,False,첫 만남 완료
MT00929,2026-07-11,M929,M286,MG05,False,False,True,True,False,True,True,0.25,0.55,70,거절,거절,False,,,,추천 종료
MT00930,2026-07-27,M930,M201,MG16,False,False,False,True,False,False,True,0.25,0.64,45,거절,미응답,False,,,,응답 대기 종료
MT00931,2026-07-24,M931,M414,MG12,False,False,True,True,False,False,True,0.5,0.76,73,수락,수락,True,2026-07-27,인천,False,첫 만남 완료
MT00932,2026-07-18,M932,M650,MG08,False,False,True,True,False,False,True,0.5,0.59,58,거절,수락,False,,,,추천 종료
MT00933,2026-07-25,M933,M169,MG06,False,True,True,False,True,False,False,0.25,0.62,72,미응답,미응답,False,,,,응답 대기 종료
MT00934,2026-07-15,M934,M986,MG01,True,True,True,True,True,True,True,0.75,0.69,86,거절,미응답,False,,,,응답 대기 종료
MT00935,2026-07-30,M935,M619,MG05,False,False,True,True,False,True,True,1,0.41,79,거절,수락,False,,,,추천 종료
MT00936,2026-07-22,M936,M283,MG08,True,True,True,False,False,True,True,0.5,0.48,66,수락,거절,False,,,,추천 종료
MT00937,2026-07-02,M937,M060,MG19,True,True,False,True,True,False,True,0.5,0.82,82,미응답,수락,False,,,,응답 대기 종료
MT00938,2026-07-08,M938,M377,MG01,False,False,False,True,False,False,False,0.25,0.71,51,거절,미응답,False,,,,응답 대기 종료
MT00939,2026-07-10,M939,M676,MG18,False,False,True,True,False,True,True,0.75,0.26,68,수락,거절,False,,,,추천 종료
MT00940,2026-07-16,M940,M160,MG19,True,True,False,True,False,False,False,0.25,0.75,64,수락,거절,False,,,,추천 종료
MT00941,2026-07-09,M941,M430,MG16,True,True,True,True,False,False,False,0,0.47,63,미응답,미응답,False,,,,응답 대기 종료
MT00942,2026-07-11,M942,M020,MG17,True,True,True,True,False,False,True,0.75,0.43,75,미응답,거절,False,,,,응답 대기 종료
MT00943,2026-07-08,M943,M773,MG07,False,True,True,False,False,True,True,0.25,0.51,69,수락,거절,False,,,,추천 종료
MT00944,2026-07-10,M944,M157,MG05,False,False,False,True,True,False,True,0.75,0.73,65,수락,거절,False,,,,추천 종료
MT00945,2026-07-16,M945,M368,MG13,True,True,False,True,True,False,False,0.25,0.93,73,거절,수락,False,,,,추천 종료
MT00946,2026-07-10,M946,M108,MG07,False,False,True,True,True,False,True,0.25,0.66,70,수락,수락,True,2026-07-19,대구,True,애프터 성사
MT00947,2026-07-22,M947,M198,MG18,False,True,False,True,False,True,True,0.5,0.41,67,수락,수락,True,2026-07-27,경기,True,애프터 성사
MT00948,2026-07-21,M948,M915,MG07,False,False,True,False,False,False,True,0.5,0.68,66,미응답,미응답,False,,,,응답 대기 종료
MT00949,2026-07-29,M949,M313,MG10,False,False,False,True,False,False,True,0.75,0.55,64,수락,미응답,False,,,,응답 대기 종료
MT00950,2026-07-25,M950,M683,MG10,False,False,False,True,False,True,True,0.75,0.6,61,미응답,미응답,False,,,,응답 대기 종료
MT00951,2026-07-16,M951,M053,MG12,False,False,True,False,True,True,True,0.5,0.57,73,거절,수락,False,,,,추천 종료
MT00952,2026-07-30,M952,M161,MG18,False,False,True,False,False,True,True,0.5,0.46,73,미응답,거절,False,,,,응답 대기 종료
MT00953,2026-07-05,M953,M962,MG01,False,False,True,True,False,True,True,0.25,0.74,68,수락,거절,False,,,,추천 종료
MT00954,2026-07-10,M954,M148,MG06,True,False,False,True,False,False,True,0.5,0.76,67,미응답,수락,False,,,,응답 대기 종료
MT00955,2026-07-17,M955,M634,MG13,True,True,True,True,False,True,True,0.25,0.65,77,수락,수락,True,2026-07-30,서울,True,애프터 성사
MT00956,2026-07-08,M956,M824,MG16,False,True,True,True,False,True,True,0.25,0.78,66,수락,수락,True,2026-07-11,경기,True,애프터 성사
MT00957,2026-07-25,M957,M952,MG20,False,False,True,True,False,False,True,0.5,0.62,72,미응답,수락,False,,,,응답 대기 종료
MT00958,2026-07-01,M958,M594,MG04,False,False,True,True,False,False,True,0.75,0.55,71,미응답,거절,False,,,,응답 대기 종료
MT00959,2026-07-27,M959,M354,MG16,False,False,False,True,False,True,True,0.25,0.82,74,미응답,수락,False,,,,응답 대기 종료
MT00960,2026-07-19,M960,M579,MG07,False,False,True,True,False,False,False,0.25,0.35,66,미응답,미응답,False,,,,응답 대기 종료
MT00961,2026-07-04,M961,M604,MG18,True,True,True,True,False,True,False,0,0.49,71,수락,거절,False,,,,추천 종료
MT00962,2026-07-27,M962,M345,MG04,False,True,True,True,False,True,True,0.25,0.96,70,미응답,미응답,False,,,,응답 대기 종료
MT00963,2026-07-19,M963,M453,MG09,True,True,True,True,False,True,True,0.5,0.42,77,수락,수락,True,2026-08-01,인천,True,애프터 성사
MT00964,2026-07-28,M964,M707,MG20,False,False,True,True,False,False,True,0.25,0.35,65,거절,미응답,False,,,,응답 대기 종료
MT00965,2026-07-16,M965,M775,MG18,True,True,True,True,False,True,True,0.75,1,86,미응답,미응답,False,,,,응답 대기 종료
MT00966,2026-07-23,M966,M072,MG11,True,True,True,False,False,False,False,0.5,0.61,64,미응답,수락,False,,,,응답 대기 종료
MT00967,2026-07-28,M967,M478,MG10,False,False,True,True,False,False,True,0.25,0.65,73,거절,수락,False,,,,추천 종료
MT00968,2026-07-06,M968,M448,MG10,False,True,False,True,False,True,True,0.5,0.58,77,미응답,수락,False,,,,응답 대기 종료
MT00969,2026-07-13,M969,M621,MG03,False,False,False,True,False,True,True,0.25,0.4,62,미응답,수락,False,,,,응답 대기 종료
MT00970,2026-07-24,M970,M784,MG20,False,False,False,True,False,True,True,0.75,0.73,75,수락,거절,False,,,,추천 종료
MT00971,2026-07-21,M971,M799,MG08,False,True,True,True,False,True,True,0,0.72,57,미응답,거절,False,,,,응답 대기 종료
MT00972,2026-07-29,M972,M207,MG06,True,False,False,True,False,True,True,0.25,0.6,67,수락,거절,False,,,,추천 종료
MT00973,2026-07-20,M973,M409,MG04,False,False,True,True,True,False,True,0.5,0.86,72,미응답,수락,False,,,,응답 대기 종료
MT00974,2026-07-10,M974,M190,MG16,False,False,True,True,False,True,True,0.5,0.72,73,수락,수락,True,2026-07-12,인천,True,애프터 성사
MT00975,2026-07-23,M975,M966,MG02,True,True,True,True,False,True,True,0.5,0.46,75,미응답,수락,False,,,,응답 대기 종료
MT00976,2026-07-19,M976,M921,MG14,True,True,False,True,False,False,True,0.5,0.74,68,미응답,수락,False,,,,응답 대기 종료
MT00977,2026-07-04,M977,M419,MG12,True,True,False,True,False,False,False,0,0.71,60,거절,수락,False,,,,추천 종료
MT00978,2026-07-20,M978,M621,MG15,False,True,True,True,True,False,True,0.5,0.89,86,수락,미응답,False,,,,응답 대기 종료
MT00979,2026-07-01,M979,M476,MG07,True,True,False,True,False,True,False,0.25,0.66,66,미응답,거절,False,,,,응답 대기 종료
MT00980,2026-07-15,M980,M102,MG09,False,False,True,True,False,True,True,0.5,0.75,77,수락,거절,False,,,,추천 종료
MT00981,2026-07-17,M981,M823,MG06,False,False,True,False,True,False,False,0,0.63,61,거절,거절,False,,,,추천 종료
MT00982,2026-07-23,M982,M109,MG06,False,False,True,False,False,True,False,0,0.86,64,거절,수락,False,,,,추천 종료
MT00983,2026-07-05,M983,M041,MG13,False,False,True,True,True,False,True,0.5,0.74,77,거절,미응답,False,,,,응답 대기 종료
MT00984,2026-07-25,M984,M111,MG01,True,True,True,False,False,True,True,0.25,0.47,70,수락,미응답,False,,,,응답 대기 종료
MT00985,2026-07-20,M985,M398,MG17,True,True,True,True,False,True,False,0.25,0.89,79,수락,거절,False,,,,추천 종료
MT00986,2026-07-17,M986,M112,MG02,False,False,False,True,True,False,True,0.75,0.7,70,미응답,거절,False,,,,응답 대기 종료
MT00987,2026-07-02,M987,M386,MG06,True,True,False,True,False,True,True,0.75,0.95,85,거절,거절,False,,,,추천 종료
MT00988,2026-07-17,M988,M135,MG11,True,True,False,True,False,False,True,0.5,0.7,75,거절,수락,False,,,,추천 종료
MT00989,2026-07-06,M989,M537,MG13,False,False,True,True,False,True,True,0.25,0.66,68,미응답,수락,False,,,,응답 대기 종료
MT00990,2026-07-10,M990,M122,MG08,False,False,True,True,True,True,True,0.25,0.9,75,거절,수락,False,,,,추천 종료
MT00991,2026-07-29,M991,M982,MG06,False,False,False,True,False,True,True,0.75,0.65,76,수락,수락,False,,,,추천 종료
MT00992,2026-07-14,M992,M731,MG13,True,False,True,True,False,True,False,0,0.46,63,거절,미응답,False,,,,응답 대기 종료
MT00993,2026-07-06,M993,M852,MG03,True,False,True,True,False,True,False,0.25,0.73,72,수락,수락,True,2026-07-15,서울,True,애프터 성사
MT00994,2026-07-23,M994,M350,MG03,False,False,False,True,False,False,True,0.5,0.5,62,거절,미응답,False,,,,응답 대기 종료
MT00995,2026-07-27,M995,M861,MG20,True,True,True,True,False,False,True,0.25,0.5,70,거절,거절,False,,,,추천 종료
MT00996,2026-07-12,M996,M793,MG03,True,True,False,True,True,True,True,0.25,0.84,81,미응답,수락,False,,,,응답 대기 종료
MT00997,2026-07-11,M997,M012,MG06,False,False,True,False,False,True,True,0.25,0.63,62,미응답,미응답,False,,,,응답 대기 종료
MT00998,2026-07-07,M998,M282,MG05,True,True,False,True,False,False,True,0.75,0.69,67,미응답,미응답,False,,,,응답 대기 종료
MT00999,2026-07-11,M999,M105,MG16,True,True,True,False,False,True,True,0,0.6,63,수락,미응답,False,,,,응답 대기 종료
MT01000,2026-07-17,M1000,M811,MG05,False,False,False,True,True,False,True,0.25,0.86,63,수락,수락,True,2026-07-25,서울,True,애프터 성사
MT01001,2026-07-03,M001,M358,MG16,True,True,False,True,False,True,True,0.5,0.45,78,미응답,수락,False,,,,응답 대기 종료
MT01002,2026-07-04,M002,M048,MG11,False,True,True,False,False,True,False,0.25,0.34,64,미응답,수락,False,,,,응답 대기 종료
MT01003,2026-07-11,M003,M561,MG19,True,True,True,True,False,True,True,0.5,0.49,73,수락,수락,True,2026-07-24,인천,False,첫 만남 완료
MT01004,2026-07-29,M004,M521,MG16,True,True,True,False,False,False,True,0.5,0.64,69,거절,수락,False,,,,추천 종료
MT01005,2026-07-28,M005,M987,MG13,False,False,True,False,False,True,True,0.25,0.71,65,미응답,수락,False,,,,응답 대기 종료
MT01006,2026-07-06,M006,M069,MG17,False,False,True,True,False,False,True,0.25,0.5,58,미응답,수락,False,,,,응답 대기 종료
MT01007,2026-07-11,M007,M537,MG15,False,False,True,True,False,True,True,0.5,0.62,75,수락,미응답,False,,,,응답 대기 종료
MT01008,2026-07-10,M008,M121,MG05,False,False,True,False,False,False,False,0,0.27,53,미응답,미응답,False,,,,응답 대기 종료
MT01009,2026-07-26,M009,M571,MG14,False,False,True,True,True,True,True,0,0.63,65,미응답,미응답,False,,,,응답 대기 종료
MT01010,2026-07-21,M010,M514,MG07,False,False,True,True,False,True,True,0.25,0.49,69,수락,거절,False,,,,추천 종료
MT01011,2026-07-27,M011,M614,MG10,False,False,False,True,False,True,False,0,0.58,58,미응답,미응답,False,,,,응답 대기 종료
MT01012,2026-07-18,M012,M126,MG20,False,False,True,False,False,False,True,0.5,0.61,55,미응답,거절,False,,,,응답 대기 종료
MT01013,2026-07-05,M013,M950,MG17,True,True,True,False,True,False,True,0.25,0.53,63,거절,미응답,False,,,,응답 대기 종료
MT01014,2026-07-01,M014,M457,MG12,True,True,True,False,False,False,True,0.25,0.35,65,수락,미응답,False,,,,응답 대기 종료
MT01015,2026-07-25,M015,M199,MG10,False,False,True,True,True,True,True,0.25,0.94,72,거절,수락,False,,,,추천 종료
MT01016,2026-07-28,M016,M404,MG03,False,True,True,False,True,False,True,0.25,0.83,75,거절,수락,False,,,,추천 종료
MT01017,2026-07-04,M017,M595,MG14,False,True,True,False,False,True,True,0.25,0.61,61,거절,수락,False,,,,추천 종료
MT01018,2026-07-02,M018,M818,MG18,True,True,False,False,False,False,True,0.75,0.53,66,미응답,거절,False,,,,응답 대기 종료
MT01019,2026-07-06,M019,M422,MG06,False,False,True,True,False,False,True,0,0.78,59,미응답,수락,False,,,,응답 대기 종료
MT01020,2026-07-18,M020,M214,MG15,True,True,False,True,True,False,False,0.25,0.81,74,미응답,거절,False,,,,응답 대기 종료
MT01021,2026-07-24,M021,M426,MG20,True,True,True,True,False,True,True,0.5,0.69,85,미응답,미응답,False,,,,응답 대기 종료
MT01022,2026-07-26,M022,M294,MG15,False,False,True,False,False,True,True,0.25,0.63,69,미응답,거절,False,,,,응답 대기 종료
MT01023,2026-07-10,M023,M699,MG10,True,True,True,True,False,True,False,0.25,0.84,72,미응답,수락,False,,,,응답 대기 종료
MT01024,2026-07-25,M024,M035,MG03,False,True,True,False,False,True,True,0.25,0.75,74,거절,수락,False,,,,추천 종료
MT01025,2026-07-11,M025,M661,MG02,True,True,True,True,True,False,False,0.25,0.33,69,거절,수락,False,,,,추천 종료
MT01026,2026-07-23,M026,M392,MG14,True,True,False,True,True,True,True,0.75,0.55,80,수락,수락,True,2026-07-30,서울,True,애프터 성사
MT01027,2026-07-02,M027,M118,MG10,False,False,True,False,True,True,False,0.5,0.28,63,거절,미응답,False,,,,응답 대기 종료
MT01028,2026-07-21,M028,M419,MG20,True,False,True,True,False,False,False,0.25,0.73,65,거절,거절,False,,,,추천 종료
MT01029,2026-07-18,M029,M442,MG03,True,True,True,True,False,False,True,0.5,0.49,77,거절,수락,False,,,,추천 종료
MT01030,2026-07-10,M030,M437,MG16,False,True,True,True,False,True,False,0.5,0.56,67,거절,미응답,False,,,,응답 대기 종료
MT01031,2026-07-13,M031,M055,MG12,True,True,False,True,False,False,True,0.75,0.6,63,수락,거절,False,,,,추천 종료
MT01032,2026-07-12,M032,M760,MG11,False,False,True,False,False,True,True,0.25,0.72,71,미응답,수락,False,,,,응답 대기 종료
MT01033,2026-07-09,M033,M640,MG05,True,True,True,True,False,False,False,0.5,0.66,67,미응답,수락,False,,,,응답 대기 종료
MT01034,2026-07-25,M034,M933,MG05,True,False,False,True,False,False,False,0.25,0.37,56,미응답,거절,False,,,,응답 대기 종료
MT01035,2026-07-25,M035,M141,MG13,True,True,False,True,False,True,True,0.25,0.54,77,거절,미응답,False,,,,응답 대기 종료
MT01036,2026-07-18,M036,M272,MG20,False,False,True,False,False,True,True,0.25,0.31,65,거절,거절,False,,,,추천 종료
MT01037,2026-07-18,M037,M533,MG01,True,True,True,True,False,True,False,0.25,0.69,73,미응답,거절,False,,,,응답 대기 종료
MT01038,2026-07-12,M038,M341,MG13,True,False,True,True,False,False,True,0.5,0.77,73,미응답,미응답,False,,,,응답 대기 종료
MT01039,2026-07-14,M039,M274,MG19,False,False,True,False,False,True,False,0.5,0.47,62,거절,수락,False,,,,추천 종료
MT01040,2026-07-16,M040,M350,MG08,True,False,False,True,False,False,True,0.25,0.72,66,미응답,거절,False,,,,응답 대기 종료
MT01041,2026-07-22,M041,M572,MG16,False,False,True,True,False,False,True,0.5,0.3,73,미응답,미응답,False,,,,응답 대기 종료
MT01042,2026-07-20,M042,M086,MG06,True,True,True,True,False,True,True,0.5,0.54,79,수락,미응답,False,,,,응답 대기 종료
MT01043,2026-07-15,M043,M534,MG11,False,False,True,True,False,False,True,0.75,0.77,70,미응답,수락,False,,,,응답 대기 종료
MT01044,2026-07-17,M044,M309,MG12,True,True,True,False,True,False,True,0.25,0.68,73,미응답,미응답,False,,,,응답 대기 종료
MT01045,2026-07-11,M045,M696,MG13,True,True,False,True,False,True,True,0.5,0.74,71,수락,수락,True,2026-07-25,경남,True,애프터 성사
MT01046,2026-07-23,M046,M762,MG20,False,True,False,True,False,False,True,0,0.76,66,거절,수락,False,,,,추천 종료
MT01047,2026-07-21,M047,M596,MG05,True,True,True,True,False,True,False,0,0.68,68,거절,미응답,False,,,,응답 대기 종료
MT01048,2026-07-04,M048,M555,MG01,True,False,True,True,False,True,True,0.25,0.62,78,거절,미응답,False,,,,응답 대기 종료
MT01049,2026-07-15,M049,M999,MG20,True,True,False,True,False,False,False,0.25,1,71,거절,수락,False,,,,추천 종료
MT01050,2026-07-29,M050,M125,MG14,True,True,True,True,False,True,False,0,0.51,62,거절,미응답,False,,,,응답 대기 종료
MT01051,2026-07-04,M051,M224,MG17,False,False,True,True,False,False,True,0.25,0.47,61,거절,거절,False,,,,추천 종료
MT01052,2026-07-14,M052,M485,MG13,False,False,True,True,True,False,True,0.5,0.85,83,수락,수락,True,2026-07-22,서울,False,첫 만남 완료
MT01053,2026-07-05,M053,M139,MG18,False,False,False,True,False,True,True,0.25,0.2,59,거절,거절,False,,,,추천 종료
MT01054,2026-07-05,M054,M542,MG10,True,True,False,True,False,False,True,0.5,0.45,67,수락,미응답,False,,,,응답 대기 종료
MT01055,2026-07-04,M055,M925,MG16,True,True,True,True,False,False,True,0.5,0.56,78,미응답,미응답,False,,,,응답 대기 종료
MT01056,2026-07-13,M056,M224,MG06,False,False,True,True,False,False,True,1,0.71,79,미응답,수락,False,,,,응답 대기 종료
MT01057,2026-07-07,M057,M016,MG04,False,False,True,True,True,False,True,0.25,0.46,72,수락,미응답,False,,,,응답 대기 종료
MT01058,2026-07-01,M058,M579,MG09,False,False,True,True,False,False,False,0,0.49,64,거절,미응답,False,,,,응답 대기 종료
MT01059,2026-07-24,M059,M021,MG05,False,False,True,False,False,True,True,0.5,0.67,75,거절,수락,False,,,,추천 종료
MT01060,2026-07-14,M060,M145,MG03,False,True,True,False,False,True,True,0.5,0.92,73,수락,미응답,False,,,,응답 대기 종료
MT01061,2026-07-29,M061,M116,MG19,False,True,False,True,False,False,True,0.5,0.54,63,거절,수락,False,,,,추천 종료
MT01062,2026-07-26,M062,M244,MG08,False,False,True,False,False,True,True,0.25,0.7,66,거절,미응답,False,,,,응답 대기 종료
MT01063,2026-07-24,M063,M142,MG01,False,True,True,True,False,False,False,0,0.56,62,거절,미응답,False,,,,응답 대기 종료
MT01064,2026-07-09,M064,M838,MG13,True,True,True,False,False,False,True,0.25,0.77,68,수락,미응답,False,,,,응답 대기 종료
MT01065,2026-07-21,M065,M391,MG17,False,False,True,True,False,True,True,0.25,0.79,68,수락,거절,False,,,,추천 종료
MT01066,2026-07-23,M066,M239,MG08,True,True,False,True,False,False,True,0.75,0.51,68,미응답,수락,False,,,,응답 대기 종료
MT01067,2026-07-29,M067,M644,MG12,False,False,True,True,False,True,False,0.25,0.46,54,거절,미응답,False,,,,응답 대기 종료
MT01068,2026-07-10,M068,M163,MG02,False,True,True,True,True,False,True,0.25,0.72,65,미응답,수락,False,,,,응답 대기 종료
MT01069,2026-07-10,M069,M396,MG19,True,True,True,True,False,False,True,0.75,0.87,78,수락,수락,True,2026-07-20,경기,True,애프터 성사
MT01070,2026-07-22,M070,M573,MG20,True,True,True,False,False,True,True,0.5,0.63,70,미응답,미응답,False,,,,응답 대기 종료
MT01071,2026-07-04,M071,M280,MG08,False,False,True,False,True,False,False,0.5,0.27,49,미응답,미응답,False,,,,응답 대기 종료
MT01072,2026-07-23,M072,M798,MG17,True,False,False,True,False,True,False,0.75,0.43,66,수락,거절,False,,,,추천 종료
MT01073,2026-07-17,M073,M047,MG19,False,False,True,True,True,True,False,0.25,0.96,75,수락,미응답,False,,,,응답 대기 종료
MT01074,2026-07-21,M074,M276,MG16,False,False,True,False,True,False,True,0.25,0.76,63,거절,거절,False,,,,추천 종료
MT01075,2026-07-25,M075,M151,MG02,True,True,False,True,False,True,False,0.5,0.76,74,수락,거절,False,,,,추천 종료
MT01076,2026-07-05,M076,M159,MG04,True,False,True,True,False,False,True,0.25,0.61,66,수락,거절,False,,,,추천 종료
MT01077,2026-07-15,M077,M469,MG04,True,True,False,True,False,True,True,0.5,0.68,63,거절,미응답,False,,,,응답 대기 종료
MT01078,2026-07-27,M078,M123,MG09,False,True,True,False,False,False,True,0.5,0.8,57,거절,수락,False,,,,추천 종료
MT01079,2026-07-15,M079,M566,MG03,False,False,True,True,False,False,True,0,0.72,69,거절,거절,False,,,,추천 종료
MT01080,2026-07-07,M080,M790,MG19,True,True,True,True,True,True,True,0.75,0.86,95,수락,미응답,False,,,,응답 대기 종료
MT01081,2026-07-18,M081,M326,MG12,True,True,True,True,True,False,True,0.25,0.68,74,수락,거절,False,,,,추천 종료
MT01082,2026-07-27,M082,M013,MG20,True,True,True,True,False,False,True,0.5,0.33,72,미응답,거절,False,,,,응답 대기 종료
MT01083,2026-07-08,M083,M123,MG05,False,True,True,True,True,True,True,1,0.58,93,수락,수락,True,2026-07-16,경기,True,애프터 성사
MT01084,2026-07-13,M084,M600,MG11,True,True,True,True,False,True,True,0.5,0.52,84,수락,수락,True,2026-07-21,경기,True,애프터 성사
MT01085,2026-07-17,M085,M914,MG11,True,True,True,True,False,True,True,0.25,0.75,78,수락,수락,True,2026-07-29,서울,False,첫 만남 완료
MT01086,2026-07-08,M086,M877,MG05,True,True,True,True,False,False,True,0.75,0.67,66,미응답,거절,False,,,,응답 대기 종료
MT01087,2026-07-09,M087,M648,MG13,False,False,False,True,False,True,True,0.5,0.59,68,수락,미응답,False,,,,응답 대기 종료
MT01088,2026-07-12,M088,M863,MG06,True,True,True,False,False,True,True,0.5,0.69,73,거절,미응답,False,,,,응답 대기 종료
MT01089,2026-07-27,M089,M622,MG07,True,True,True,True,True,False,False,0.25,0.71,70,수락,수락,True,2026-08-08,부산,False,첫 만남 완료
MT01090,2026-07-23,M090,M514,MG03,True,True,False,True,False,True,True,0.5,0.55,68,수락,수락,True,2026-07-26,경기,True,애프터 성사
MT01091,2026-07-25,M091,M728,MG09,True,True,True,True,False,True,True,0.5,0.77,71,수락,미응답,False,,,,응답 대기 종료
MT01092,2026-07-14,M092,M067,MG04,False,False,True,True,False,True,True,0.25,0.82,68,수락,수락,True,2026-07-24,경기,True,애프터 성사
MT01093,2026-07-05,M093,M196,MG08,False,False,False,True,False,True,True,0.25,0.39,60,미응답,미응답,False,,,,응답 대기 종료
MT01094,2026-07-11,M094,M323,MG11,False,False,True,False,False,True,True,0.75,0.43,65,거절,수락,False,,,,추천 종료
MT01095,2026-07-29,M095,M650,MG04,False,False,False,True,False,True,True,1,0.31,72,미응답,수락,False,,,,응답 대기 종료
MT01096,2026-07-09,M096,M170,MG02,True,True,True,True,False,True,True,0.5,0.88,87,수락,수락,True,2026-07-14,서울,False,첫 만남 완료
MT01097,2026-07-03,M097,M100,MG02,True,True,True,True,False,False,True,0.75,0.75,86,수락,미응답,False,,,,응답 대기 종료
MT01098,2026-07-24,M098,M874,MG06,False,False,True,True,True,False,True,0.5,0.72,82,수락,수락,True,2026-08-06,서울,False,첫 만남 완료
MT01099,2026-07-29,M099,M326,MG10,True,True,False,True,False,False,True,0,0.56,61,미응답,거절,False,,,,응답 대기 종료
MT01100,2026-07-17,M100,M962,MG18,False,False,True,True,False,True,True,0.75,0.33,64,미응답,미응답,False,,,,응답 대기 종료
MT01101,2026-07-08,M101,M154,MG05,True,True,True,True,False,True,True,0.75,0.55,78,수락,수락,True,2026-07-15,서울,False,첫 만남 완료
MT01102,2026-07-28,M102,M968,MG10,True,True,True,True,True,True,True,0.75,0.59,92,미응답,,False,,,,응답 대기 종료
MT01103,2026-07-24,M103,M464,MG09,False,False,True,False,True,True,True,0.25,0.69,68,미응답,미응답,False,,,,응답 대기 종료
MT01104,2026-07-17,M104,M283,MG19,False,False,False,True,False,False,False,0.5,0.86,64,미응답,거절,False,,,,응답 대기 종료
MT01105,2026-07-15,M105,M490,MG06,False,True,False,True,True,True,True,0.25,0.73,67,거절,거절,False,,,,추천 종료
MT01106,2026-07-13,M106,M619,MG10,False,False,False,True,False,True,True,0.5,0.59,64,수락,수락,True,2026-07-26,서울,True,애프터 성사
MT01107,2026-07-06,M107,M557,MG20,False,False,False,True,False,True,True,0.25,0.73,59,미응답,거절,False,,,,응답 대기 종료
MT01108,2026-07-10,M108,M439,MG07,False,False,False,True,False,False,False,0,0.92,58,거절,거절,False,,,,추천 종료
MT01109,2026-07-21,M109,M689,MG07,False,False,True,True,False,True,True,0.25,0.63,71,거절,거절,False,,,,추천 종료
MT01110,2026-07-24,M110,M630,MG09,False,False,True,True,False,True,True,0.25,0.65,66,거절,미응답,False,,,,응답 대기 종료
MT01111,2026-07-20,M111,M535,MG07,False,False,True,True,False,True,False,0,1,60,미응답,수락,False,,,,응답 대기 종료
MT01112,2026-07-17,M112,M612,MG01,False,False,True,True,True,False,True,0.5,0.54,68,거절,미응답,False,,,,응답 대기 종료
MT01113,2026-07-28,M113,M252,MG15,False,False,False,True,False,False,True,0.25,0.71,56,미응답,수락,False,,,,응답 대기 종료
MT01114,2026-07-17,M114,M752,MG13,True,True,False,True,False,False,True,0.25,0.41,60,수락,미응답,False,,,,응답 대기 종료
MT01115,2026-07-13,M115,M726,MG01,True,True,False,True,False,True,True,0.5,0.8,74,미응답,수락,False,,,,응답 대기 종료
MT01116,2026-07-20,M116,M842,MG11,False,False,True,False,False,False,True,0.5,0.33,59,미응답,거절,False,,,,응답 대기 종료
MT01117,2026-07-27,M117,M387,MG11,True,True,True,False,True,True,True,0,0.55,77,미응답,미응답,False,,,,응답 대기 종료
MT01118,2026-07-20,M118,M950,MG08,False,False,True,False,False,True,True,0.5,0.6,63,미응답,거절,False,,,,응답 대기 종료
MT01119,2026-07-27,M119,M714,MG19,False,False,True,False,False,False,True,0.75,0.45,66,미응답,거절,False,,,,응답 대기 종료
MT01120,2026-07-11,M120,M319,MG05,False,False,True,False,False,True,True,0,0.67,63,미응답,거절,False,,,,응답 대기 종료
MT01121,2026-07-23,M121,M143,MG03,True,True,True,True,False,False,True,0.25,0.46,76,미응답,거절,False,,,,응답 대기 종료
MT01122,2026-07-28,M122,M316,MG14,True,True,True,False,True,False,True,0.25,0.67,78,수락,수락,True,2026-07-30,서울,True,애프터 성사
MT01123,2026-07-05,M123,M982,MG08,False,False,True,True,False,True,True,0.5,0.8,78,수락,거절,False,,,,추천 종료
MT01124,2026-07-07,M124,M648,MG11,False,False,True,True,True,True,True,0.5,0.74,81,거절,수락,False,,,,추천 종료
MT01125,2026-07-15,M125,M188,MG12,False,False,False,True,False,True,False,0,0.52,53,미응답,미응답,False,,,,응답 대기 종료
MT01126,2026-07-05,M126,M299,MG07,False,False,False,True,False,False,True,0.75,0.56,60,미응답,미응답,False,,,,응답 대기 종료
MT01127,2026-07-13,M127,M611,MG02,False,False,False,True,False,False,True,0,0.54,53,거절,미응답,False,,,,응답 대기 종료
MT01128,2026-07-23,M128,M741,MG09,False,False,False,True,True,True,True,0.25,0.43,74,미응답,수락,False,,,,응답 대기 종료
MT01129,2026-07-06,M129,M243,MG15,False,False,False,True,False,True,True,0.25,0.59,66,거절,수락,False,,,,추천 종료
MT01130,2026-07-26,M130,M168,MG03,True,True,True,True,False,True,True,0.5,0.36,82,거절,수락,False,,,,추천 종료
MT01131,2026-07-17,M131,M195,MG16,False,False,True,True,False,False,True,0.25,0.53,70,거절,거절,False,,,,추천 종료
MT01132,2026-07-22,M132,M242,MG17,False,True,True,True,False,False,False,0.25,0.53,65,거절,미응답,False,,,,응답 대기 종료
MT01133,2026-07-02,M133,M918,MG07,True,True,True,True,True,True,False,0.5,0.67,83,거절,수락,False,,,,추천 종료
MT01134,2026-07-29,M134,M666,MG02,True,True,True,False,False,False,False,0.5,0.78,57,거절,거절,False,,,,추천 종료
MT01135,2026-07-05,M135,M788,MG20,True,False,True,False,False,False,True,0.5,0.77,71,미응답,수락,False,,,,응답 대기 종료
MT01136,2026-07-02,M136,M816,MG02,False,False,True,True,False,False,False,0.25,0.57,57,거절,수락,False,,,,추천 종료
MT01137,2026-07-27,M137,M933,MG02,False,False,True,True,True,False,False,0.25,0.72,73,거절,거절,False,,,,추천 종료
MT01138,2026-07-13,M138,M025,MG11,True,True,True,True,True,True,False,0,0.53,77,수락,수락,True,2026-07-19,서울,False,첫 만남 완료
MT01139,2026-07-20,M139,M474,MG19,True,True,True,False,False,False,True,0.25,0.5,62,수락,거절,False,,,,추천 종료
MT01140,2026-07-29,M140,M158,MG17,False,True,False,True,False,True,True,0.5,0.89,63,거절,거절,False,,,,추천 종료
MT01141,2026-07-06,M141,M931,MG12,False,False,False,True,False,False,True,0.5,0.26,62,거절,거절,False,,,,추천 종료
MT01142,2026-07-11,M142,M291,MG17,False,False,True,True,False,False,False,0.5,0.64,72,거절,미응답,False,,,,응답 대기 종료
MT01143,2026-07-29,M143,M038,MG08,True,True,True,True,False,True,True,0.5,0.57,84,미응답,미응답,False,,,,응답 대기 종료
MT01144,2026-07-16,M144,M605,MG20,False,False,True,True,False,False,True,0,0.64,59,거절,미응답,False,,,,응답 대기 종료
MT01145,2026-07-12,M145,M495,MG05,False,False,True,True,False,True,True,0.5,0.79,77,거절,거절,False,,,,추천 종료
MT01146,2026-07-02,M146,M799,MG11,True,True,True,True,False,False,True,0.75,0.36,71,수락,수락,False,,,,추천 종료
MT01147,2026-07-14,M147,M601,MG02,True,True,True,False,True,False,False,0.25,0.67,74,수락,미응답,False,,,,응답 대기 종료
MT01148,2026-07-28,M148,M377,MG19,True,True,True,True,False,False,False,0.25,0.44,63,거절,거절,False,,,,추천 종료
MT01149,2026-07-29,M149,M328,MG12,False,False,True,False,False,True,False,0.5,0.69,61,거절,미응답,False,,,,응답 대기 종료
MT01150,2026-07-16,M150,M361,MG08,True,True,True,True,True,True,True,0.25,0.58,75,미응답,수락,False,,,,응답 대기 종료
MT01151,2026-07-30,M151,M373,MG10,False,False,True,False,False,True,False,0,0.83,59,수락,거절,False,,,,추천 종료
MT01152,2026-07-15,M152,M897,MG06,False,False,False,True,False,False,True,0.25,0.66,58,미응답,미응답,False,,,,응답 대기 종료
MT01153,2026-07-28,M153,M783,MG08,True,True,True,False,False,True,True,0.5,0.35,81,거절,미응답,False,,,,응답 대기 종료
MT01154,2026-07-05,M154,M927,MG13,False,False,True,True,False,True,True,0.5,0.89,72,수락,거절,False,,,,추천 종료
MT01155,2026-07-08,M155,M684,MG16,False,True,True,True,False,True,True,0.5,0.62,69,거절,수락,False,,,,추천 종료
MT01156,2026-07-12,M156,M532,MG09,False,False,True,True,True,True,True,0,0.71,70,거절,미응답,False,,,,응답 대기 종료
MT01157,2026-07-28,M157,M825,MG10,False,False,True,False,True,False,True,0.75,0.26,71,거절,미응답,False,,,,응답 대기 종료
MT01158,2026-07-09,M158,M503,MG09,False,False,True,True,True,False,True,0.75,0.77,78,수락,거절,False,,,,추천 종료
MT01159,2026-07-23,M159,M815,MG01,False,False,True,True,False,False,True,0.75,0.75,72,거절,수락,False,,,,추천 종료
MT01160,2026-07-07,M160,M039,MG20,True,True,True,True,True,False,False,0.25,0.61,72,미응답,수락,False,,,,응답 대기 종료
MT01161,2026-07-03,M161,M191,MG11,True,True,True,False,False,True,True,0.25,0.63,72,거절,수락,False,,,,추천 종료
MT01162,2026-07-26,M162,M616,MG06,True,True,True,True,False,True,True,0.75,0.36,86,수락,미응답,False,,,,응답 대기 종료
MT01163,2026-07-23,M163,M652,MG14,True,True,True,False,False,False,True,0.5,0.33,63,수락,수락,True,2026-07-27,서울,True,애프터 성사
MT01164,2026-07-02,M164,M138,MG02,False,False,True,False,False,True,False,0.25,0.5,58,거절,미응답,False,,,,응답 대기 종료
MT01165,2026-07-20,M165,M379,MG14,False,True,True,False,False,True,True,0.75,0.64,72,거절,거절,False,,,,추천 종료
MT01166,2026-07-14,M166,M650,MG13,False,False,False,True,False,True,True,0.5,0.84,71,수락,미응답,False,,,,응답 대기 종료
MT01167,2026-07-16,M167,M722,MG15,False,False,True,True,False,True,True,0.5,0.39,66,거절,거절,False,,,,추천 종료
MT01168,2026-07-30,M168,M720,MG12,False,False,False,True,False,True,True,0.25,0.74,70,거절,거절,False,,,,추천 종료
MT01169,2026-07-16,M169,M098,MG16,False,False,True,True,False,True,True,0.5,1,78,거절,수락,False,,,,추천 종료
MT01170,2026-07-10,M170,M415,MG02,False,True,True,True,True,True,True,0.5,0.39,83,수락,수락,True,2026-07-12,서울,True,애프터 성사
MT01171,2026-07-19,M171,M574,MG02,True,True,False,True,False,False,True,0.25,1,70,수락,수락,True,2026-07-25,경남,False,첫 만남 완료
MT01172,2026-07-22,M172,M841,MG20,True,True,True,True,False,False,True,0.25,0.85,80,거절,수락,False,,,,추천 종료
MT01173,2026-07-04,M173,M417,MG16,True,True,True,True,False,False,True,0.5,0.46,77,거절,거절,False,,,,추천 종료
MT01174,2026-07-30,M174,M997,MG19,False,False,True,True,False,True,True,0.25,0.71,66,수락,미응답,False,,,,응답 대기 종료
MT01175,2026-07-14,M175,M978,MG02,True,True,False,True,False,False,False,0.5,0.71,73,거절,수락,False,,,,추천 종료
MT01176,2026-07-19,M176,M386,MG03,False,False,False,True,True,False,True,0.5,0.5,71,수락,수락,True,2026-07-25,서울,True,애프터 성사
MT01177,2026-07-04,M177,M295,MG12,False,False,True,False,True,False,True,0.25,0.39,67,미응답,수락,False,,,,응답 대기 종료
MT01178,2026-07-17,M178,M339,MG07,True,True,False,True,False,True,True,0,0.5,64,거절,수락,False,,,,추천 종료
MT01179,2026-07-10,M179,M300,MG02,False,False,True,False,False,True,True,0.5,0.85,73,미응답,거절,False,,,,응답 대기 종료
MT01180,2026-07-11,M180,M373,MG13,False,False,True,True,False,False,True,0,0.73,65,수락,미응답,False,,,,응답 대기 종료
MT01181,2026-07-17,M181,M934,MG07,True,True,True,True,False,False,True,0.25,0.59,68,수락,거절,False,,,,추천 종료
MT01182,2026-07-25,M182,M301,MG07,True,False,True,False,False,False,True,0.25,0.64,64,거절,거절,False,,,,추천 종료
MT01183,2026-07-30,M183,M663,MG20,False,True,True,True,True,False,True,0.25,0.34,75,거절,거절,False,,,,추천 종료
MT01184,2026-07-30,M184,M552,MG10,False,True,True,True,True,True,True,0.25,0.4,69,거절,수락,False,,,,추천 종료
MT01185,2026-07-04,M185,M659,MG04,False,True,True,True,False,True,False,0.5,0.86,77,거절,미응답,False,,,,응답 대기 종료
MT01186,2026-07-17,M186,M550,MG01,False,False,True,True,False,True,False,0.75,0.41,69,수락,미응답,False,,,,응답 대기 종료
MT01187,2026-07-11,M187,M394,MG06,False,False,True,False,True,True,True,0.5,0.81,74,미응답,미응답,False,,,,응답 대기 종료
MT01188,2026-07-29,M188,M561,MG03,False,False,True,True,True,True,True,0.5,0.73,65,미응답,거절,False,,,,응답 대기 종료
MT01189,2026-07-02,M189,M334,MG12,False,False,True,True,False,False,True,0.5,0.39,73,거절,수락,False,,,,추천 종료
MT01190,2026-07-05,M190,M975,MG19,False,False,True,True,False,True,True,0.25,0.6,60,미응답,미응답,False,,,,응답 대기 종료
MT01191,2026-07-26,M191,M849,MG13,False,True,True,True,False,True,True,0.5,0.27,60,거절,미응답,False,,,,응답 대기 종료
MT01192,2026-07-12,M192,M810,MG12,True,True,True,True,True,True,True,0.25,0.79,86,미응답,수락,False,,,,응답 대기 종료
MT01193,2026-07-15,M193,M937,MG01,True,True,True,False,True,True,True,0.5,0.78,88,수락,미응답,False,,,,응답 대기 종료
MT01194,2026-07-01,M194,M974,MG18,True,True,True,True,False,True,True,0.5,0.67,78,미응답,수락,False,,,,응답 대기 종료
MT01195,2026-07-29,M195,M131,MG18,False,False,True,True,False,False,True,0.25,0.58,71,미응답,거절,False,,,,응답 대기 종료
MT01196,2026-07-22,M196,M457,MG18,False,False,True,False,False,True,False,0,0.86,52,미응답,미응답,False,,,,응답 대기 종료
MT01197,2026-07-23,M197,M503,MG16,False,True,True,True,False,True,True,0.25,0.74,70,거절,미응답,False,,,,응답 대기 종료
MT01198,2026-07-08,M198,M222,MG14,True,True,True,False,False,True,True,0.5,0.82,76,거절,거절,False,,,,추천 종료
MT01199,2026-07-27,M199,M448,MG14,True,False,True,True,False,True,True,0.5,0.79,75,거절,수락,False,,,,추천 종료
MT01200,2026-07-04,M200,M218,MG11,False,True,False,True,True,False,True,0,0.67,70,수락,거절,False,,,,추천 종료
MT01201,2026-07-02,M201,M372,MG11,True,True,True,True,False,False,True,0.5,0.76,65,거절,거절,False,,,,추천 종료
MT01202,2026-07-20,M202,M645,MG04,False,False,True,True,False,False,True,0.5,0.84,66,거절,거절,False,,,,추천 종료
MT01203,2026-07-29,M203,M331,MG20,False,True,True,False,True,True,True,0.5,0.39,72,수락,수락,True,2026-08-02,충북,True,애프터 성사
MT01204,2026-07-28,M204,M561,MG11,False,False,True,True,False,False,True,0.75,0.59,58,거절,거절,False,,,,추천 종료
MT01205,2026-07-12,M205,M494,MG20,False,False,True,False,False,False,True,0,0.6,53,거절,거절,False,,,,추천 종료
MT01206,2026-07-19,M206,M528,MG09,True,False,True,True,False,True,True,0.25,0.27,64,수락,미응답,False,,,,응답 대기 종료
MT01207,2026-07-23,M207,M684,MG10,True,True,True,False,False,False,True,0.25,0.66,67,수락,거절,False,,,,추천 종료
MT01208,2026-07-13,M208,M609,MG06,False,False,True,True,False,True,True,0.75,0.61,68,미응답,수락,False,,,,응답 대기 종료
MT01209,2026-07-28,M209,M827,MG06,True,False,True,False,False,False,True,0.5,0.49,68,미응답,거절,False,,,,응답 대기 종료
MT01210,2026-07-02,M210,M337,MG10,False,False,True,True,False,False,True,0.75,0.53,76,거절,미응답,False,,,,응답 대기 종료
MT01211,2026-07-14,M211,M377,MG16,False,False,True,True,False,False,True,0,0.32,52,미응답,거절,False,,,,응답 대기 종료
MT01212,2026-07-20,M212,M079,MG15,True,True,False,True,False,False,True,0.5,0.81,75,미응답,거절,False,,,,응답 대기 종료
MT01213,2026-07-12,M213,M359,MG15,False,False,False,True,True,True,False,0.25,0.49,63,미응답,거절,False,,,,응답 대기 종료
MT01214,2026-07-01,M214,M981,MG20,True,True,True,True,False,False,True,0.75,0.43,79,수락,수락,True,2026-07-12,전남,True,애프터 성사
MT01215,2026-07-11,M215,M635,MG15,True,True,True,True,True,False,True,0.25,0.42,75,미응답,거절,False,,,,응답 대기 종료
MT01216,2026-07-15,M216,M440,MG05,False,True,True,False,False,False,False,0,1,62,미응답,수락,False,,,,응답 대기 종료
MT01217,2026-07-03,M217,M507,MG11,False,False,False,True,True,False,False,0.25,0.67,65,미응답,미응답,False,,,,응답 대기 종료
MT01218,2026-07-02,M218,M631,MG13,True,True,True,True,False,False,True,0.5,0.64,74,거절,미응답,False,,,,응답 대기 종료
MT01219,2026-07-27,M219,M131,MG14,True,True,True,True,False,True,True,0.5,0.76,86,미응답,미응답,False,,,,응답 대기 종료
MT01220,2026-07-30,M220,M361,MG09,False,False,True,True,False,False,False,0,0.65,53,미응답,거절,False,,,,응답 대기 종료
MT01221,2026-07-23,M221,M957,MG12,True,True,True,True,False,False,True,0.25,0.35,63,수락,미응답,False,,,,응답 대기 종료
MT01222,2026-07-11,M222,M725,MG19,False,False,False,True,False,True,True,0.25,0.28,60,거절,미응답,False,,,,응답 대기 종료
MT01223,2026-07-18,M223,M195,MG12,False,False,True,True,True,True,True,0.5,0.56,80,거절,미응답,False,2026-07-00,,,응답 대기 종료
MT01224,2026-07-30,M224,M867,MG06,True,True,True,False,False,False,False,0,0.25,58,거절,거절,False,,,,추천 종료
MT01225,2026-07-28,M225,M095,MG11,True,True,True,False,False,True,True,0.5,0.62,77,수락,거절,False,,,,추천 종료
MT01226,2026-07-15,M226,M503,MG07,False,False,True,True,False,True,True,0.25,0.65,68,거절,수락,False,,,,추천 종료
MT01227,2026-07-10,M227,M567,MG06,False,True,True,False,True,False,True,0.75,0.45,80,수락,미응답,False,,,,응답 대기 종료
MT01228,2026-07-22,M228,M119,MG06,True,False,True,True,True,False,True,0.5,0.68,78,수락,수락,True,2026-07-27,서울,False,첫 만남 완료
MT01229,2026-07-03,M229,M902,MG07,False,True,True,True,True,True,True,0.25,0.59,82,미응답,수락,False,,,,응답 대기 종료
MT01230,2026-07-03,M230,M294,MG18,True,True,True,True,True,True,True,0.5,0.62,87,미응답,미응답,False,,,,응답 대기 종료
MT01231,2026-07-01,M231,M708,MG18,True,True,True,False,True,False,True,0,0.68,74,수락,거절,False,,,,추천 종료
MT01232,2026-07-25,M232,M460,MG15,True,True,True,False,True,True,False,0.25,1,68,미응답,미응답,False,,,,응답 대기 종료
MT01233,2026-07-26,M233,M510,MG02,True,True,False,True,False,True,True,0.25,0.62,70,미응답,수락,False,,,,응답 대기 종료
MT01234,2026-07-24,M234,M695,MG05,True,True,True,False,True,False,True,0.5,0.51,70,미응답,거절,False,,,,응답 대기 종료
MT01235,2026-07-16,M235,M960,MG15,False,False,True,True,False,False,True,0.75,0.69,68,거절,미응답,False,,,,응답 대기 종료
MT01236,2026-07-12,M236,M868,MG12,True,False,True,True,True,True,True,0.5,0.38,84,수락,수락,True,2026-07-15,경기,True,애프터 성사
MT01237,2026-07-08,M237,M535,MG19,True,True,True,True,False,True,False,0,0.75,75,미응답,미응답,False,,,,응답 대기 종료
MT01238,2026-07-19,M238,M431,MG10,False,True,True,True,False,True,False,0.25,0.6,54,거절,미응답,False,,,,응답 대기 종료
MT01239,2026-07-17,M239,M686,MG08,False,True,True,False,False,False,True,0.5,0.95,72,수락,미응답,False,,,,응답 대기 종료
MT01240,2026-07-12,M240,M937,MG12,False,True,True,False,True,True,True,0.5,0.45,79,거절,미응답,False,,,,응답 대기 종료
MT01241,2026-07-20,M241,M047,MG15,True,True,True,True,False,False,False,0,0.58,63,거절,미응답,False,,,,응답 대기 종료
MT01242,2026-07-22,M242,M768,MG16,True,True,True,True,False,True,False,0.25,0.58,67,수락,수락,True,2026-07-26,서울,True,애프터 성사
MT01243,2026-07-03,M243,M581,MG01,False,False,True,True,False,False,True,0.5,0.87,75,거절,거절,False,,,,추천 종료
MT01244,2026-07-07,M244,M516,MG02,False,False,True,True,False,True,True,0.25,0.5,73,미응답,미응답,False,,,,응답 대기 종료
MT01245,2026-07-25,M245,M897,MG07,False,True,False,True,False,True,True,0.5,0.59,58,거절,미응답,False,,,,응답 대기 종료
MT01246,2026-07-19,M246,M036,MG10,False,False,False,True,False,True,False,0.25,0.71,66,거절,미응답,False,,,,응답 대기 종료
MT01247,2026-07-07,M247,M866,MG03,True,True,True,True,False,True,True,0.25,0.89,73,미응답,수락,False,,,,응답 대기 종료
MT01248,2026-07-28,M248,M477,MG18,True,True,True,True,False,False,True,0.25,0.59,73,미응답,거절,False,,,,응답 대기 종료
MT01249,2026-07-19,M249,M508,MG09,False,False,False,True,False,True,True,0.5,0.72,76,수락,거절,False,,,,추천 종료
MT01250,2026-07-21,M250,M345,MG17,True,False,True,True,False,True,True,0.75,0.41,78,수락,미응답,False,,,,응답 대기 종료
MT01251,2026-07-18,M251,M850,MG01,True,True,True,False,False,True,True,0.25,0.87,71,미응답,수락,False,,,,응답 대기 종료
MT01252,2026-07-18,M252,M909,MG12,True,False,True,False,False,True,True,0.75,0.33,75,미응답,수락,False,,,,응답 대기 종료
MT01253,2026-07-24,M253,M095,MG20,True,True,True,True,True,True,True,0.5,0.78,91,수락,수락,True,2026-08-01,강원,True,애프터 성사
MT01254,2026-07-10,M254,M912,MG03,False,False,False,True,False,False,True,0.25,0.57,63,미응답,수락,False,,,,응답 대기 종료
MT01255,2026-07-13,M255,M376,MG17,False,True,True,True,False,True,False,0.5,0.76,69,거절,거절,False,,,,추천 종료
MT01256,2026-07-03,M256,M996,MG06,True,True,False,True,False,False,True,0.5,0.76,72,거절,수락,False,,,,추천 종료
MT01257,2026-07-27,M257,M961,MG07,True,True,True,False,True,True,False,0.25,1,74,거절,수락,False,,,,추천 종료
MT01258,2026-07-15,M258,M291,MG20,True,True,False,True,False,False,True,0,0.77,62,거절,수락,False,,,,추천 종료
MT01259,2026-07-03,M259,M057,MG11,False,True,True,True,False,True,True,0.25,0.7,71,수락,미응답,False,,,,응답 대기 종료
MT01260,2026-07-21,M260,M944,MG05,False,False,True,True,True,True,True,0.75,0.87,85,거절,수락,False,,,,추천 종료
MT01261,2026-07-05,M261,M122,MG01,True,True,True,False,False,True,True,0.5,0.54,77,거절,수락,False,,,,추천 종료
MT01262,2026-07-12,M262,M609,MG20,False,False,True,False,False,False,True,0.5,0.72,61,거절,거절,False,,,,추천 종료
MT01263,2026-07-07,M263,M730,MG16,True,True,True,True,True,False,True,0.25,0.56,75,미응답,거절,False,,,,응답 대기 종료
MT01264,2026-07-21,M264,M514,MG09,False,False,False,True,False,True,True,0.25,0.45,68,거절,미응답,False,,,,응답 대기 종료
MT01265,2026-07-01,M265,M938,MG05,False,False,True,False,True,True,True,0.25,0.64,65,수락,수락,True,2026-07-12,경기,False,첫 만남 완료
MT01266,2026-07-24,M266,M580,MG12,False,False,True,False,True,False,True,0.25,0.69,67,거절,거절,False,,,,추천 종료
MT01267,2026-07-02,M267,M567,MG08,False,False,True,False,False,True,False,0.25,0.71,67,거절,수락,False,,,,추천 종료
MT01268,2026-07-13,M268,M839,MG19,True,True,True,True,False,True,False,0.25,0.46,71,수락,수락,True,2026-07-24,울산,True,애프터 성사
MT01269,2026-07-18,M269,M624,MG19,True,True,True,False,True,True,True,0.5,0.78,86,수락,수락,True,2026-08-01,대구,True,애프터 성사
MT01270,2026-07-25,M270,M497,MG06,True,True,True,True,False,False,True,0.5,0.43,80,수락,거절,False,,,,추천 종료
MT01271,2026-07-18,M271,M896,MG02,False,False,False,True,False,True,True,0.75,0.79,62,거절,거절,False,,,,추천 종료
MT01272,2026-07-19,M272,M411,MG07,False,False,False,True,False,True,True,0.5,0.46,63,수락,미응답,False,,,,응답 대기 종료
MT01273,2026-07-12,M273,M700,MG20,True,True,True,True,True,True,True,0.5,0.53,82,수락,수락,True,2026-07-20,경기,False,첫 만남 완료
MT01274,2026-07-02,M274,M890,MG05,False,False,True,True,False,False,True,0.5,0.61,73,수락,수락,True,2026-07-08,서울,True,애프터 성사
MT01275,2026-07-13,M275,M374,MG10,False,False,True,True,False,False,True,0.5,0.98,80,미응답,미응답,False,,,,응답 대기 종료
MT01276,2026-07-02,M276,M559,MG09,False,False,True,True,False,False,True,0.25,0.42,67,거절,수락,False,,,,추천 종료
MT01277,2026-07-24,M277,M237,MG02,True,True,True,False,False,True,True,0.5,0.77,68,미응답,미응답,False,,,,응답 대기 종료
MT01278,2026-07-22,M278,M841,MG04,True,False,True,True,False,False,True,0.5,0.77,80,수락,거절,False,,,,추천 종료
MT01279,2026-07-30,M279,M084,MG16,True,False,False,True,True,True,False,0.25,0.84,80,거절,수락,False,,,,추천 종료
MT01280,2026-07-06,M280,M649,MG10,True,False,False,True,True,True,False,0.5,0.69,70,미응답,미응답,False,,,,응답 대기 종료
MT01281,2026-07-19,M281,M025,MG01,False,True,True,False,True,False,False,0.25,0.76,71,미응답,수락,False,,,,응답 대기 종료
MT01282,2026-07-24,M282,M719,MG14,True,True,True,True,False,True,True,0.5,0.69,76,미응답,거절,False,,,,응답 대기 종료
MT01283,2026-07-28,M283,M723,MG17,False,False,True,False,False,True,False,0.25,0.53,62,수락,미응답,False,,,,응답 대기 종료
MT01284,2026-07-19,M284,M294,MG15,False,True,False,True,True,True,False,0.5,0.19,67,거절,거절,False,,,,추천 종료
MT01285,2026-07-12,M285,M128,MG13,False,False,True,False,False,True,True,0,0.63,61,거절,거절,False,,,,추천 종료
MT01286,2026-07-06,M286,M857,MG09,False,False,True,False,False,True,True,0.25,0.9,64,거절,수락,False,,,,추천 종료
MT01287,2026-07-20,M287,M701,MG18,True,True,True,True,False,True,True,0.25,0.81,69,수락,미응답,False,,,,응답 대기 종료
MT01288,2026-07-05,M288,M330,MG18,True,True,False,True,False,False,True,0.75,0.28,67,거절,거절,False,,,,추천 종료
MT01289,2026-07-14,M289,M433,MG09,False,True,True,True,False,True,False,0.25,0.41,60,미응답,거절,False,,,,응답 대기 종료
MT01290,2026-07-12,M290,M563,MG16,True,True,True,True,True,True,True,0.5,0.41,87,수락,미응답,False,,,,응답 대기 종료
MT01291,2026-07-11,M291,M899,MG07,True,True,True,True,False,False,True,0,0.4,67,거절,거절,False,,,,추천 종료
MT01292,2026-07-17,M292,M099,MG19,False,False,True,False,False,True,True,0.5,0.39,66,수락,거절,False,,,,추천 종료
MT01293,2026-07-16,M293,M570,MG07,True,True,False,True,False,True,True,0.25,0.54,64,미응답,거절,False,,,,응답 대기 종료
MT01294,2026-07-13,M294,M696,MG15,True,False,False,True,False,True,True,0.5,0.62,71,수락,거절,False,,,,추천 종료
MT01295,2026-07-13,M295,M953,MG13,False,False,True,True,True,False,True,0.75,0.59,79,수락,수락,True,2026-07-22,대구,True,애프터 성사
MT01296,2026-07-12,M296,M576,MG16,True,True,True,False,False,False,True,0.75,0.13,67,거절,미응답,False,,,,응답 대기 종료
MT01297,2026-07-24,M297,M911,MG08,False,True,True,True,True,True,True,0.5,0.6,83,거절,수락,False,,,,추천 종료
MT01298,2026-07-09,M298,M598,MG16,False,False,True,True,False,True,False,0.25,0.91,68,거절,수락,False,,,,추천 종료
MT01299,2026-07-20,M299,M223,MG09,False,False,False,True,False,False,True,0.25,0.61,56,거절,수락,False,,,,추천 종료
MT01300,2026-07-05,M300,M495,MG10,False,False,True,True,False,True,True,0.5,0.79,75,수락,거절,False,,,,추천 종료
MT01301,2026-07-17,M301,M964,MG03,False,False,True,True,False,False,False,0.25,0.66,64,수락,거절,False,,,,추천 종료
MT01302,2026-07-15,M302,M803,MG11,True,True,True,True,False,True,True,0.75,0.82,84,수락,미응답,False,,,,응답 대기 종료
MT01303,2026-07-10,M303,M302,MG01,True,True,True,False,False,False,True,0.75,0.62,77,수락,거절,False,,,,추천 종료
MT01304,2026-07-05,M304,M108,MG07,False,False,True,False,False,False,True,0,0.86,63,거절,거절,False,,,,추천 종료
MT01305,2026-07-26,M305,M605,MG19,False,False,True,True,False,False,True,0.25,0.1,54,거절,미응답,False,,,,응답 대기 종료
MT01306,2026-07-03,M306,M569,MG19,True,True,True,True,False,False,True,0.75,0.84,84,미응답,수락,False,,,,응답 대기 종료
MT01307,2026-07-09,M307,M419,MG06,True,True,True,True,False,True,True,0.25,0.5,69,수락,수락,True,2026-07-16,서울,True,애프터 성사
MT01308,2026-07-19,M308,M880,MG20,True,False,True,True,False,True,True,0.25,0.85,78,미응답,미응답,False,,,,응답 대기 종료
MT01309,2026-07-19,M309,M145,MG02,True,True,False,True,False,True,True,0.75,0.62,81,거절,수락,False,,,,추천 종료
MT01310,2026-07-22,M310,M703,MG08,False,True,True,False,True,True,False,0.25,0.74,75,수락,수락,True,2026-07-31,경기,True,애프터 성사
MT01311,2026-07-06,M311,M829,MG05,True,True,False,True,False,True,True,0.5,0.42,66,거절,수락,False,,,,추천 종료
MT01312,2026-07-17,M312,M182,MG19,False,False,True,True,False,False,True,0.25,0.41,67,미응답,거절,False,,,,응답 대기 종료
MT01313,2026-07-18,M313,M310,MG07,False,False,True,True,True,True,True,0.25,0.68,77,미응답,수락,False,,,,응답 대기 종료
MT01314,2026-07-15,M314,M717,MG16,False,False,True,False,False,True,True,0.75,0.8,80,수락,수락,True,2026-07-23,경북,True,애프터 성사
MT01315,2026-07-23,M315,M459,MG11,False,False,True,True,True,False,True,0.25,0.95,76,수락,거절,False,,,,추천 종료
MT01316,2026-07-24,M316,M649,MG04,False,False,False,True,False,False,True,0,0.84,62,거절,거절,False,,,,추천 종료
MT01317,2026-07-15,M317,M205,MG11,True,True,True,False,False,False,True,0.25,0.58,71,미응답,수락,False,,,,응답 대기 종료
MT01318,2026-07-11,M318,M761,MG11,True,True,True,True,False,False,False,0.25,0.6,72,수락,수락,True,2026-07-21,충남,False,첫 만남 완료
MT01319,2026-07-26,M319,M575,MG01,True,True,True,True,False,True,False,0.5,0.85,75,수락,미응답,False,,,,응답 대기 종료
MT01320,2026-07-16,M320,M326,MG13,True,True,True,True,False,True,True,0.5,0.6,69,수락,거절,False,,,,추천 종료
MT01321,2026-07-12,M321,M364,MG19,True,False,True,True,False,False,False,0.25,0.69,60,거절,거절,False,,,,추천 종료
MT01322,2026-07-03,M322,M722,MG09,False,False,True,True,False,True,True,0.5,0.84,75,미응답,수락,False,,,,응답 대기 종료
MT01323,2026-07-14,M323,M216,MG15,False,False,False,True,False,False,True,0.25,0.75,58,미응답,미응답,False,,,,응답 대기 종료
MT01324,2026-07-19,M324,M281,MG17,True,True,False,True,True,False,False,0.25,0.96,71,미응답,거절,False,,,,응답 대기 종료
MT01325,2026-07-06,M325,M215,MG01,True,True,True,True,True,False,False,0.25,0.87,77,미응답,미응답,False,,,,응답 대기 종료
MT01326,2026-07-21,M326,M869,MG20,False,True,True,True,False,False,True,0,0.57,65,거절,미응답,False,,,,응답 대기 종료
MT01327,2026-07-23,M327,M874,MG09,True,True,True,False,True,False,False,0.5,0.42,66,거절,거절,False,,,,추천 종료
MT01328,2026-07-25,M328,M671,MG12,True,False,True,True,False,False,False,0,0.45,60,거절,거절,False,,,,추천 종료
MT01329,2026-07-13,M329,M705,MG18,False,False,True,False,False,False,True,0.5,0.37,63,거절,거절,False,,,,추천 종료
MT01330,2026-07-11,M330,M528,MG16,False,True,True,False,False,False,True,0.25,0.66,60,거절,거절,False,,,,추천 종료
MT01331,2026-07-01,M331,M994,MG06,True,True,True,False,False,False,True,0.5,0.73,77,거절,거절,False,,,,추천 종료
MT01332,2026-07-01,M332,M991,MG20,False,False,True,False,False,True,True,0.25,0.72,62,미응답,거절,False,,,,응답 대기 종료
MT01333,2026-07-26,M333,M113,MG20,False,False,True,True,True,True,True,0.5,1,77,미응답,수락,False,,,,응답 대기 종료
MT01334,2026-07-05,M334,M047,MG14,False,False,True,False,True,True,True,0,0.74,76,거절,수락,False,,,,추천 종료
MT01335,2026-07-12,M335,M516,MG20,True,True,True,False,False,True,True,0.25,0.75,73,미응답,미응답,False,,,,응답 대기 종료
MT01336,2026-07-26,M336,M714,MG13,False,False,False,True,True,False,True,0.5,0.68,71,수락,거절,False,,,,추천 종료
MT01337,2026-07-29,M337,M619,MG14,False,False,False,True,False,True,True,0.5,0.61,63,미응답,거절,False,,,,응답 대기 종료
MT01338,2026-07-08,M338,M123,MG09,True,True,True,True,False,True,True,0.25,1,79,수락,수락,True,2026-07-20,서울,True,애프터 성사
MT01339,2026-07-21,M339,M858,MG05,False,False,True,False,False,False,True,0,0.69,65,거절,거절,False,,,,추천 종료
MT01340,2026-07-01,M340,M293,MG17,True,True,True,False,False,False,True,0.5,0.79,78,거절,미응답,False,,,,응답 대기 종료
MT01341,2026-07-08,M341,M886,MG18,True,True,True,True,False,False,True,0.25,0.6,72,미응답,미응답,False,,,,응답 대기 종료
MT01342,2026-07-18,M342,M812,MG19,False,False,False,True,False,True,True,0.75,0.44,75,미응답,수락,False,,,,응답 대기 종료
MT01343,2026-07-13,M343,M914,MG06,False,False,True,True,False,True,True,0.5,0.67,80,미응답,수락,False,,,,응답 대기 종료
MT01344,2026-07-02,M344,M219,MG04,False,True,True,False,False,True,True,0.25,0.74,70,수락,미응답,False,,,,응답 대기 종료
MT01345,2026-07-12,M345,M877,MG19,False,False,False,True,False,False,True,0.75,0.54,65,미응답,미응답,False,,,,응답 대기 종료
MT01346,2026-07-07,M346,M889,MG20,False,False,False,True,False,False,True,0.25,0.62,66,거절,미응답,False,,,,응답 대기 종료
MT01347,2026-07-17,M347,M749,MG16,False,True,False,True,True,True,True,0.25,0.71,69,수락,거절,False,,,,추천 종료
MT01348,2026-07-23,M348,M183,MG19,True,False,True,True,False,True,False,0.25,0.63,68,거절,수락,False,,,,추천 종료
MT01349,2026-07-10,M349,M868,MG18,False,False,True,False,False,True,True,0.25,0.45,70,미응답,거절,False,,,,응답 대기 종료
MT01350,2026-07-27,M350,M107,MG05,False,False,True,False,False,True,True,0.25,0.49,69,미응답,거절,False,,,,응답 대기 종료
MT01351,2026-07-09,M351,M585,MG04,True,True,True,True,False,False,True,0.25,0.54,70,수락,거절,False,,,,추천 종료
MT01352,2026-07-30,M352,M398,MG09,False,False,True,True,False,False,True,0.5,0.64,71,미응답,수락,False,,,,응답 대기 종료
MT01353,2026-07-06,M353,M515,MG20,True,True,True,False,False,False,False,0.5,0.54,68,미응답,거절,False,,,,응답 대기 종료
MT01354,2026-07-27,M354,M517,MG11,False,False,True,False,False,True,True,0.5,0.57,72,수락,거절,False,,,,추천 종료
MT01355,2026-07-01,M355,M314,MG19,False,False,False,True,False,False,True,0.5,0.82,74,거절,수락,False,,,,추천 종료
MT01356,2026-07-08,M356,M456,MG17,True,True,True,False,False,False,False,0.25,0.3,62,미응답,미응답,False,,,,응답 대기 종료
MT01357,2026-07-22,M357,M284,MG17,True,False,True,False,True,True,False,0.5,0.53,70,거절,거절,False,,,,추천 종료
MT01358,2026-07-16,M358,M738,MG04,True,False,True,True,False,True,True,0.75,0.39,72,수락,거절,False,,,,추천 종료
MT01359,2026-07-29,M359,M154,MG20,False,False,False,True,False,True,True,0.5,0.56,75,수락,수락,True,2026-07-31,경기,True,애프터 성사
MT01360,2026-07-21,M360,M106,MG12,False,False,True,False,False,True,False,0,0.75,58,미응답,거절,False,,,,응답 대기 종료
MT01361,2026-07-18,M361,M649,MG14,True,True,False,True,False,False,False,0,0.72,65,거절,미응답,False,,,,응답 대기 종료
MT01362,2026-07-18,M362,M724,MG17,False,False,True,True,True,False,True,0.5,0.61,77,미응답,거절,False,,,,응답 대기 종료
MT01363,2026-07-10,M363,M056,MG08,True,True,False,True,True,True,True,0.5,0.69,75,거절,거절,False,,,,추천 종료
MT01364,2026-07-03,M364,M867,MG17,False,False,True,False,False,True,True,0.25,0.28,58,미응답,거절,False,,,,응답 대기 종료
MT01365,2026-07-12,M365,M409,MG11,True,False,True,True,False,True,True,0.25,0.26,67,거절,거절,False,,,,추천 종료
MT01366,2026-07-15,M366,M405,MG09,False,False,False,True,False,True,True,0.5,0.75,72,수락,미응답,False,,,,응답 대기 종료
MT01367,2026-07-08,M367,M221,MG06,False,False,True,True,True,True,True,0.25,0.89,83,미응답,수락,False,,,,응답 대기 종료
MT01368,2026-07-30,M368,M903,MG14,True,True,True,True,False,True,True,0.75,0.53,84,거절,미응답,False,,,,응답 대기 종료
MT01369,2026-07-10,M369,M862,MG13,True,False,True,False,False,True,False,0.5,0.85,62,수락,수락,True,2026-07-15,서울,True,애프터 성사
MT01370,2026-07-29,M370,M635,MG02,True,False,True,True,False,False,True,0.5,0.63,65,수락,거절,False,,,,추천 종료
MT01371,2026-07-07,M371,M917,MG02,True,True,True,False,False,False,True,0.5,0.5,67,미응답,거절,False,,,,응답 대기 종료
MT01372,2026-07-18,M372,M657,MG06,True,True,True,False,False,False,True,0.5,0.72,69,수락,수락,True,2026-07-23,서울,False,첫 만남 완료
MT01373,2026-07-07,M373,M919,MG11,False,False,False,True,True,False,True,0.75,0.66,76,거절,미응답,False,,,,응답 대기 종료
MT01374,2026-07-07,M374,M696,MG14,False,False,False,True,True,False,True,0.5,0.62,75,거절,수락,False,,,,추천 종료
MT01375,2026-07-30,M375,M089,MG13,True,False,True,True,False,False,False,0.25,0.33,56,거절,거절,False,,,,추천 종료
MT01376,2026-07-14,M376,M404,MG19,True,True,True,False,True,True,False,0.5,0.49,77,수락,거절,False,,,,추천 종료
MT01377,2026-07-03,M377,M819,MG18,False,True,False,True,False,False,False,0,0.72,44,거절,수락,False,,,,추천 종료
MT01378,2026-07-26,M378,M322,MG01,False,False,True,True,True,True,True,0.25,0.59,64,거절,거절,False,,,,추천 종료
MT01379,2026-07-18,M379,M798,MG18,True,False,True,True,False,True,True,0.5,0.76,71,미응답,수락,False,,,,응답 대기 종료
MT01380,2026-07-26,M380,M337,MG18,False,False,True,False,False,False,True,0.5,0.67,65,수락,미응답,False,,,,응답 대기 종료
MT01381,2026-07-16,M381,M119,MG11,True,True,True,True,True,False,True,0.75,0.46,85,수락,미응답,False,,,,응답 대기 종료
MT01382,2026-07-05,M382,M015,MG18,True,True,True,True,False,True,True,0.5,0.3,72,거절,거절,False,,,,추천 종료
MT01383,2026-07-23,M383,M797,MG13,True,True,True,True,True,True,False,0.5,0.78,78,미응답,미응답,False,,,,응답 대기 종료
MT01384,2026-07-29,M384,M449,MG04,True,True,False,True,False,True,False,0.25,0.68,65,미응답,미응답,False,,,,응답 대기 종료
MT01385,2026-07-16,M385,M442,MG16,True,True,True,False,True,True,True,0.25,0.76,82,미응답,수락,False,,,,응답 대기 종료
MT01386,2026-07-02,M386,M247,MG09,True,True,True,False,False,True,True,0.5,0.49,78,수락,거절,False,,,,추천 종료
MT01387,2026-07-05,M387,M644,MG18,True,True,True,True,False,True,True,0.25,0.28,65,거절,수락,False,,,,추천 종료
MT01388,2026-07-28,M388,M100,MG01,False,False,True,True,True,True,True,0,0.62,73,거절,미응답,False,,,,응답 대기 종료
MT01389,2026-07-12,M389,M242,MG09,True,True,True,True,False,True,False,0,0.57,68,거절,미응답,False,,,,응답 대기 종료
MT01390,2026-07-07,M390,M831,MG20,False,False,True,True,False,False,True,0.5,0.39,67,수락,수락,True,2026-07-10,서울,True,애프터 성사
MT01391,2026-07-14,M391,M401,MG02,False,False,False,True,False,False,True,0.25,0.79,61,수락,미응답,False,,,,응답 대기 종료
MT01392,2026-07-30,M392,M232,MG08,True,True,True,False,False,True,True,0.25,0.75,71,거절,거절,False,,,,추천 종료
MT01393,2026-07-27,M393,M390,MG12,True,True,True,True,False,False,True,0.5,0.69,74,미응답,수락,False,,,,응답 대기 종료
MT01394,2026-07-08,M394,M456,MG17,False,False,False,True,True,True,False,0.5,0.8,77,미응답,거절,False,,,,응답 대기 종료
MT01395,2026-07-04,M395,M810,MG13,False,False,True,False,True,False,True,0.5,0.8,74,거절,수락,False,,,,추천 종료
MT01396,2026-07-02,M396,M834,MG02,True,True,True,False,False,True,True,0.25,0.72,69,거절,미응답,False,,,,응답 대기 종료
MT01397,2026-07-04,M397,M869,MG06,False,True,True,True,True,False,True,0.25,0.62,73,수락,거절,False,,,,추천 종료
MT01398,2026-07-09,M398,M525,MG13,False,False,True,True,False,True,True,0.5,0.68,75,미응답,미응답,False,,,,응답 대기 종료
MT01399,2026-07-25,M399,M489,MG16,False,True,True,False,False,False,True,0.25,0.49,62,거절,거절,False,,,,추천 종료
MT01400,2026-07-26,M400,M653,MG04,False,False,True,True,False,False,False,0.75,0.47,56,거절,수락,False,,,,추천 종료
MT01401,2026-07-16,M401,M129,MG18,False,False,True,False,False,True,True,0.25,0.45,73,미응답,미응답,False,,,,응답 대기 종료
MT01402,2026-07-16,M402,M554,MG19,True,True,False,True,True,True,True,0.25,0.52,69,수락,수락,True,2026-07-18,대구,False,첫 만남 완료
MT01403,2026-07-30,M403,M188,MG20,False,False,True,True,False,True,True,0.5,0.68,76,수락,미응답,False,,,,응답 대기 종료
MT01404,2026-07-12,M404,M003,MG20,True,True,False,True,False,True,True,0.5,0.71,78,수락,거절,False,,,,추천 종료
MT01405,2026-07-08,M405,M620,MG01,False,False,True,True,False,False,True,0.75,0.51,68,거절,수락,False,,,,추천 종료
MT01406,2026-07-16,M406,M437,MG07,False,True,False,True,False,True,False,0,0.68,53,거절,미응답,False,,,,응답 대기 종료
MT01407,2026-07-23,M407,M704,MG18,False,False,True,True,False,False,True,0.5,0.54,66,거절,거절,False,,,,추천 종료
MT01408,2026-07-18,M408,M555,MG16,True,True,True,True,False,False,True,0.5,0.97,79,거절,수락,False,,,,추천 종료
MT01409,2026-07-18,M409,M875,MG05,False,False,True,True,False,False,True,0.5,0.76,73,수락,미응답,False,,,,응답 대기 종료
MT01410,2026-07-23,M410,M409,MG15,False,False,True,True,False,False,False,0.5,0.59,71,거절,거절,False,,,,추천 종료
MT01411,2026-07-07,M411,M123,MG05,False,True,True,False,False,True,True,0.5,0.5,63,미응답,거절,False,,,,응답 대기 종료
MT01412,2026-07-03,M412,M823,MG19,False,False,True,False,False,False,True,0.25,0.59,65,미응답,거절,False,,,,응답 대기 종료
MT01413,2026-07-06,M413,M179,MG18,True,True,True,True,False,True,False,0.25,0.49,75,미응답,미응답,False,,,,응답 대기 종료
MT01414,2026-07-26,M414,M367,MG09,True,True,True,True,False,True,True,0.25,0.69,82,수락,수락,True,2026-07-30,경기,True,애프터 성사
MT01415,2026-07-06,M415,M833,MG15,True,False,True,True,False,True,True,0.5,0.71,77,수락,수락,True,2026-07-19,전남,False,첫 만남 완료
MT01416,2026-07-10,M416,M638,MG03,False,False,True,False,False,False,True,0.25,0.37,58,수락,거절,False,,,,추천 종료
MT01417,2026-07-22,M417,M449,MG02,True,True,True,True,False,True,False,0,0.69,74,거절,미응답,False,,,,응답 대기 종료
MT01418,2026-07-30,M418,M407,MG06,False,False,True,False,False,False,True,0.5,0.65,61,거절,수락,False,,,,추천 종료
MT01419,2026-07-12,M419,M868,MG11,False,False,True,False,False,False,True,0,0.45,56,수락,거절,False,,,,추천 종료
MT01420,2026-07-09,M420,M003,MG12,True,True,True,True,False,False,True,0.5,0.46,64,수락,수락,False,,,,추천 종료
MT01421,2026-07-14,M421,M842,MG11,False,True,True,True,False,False,True,0.5,0.58,72,미응답,거절,False,,,,응답 대기 종료
MT01422,2026-07-02,M422,M351,MG06,False,False,True,True,False,False,False,0.5,0.6,65,거절,미응답,False,,,,응답 대기 종료
MT01423,2026-07-16,M423,M482,MG01,True,False,True,True,True,False,True,0.25,0.3,69,거절,수락,False,,,,추천 종료
MT01424,2026-07-12,M424,M004,MG03,False,False,True,True,True,False,True,0.5,0.63,73,미응답,미응답,False,,,,응답 대기 종료
MT01425,2026-07-16,M425,M858,MG10,False,False,True,True,False,True,True,0.5,0.69,75,거절,거절,False,,,,추천 종료
MT01426,2026-07-25,M426,M370,MG12,True,True,True,True,True,False,True,0.5,0.98,68,수락,거절,False,,,,추천 종료
MT01427,2026-07-09,M427,M085,MG08,True,True,True,True,False,False,True,0.5,0.9,77,거절,거절,False,,,,추천 종료
MT01428,2026-07-07,M428,M170,MG15,False,False,True,True,True,True,True,0.25,0.72,81,미응답,수락,False,,,,응답 대기 종료
MT01429,2026-07-16,M429,M080,MG05,True,True,True,True,True,True,True,0.25,0.53,85,미응답,수락,False,,,,응답 대기 종료
MT01430,2026-07-20,M430,M506,MG13,False,False,True,True,False,False,False,0.25,0.72,57,미응답,수락,False,,,,응답 대기 종료
MT01431,2026-07-04,M431,M262,MG17,True,True,True,True,False,True,True,0,0.45,61,거절,거절,False,,,,추천 종료
MT01432,2026-07-14,M432,M581,MG11,True,True,True,False,False,False,True,0.5,0.39,66,거절,미응답,False,,,,응답 대기 종료
MT01433,2026-07-25,M433,M267,MG08,True,False,False,True,False,False,True,0.25,0.68,66,미응답,수락,False,,,,응답 대기 종료
MT01434,2026-07-30,M434,M626,MG19,True,True,False,True,False,True,False,0.25,0.48,72,수락,수락,True,2026-08-11,부산,False,첫 만남 완료
MT01435,2026-07-12,M435,M254,MG11,True,True,True,False,False,True,False,0,0.69,66,거절,거절,False,,,,추천 종료
MT01436,2026-07-16,M436,M915,MG20,False,False,True,False,False,False,False,0,0.62,55,거절,거절,False,,,,추천 종료
MT01437,2026-07-07,M437,M782,MG13,True,True,True,True,False,True,False,0.5,0.73,63,거절,거절,False,,,,추천 종료
MT01438,2026-07-24,M438,M571,MG02,True,True,True,True,True,True,True,0.5,0.63,86,수락,거절,False,,,,추천 종료
MT01439,2026-07-10,M439,M562,MG13,True,False,True,False,False,False,False,0.25,0.73,57,거절,거절,False,,,,추천 종료
MT01440,2026-07-14,M440,M864,MG05,False,True,True,True,False,False,True,0.5,0.5,77,수락,미응답,False,,,,응답 대기 종료
MT01441,2026-07-30,M441,M709,MG18,True,True,True,True,False,False,True,0.5,0.53,64,거절,수락,False,,,,추천 종료
MT01442,2026-07-11,M442,M499,MG14,True,True,True,True,False,False,True,0.25,0.64,71,미응답,거절,False,,,,응답 대기 종료
MT01443,2026-07-07,M443,M698,MG05,True,True,True,True,False,True,True,0.5,0.7,74,거절,수락,False,,,,추천 종료
MT01444,2026-07-18,M444,M441,MG15,False,False,True,True,False,False,True,0.25,0.78,71,거절,미응답,False,,,,응답 대기 종료
MT01445,2026-07-25,M445,M302,MG13,False,False,True,False,False,False,True,0.25,0.63,60,수락,수락,True,2026-07-30,경기,False,첫 만남 완료
MT01446,2026-07-09,M446,M289,MG05,True,True,True,True,False,False,False,0.5,0.65,72,거절,수락,False,,,,추천 종료
MT01447,2026-07-30,M447,M336,MG18,False,False,False,True,True,True,True,0.5,0.75,79,거절,수락,False,,,,추천 종료
MT01448,2026-07-02,M448,M621,MG02,False,True,True,True,False,False,True,0.5,0.37,76,수락,수락,False,,,,추천 종료
MT01449,2026-07-06,M449,M826,MG09,False,True,True,False,False,True,False,0.5,0.77,64,거절,거절,False,,,,추천 종료
MT01450,2026-07-08,M450,M391,MG20,False,False,True,True,False,False,True,0.25,0.93,64,수락,미응답,False,,,,응답 대기 종료
MT01451,2026-07-23,M451,M152,MG05,True,False,False,True,False,False,True,0.75,0.6,73,거절,미응답,False,,,,응답 대기 종료
MT01452,2026-07-23,M452,M686,MG12,True,True,False,True,False,False,False,0.75,0.76,77,수락,거절,False,,,,추천 종료
MT01453,2026-07-06,M453,M476,MG02,False,False,False,True,True,False,True,0.25,0.42,72,수락,수락,True,2026-07-17,인천,True,애프터 성사
MT01454,2026-07-22,M454,M723,MG17,False,False,True,False,False,False,True,0.25,0.65,66,거절,거절,False,,,,추천 종료
MT01455,2026-07-30,M455,M009,MG04,True,True,True,True,False,True,False,0.25,0.66,63,미응답,거절,False,,,,응답 대기 종료
MT01456,2026-07-01,M456,M777,MG06,True,True,True,False,True,True,True,0,0.6,66,수락,거절,False,,,,추천 종료
MT01457,2026-07-05,M457,M659,MG09,True,True,True,True,False,True,False,0.5,0.4,71,거절,거절,False,,,,추천 종료
MT01458,2026-07-04,M458,M561,MG08,False,False,True,True,False,True,True,0.5,0.37,70,거절,미응답,False,,,,응답 대기 종료
MT01459,2026-07-13,M459,M603,MG18,True,True,True,True,False,False,True,0.5,0.21,71,수락,미응답,False,,,,응답 대기 종료
MT01460,2026-07-01,M460,M121,MG16,True,True,False,True,True,False,False,0,0.6,63,미응답,미응답,False,,,,응답 대기 종료
MT01461,2026-07-18,M461,M178,MG19,True,True,True,False,False,True,True,0.75,0.46,79,수락,수락,True,2026-07-25,부산,True,애프터 성사
MT01462,2026-07-16,M462,M327,MG03,True,True,True,True,False,True,True,1,0.62,91,미응답,미응답,False,,,,응답 대기 종료
MT01463,2026-07-08,M463,M406,MG08,True,True,True,True,False,False,True,0.75,0.7,73,거절,수락,False,,,,추천 종료
MT01464,2026-07-30,M464,M400,MG04,True,True,True,True,False,True,False,0,0.23,67,거절,거절,False,,,,추천 종료
MT01465,2026-07-18,M465,M831,MG06,False,True,False,True,False,False,True,0.25,0.79,66,미응답,거절,False,,,,응답 대기 종료
MT01466,2026-07-15,M466,M770,MG11,False,False,True,True,False,True,False,0.75,0.6,72,수락,거절,False,,,,추천 종료
MT01467,2026-07-07,M467,M768,MG07,False,False,False,True,False,True,True,0.25,0.52,51,거절,미응답,False,,,,응답 대기 종료
MT01468,2026-07-25,M468,M546,MG05,False,True,True,True,True,False,True,0.25,0.59,76,거절,수락,False,,,,추천 종료
MT01469,2026-07-09,M469,M991,MG18,True,True,True,False,False,True,True,0.5,0.63,74,수락,수락,True,2026-07-14,경북,True,애프터 성사
MT01470,2026-07-28,M470,M980,MG04,False,False,True,False,False,False,True,0.5,0.69,56,거절,수락,False,,,,추천 종료
MT01471,2026-07-18,M471,M222,MG10,False,False,True,True,False,True,True,0.5,0.38,71,거절,거절,False,,,,추천 종료
MT01472,2026-07-13,M472,M287,MG01,True,True,False,True,False,True,False,0.5,0.17,59,거절,수락,False,,,,추천 종료
MT01473,2026-07-21,M473,M170,MG06,False,False,True,False,True,True,True,0.25,0.2,73,수락,수락,True,2026-07-28,서울,True,애프터 성사
MT01474,2026-07-11,M474,M295,MG01,True,True,False,True,False,False,True,0.25,0.81,62,수락,수락,True,2026-07-18,대구,True,애프터 성사
MT01475,2026-07-13,M475,M765,MG14,False,False,True,True,False,False,False,0.25,0.85,69,수락,수락,True,2026-07-23,세종,True,애프터 성사
MT01476,2026-07-02,M476,M853,MG02,False,False,True,True,False,True,False,0.25,0.5,63,미응답,수락,False,,,,응답 대기 종료
MT01477,2026-07-17,M477,M484,MG13,False,False,True,True,False,False,True,1,0.54,72,미응답,수락,False,,,,응답 대기 종료
MT01478,2026-07-27,M478,M847,MG05,False,False,True,True,True,True,True,0.5,0.72,75,수락,수락,True,2026-08-10,서울,True,애프터 성사
MT01479,2026-07-13,M479,M985,MG12,False,False,True,True,True,True,False,0,0.78,70,수락,수락,True,2026-07-20,서울,True,애프터 성사
MT01480,2026-07-15,M480,M883,MG02,False,False,True,True,False,True,False,0,0.41,51,거절,거절,False,,,,추천 종료
MT01481,2026-07-12,M481,M629,MG06,False,False,False,True,True,True,True,0.25,0.87,73,거절,미응답,False,,,,응답 대기 종료
MT01482,2026-07-21,M482,M385,MG10,False,False,True,True,True,True,False,0.25,0.65,72,수락,거절,False,,,,추천 종료
MT01483,2026-07-13,M483,M663,MG08,True,False,True,True,False,True,False,0.25,0.63,74,미응답,미응답,False,,,,응답 대기 종료
MT01484,2026-07-13,M484,M232,MG01,True,True,True,False,False,False,True,0.25,0.58,63,미응답,미응답,False,,,,응답 대기 종료
MT01485,2026-07-23,M485,M709,MG07,True,True,False,True,False,False,True,0,0.96,70,수락,거절,False,,,,추천 종료
MT01486,2026-07-13,M486,M253,MG05,False,False,True,True,False,False,True,0.25,0.41,61,미응답,거절,False,,,,응답 대기 종료
MT01487,2026-07-09,M487,M612,MG09,True,True,False,True,False,False,True,0.75,0.61,75,거절,미응답,False,,,,응답 대기 종료
MT01488,2026-07-09,M488,M513,MG04,True,True,True,True,True,True,False,0.25,0.27,70,미응답,미응답,False,,,,응답 대기 종료
MT01489,2026-07-14,M489,M117,MG05,True,False,False,True,False,False,True,0.5,0.49,66,거절,미응답,False,,,,응답 대기 종료
MT01490,2026-07-16,M490,M972,MG17,True,True,True,False,False,False,True,0.75,0.5,70,거절,수락,False,,,,추천 종료
MT01491,2026-07-21,M491,M174,MG06,False,False,True,True,False,True,True,0.75,0.6,83,수락,수락,True,2026-08-02,인천,True,애프터 성사
MT01492,2026-07-11,M492,M180,MG20,False,False,True,True,False,False,True,0,0.52,59,수락,수락,True,2026-07-13,서울,True,애프터 성사
MT01493,2026-07-02,M493,M088,MG07,True,True,True,True,False,False,True,0.5,0.59,77,거절,거절,False,,,,추천 종료
MT01494,2026-07-11,M494,M383,MG03,False,False,True,True,False,False,False,0,0.55,56,거절,거절,False,,,,추천 종료
MT01495,2026-07-02,M495,M758,MG08,True,True,True,False,False,True,True,0.5,0.79,77,수락,거절,False,,,,추천 종료
MT01496,2026-07-16,M496,M825,MG20,False,False,True,False,True,True,True,0.5,0.47,76,거절,미응답,False,,,,응답 대기 종료
MT01497,2026-07-16,M497,M679,MG15,False,False,True,True,False,False,True,0.25,0.81,71,거절,수락,False,,,,추천 종료
MT01498,2026-07-20,M498,M768,MG05,False,False,True,True,False,False,True,0,0.32,56,미응답,거절,False,,,,응답 대기 종료
MT01499,2026-07-09,M499,M475,MG01,False,False,True,True,False,False,False,0,0.6,63,거절,거절,False,,,,추천 종료
MT01500,2026-07-17,M500,M425,MG04,False,False,True,True,False,True,True,0.5,0.65,71,수락,거절,False,,,,추천 종료
MT01501,2026-07-22,M501,M937,MG04,False,True,True,True,False,False,True,0.5,0.86,67,미응답,거절,False,,,,응답 대기 종료
MT01502,2026-07-19,M502,M134,MG14,True,True,True,True,True,True,True,0.25,0.63,80,미응답,수락,False,,,,응답 대기 종료
MT01503,2026-07-11,M503,M214,MG07,True,True,True,True,False,True,True,0.25,0.6,78,거절,수락,False,,,,추천 종료
MT01504,2026-07-28,M504,M206,MG14,False,False,False,True,False,True,True,0.5,0.42,61,미응답,거절,False,,,,응답 대기 종료
MT01505,2026-07-03,M505,M970,MG15,False,False,True,False,False,True,True,0.5,0.78,71,수락,수락,True,2026-07-05,경기,False,첫 만남 완료
MT01506,2026-07-25,M506,M491,MG01,False,False,False,True,False,False,False,0.25,0.34,51,거절,미응답,False,,,,응답 대기 종료
MT01507,2026-07-08,M507,M675,MG12,False,False,True,False,False,False,True,0.25,0.65,62,미응답,거절,False,,,,응답 대기 종료
MT01508,2026-07-13,M508,M131,MG03,True,True,True,True,False,True,True,0.5,0.57,84,미응답,수락,False,,,,응답 대기 종료
MT01509,2026-07-25,M509,M147,MG07,True,True,True,True,False,True,True,0.75,0.23,81,수락,수락,False,,,,추천 종료
MT01510,2026-07-15,M510,M977,MG01,True,True,True,False,False,True,False,0,0.74,65,미응답,수락,False,,,,응답 대기 종료
MT01511,2026-07-16,M511,M558,MG01,False,False,False,True,True,True,True,0.25,0.9,74,수락,거절,False,,,,추천 종료
MT01512,2026-07-16,M512,M503,MG12,True,True,True,True,False,False,True,0,0.67,69,미응답,미응답,False,,,,응답 대기 종료
MT01513,2026-07-25,M513,M545,MG17,True,True,True,True,True,False,False,0.25,0.47,74,미응답,수락,False,,,,응답 대기 종료
MT01514,2026-07-28,M514,M993,MG10,True,True,True,False,False,True,True,0.5,0.61,79,수락,미응답,False,,,,응답 대기 종료
MT01515,2026-07-19,M515,M943,MG15,False,False,False,True,False,True,True,0.75,0.75,79,수락,수락,True,2026-08-02,서울,True,애프터 성사
MT01516,2026-07-02,M516,M117,MG20,True,True,False,True,False,True,True,0.75,0.84,85,미응답,미응답,False,,,,응답 대기 종료
MT01517,2026-07-11,M517,M735,MG01,False,True,True,False,False,False,True,0.25,0.57,68,거절,거절,False,,,,추천 종료
MT01518,2026-07-15,M518,M856,MG20,True,True,True,True,False,True,True,0.5,0.27,76,거절,미응답,False,,,,응답 대기 종료
MT01519,2026-07-07,M519,M261,MG04,False,True,True,True,False,False,True,0.25,0.58,71,거절,수락,False,,,,추천 종료
MT01520,2026-07-28,M520,M755,MG09,False,False,True,True,False,True,True,0.5,0.54,78,수락,거절,False,,,,추천 종료
MT01521,2026-07-04,M521,M226,MG02,False,False,True,True,False,True,True,0.25,0.52,75,거절,거절,False,,,,추천 종료
MT01522,2026-07-01,M522,M324,MG19,False,False,False,True,False,False,True,0.25,0.87,61,미응답,거절,False,,,,응답 대기 종료
MT01523,2026-07-21,M523,M281,MG12,False,False,False,True,False,False,False,0.25,0.88,61,미응답,미응답,False,,,,응답 대기 종료
MT01524,2026-07-07,M524,M825,MG08,False,False,True,True,True,True,True,0.25,0.4,77,수락,거절,False,,,,추천 종료
MT01525,2026-07-03,M525,M925,MG05,True,True,True,True,False,True,True,0.25,0.86,81,거절,수락,False,,,,추천 종료
MT01526,2026-07-24,M526,M761,MG05,False,False,True,True,True,False,False,0.25,0.55,70,거절,거절,False,,,,추천 종료
MT01527,2026-07-09,M527,M041,MG10,False,False,True,True,False,True,False,0.5,0.65,68,수락,미응답,False,,,,응답 대기 종료
MT01528,2026-07-18,M528,M747,MG11,False,False,False,True,False,False,True,0.5,0.6,65,미응답,미응답,False,,,,응답 대기 종료
MT01529,2026-07-08,M529,M081,MG05,False,False,True,True,False,False,True,0.5,0.58,61,수락,거절,False,,,,추천 종료
MT01530,2026-07-11,M530,M878,MG09,False,True,True,False,True,True,True,0,0.61,74,수락,수락,True,2026-07-14,서울,True,애프터 성사
MT01531,2026-07-21,M531,M476,MG19,False,False,True,True,False,True,False,0,0.66,61,미응답,미응답,False,,,,응답 대기 종료
MT01532,2026-07-02,M532,M306,MG04,False,False,True,False,False,True,True,0,0.57,67,미응답,미응답,False,,,,응답 대기 종료
MT01533,2026-07-17,M533,M597,MG13,True,True,True,True,False,True,False,0.25,0.94,65,거절,미응답,False,,,,응답 대기 종료
MT01534,2026-07-30,M534,M385,MG17,False,False,True,True,True,True,True,0.5,0.8,80,수락,미응답,False,,,,응답 대기 종료
MT01535,2026-07-01,M535,M246,MG06,False,False,True,False,False,True,False,0.75,0.68,65,수락,거절,False,,,,추천 종료
MT01536,2026-07-13,M536,M417,MG13,False,False,True,True,True,True,True,0.25,0.6,80,거절,미응답,False,,,,응답 대기 종료
MT01537,2026-07-20,M537,M918,MG11,True,True,True,True,False,True,False,0.25,0.64,67,거절,수락,False,,,,추천 종료
MT01538,2026-07-15,M538,M475,MG09,False,False,True,True,True,False,False,0.5,0.42,65,수락,수락,True,2026-07-22,경기,False,첫 만남 완료
MT01539,2026-07-11,M539,M713,MG16,True,True,False,True,True,True,True,0.5,0.53,75,수락,거절,False,,,,추천 종료
MT01540,2026-07-13,M540,M741,MG16,False,False,True,True,True,True,True,0.5,0.59,74,수락,수락,True,2026-07-15,서울,True,애프터 성사
MT01541,2026-07-14,M541,M334,MG07,False,False,False,True,False,True,True,0.25,0.62,62,수락,거절,False,,,,추천 종료
MT01542,2026-07-10,M542,M383,MG10,True,True,True,False,False,True,False,0.5,1,72,수락,미응답,False,,,,응답 대기 종료
MT01543,2026-07-13,M543,M254,MG15,True,True,True,False,False,False,False,0.25,0.82,69,미응답,거절,False,,,,응답 대기 종료
MT01544,2026-07-11,M544,M414,MG20,False,True,False,True,False,False,True,0.5,0.41,66,거절,수락,False,,,,추천 종료
MT01545,2026-07-14,M545,M491,MG16,False,False,False,True,True,False,True,0.5,0.6,71,거절,미응답,False,,,,응답 대기 종료
MT01546,2026-07-01,M546,M321,MG14,True,True,True,True,False,False,True,0.5,0.77,68,거절,수락,False,,,,추천 종료
MT01547,2026-07-21,M547,M127,MG17,False,False,True,True,False,False,True,0.25,0.77,69,거절,거절,False,,,,추천 종료
MT01548,2026-07-27,M548,M986,MG02,False,False,False,True,True,False,False,0,0.55,48,거절,거절,False,,,,추천 종료
MT01549,2026-07-20,M549,M257,MG03,True,True,False,True,False,False,True,0.5,0.27,61,거절,수락,False,,,,추천 종료
MT01550,2026-07-11,M550,M003,MG09,True,False,True,False,False,True,False,0.25,0.97,63,거절,거절,False,,,,추천 종료
MT01551,2026-07-18,M551,M467,MG06,False,False,True,True,False,False,True,0.25,0.55,63,수락,거절,False,,,,추천 종료
MT01552,2026-07-11,M552,M830,MG13,False,False,True,False,True,False,False,0,0.78,60,거절,미응답,False,,,,응답 대기 종료
MT01553,2026-07-05,M553,M980,MG17,True,False,False,True,True,True,True,0.25,0.89,70,거절,수락,False,,,,추천 종료
MT01554,2026-07-18,M554,M566,MG15,False,False,True,True,True,True,False,0,0.52,68,거절,미응답,False,,,,응답 대기 종료
MT01555,2026-07-12,M555,M751,MG12,False,False,True,True,True,True,False,0,0.46,65,거절,거절,False,,,,추천 종료
MT01556,2026-07-05,M556,M810,MG16,False,False,True,True,False,True,True,0.5,0.61,78,미응답,거절,False,,,,응답 대기 종료
MT01557,2026-07-17,M557,M193,MG17,True,True,True,True,False,True,True,0.75,0.46,82,수락,수락,True,2026-07-27,서울,True,애프터 성사
MT01558,2026-07-29,M558,M953,MG08,False,False,True,True,False,True,True,0.5,0.61,78,수락,거절,False,,,,추천 종료
MT01559,2026-07-22,M559,M663,MG14,False,False,True,True,False,False,False,0.25,0.73,65,거절,미응답,False,,,,응답 대기 종료
MT01560,2026-07-10,M560,M903,MG16,False,False,True,True,False,False,False,0,0.68,65,수락,거절,False,,,,추천 종료
MT01561,2026-07-02,M561,M779,MG08,True,False,True,True,False,True,True,0.25,0.49,70,거절,미응답,False,,,,응답 대기 종료
MT01562,2026-07-19,M562,M686,MG17,True,True,True,True,False,True,False,0.5,0.8,76,거절,미응답,False,,,,응답 대기 종료
MT01563,2026-07-26,M563,M282,MG11,False,False,True,True,True,False,True,0.5,0.64,65,수락,거절,False,,,,추천 종료
MT01564,2026-07-14,M564,M171,MG06,False,False,True,True,False,False,True,0.25,0.54,70,미응답,수락,False,,,,응답 대기 종료
MT01565,2026-07-23,M565,M259,MG09,True,True,True,True,False,True,True,0.25,0.62,75,수락,미응답,False,,,,응답 대기 종료
MT01566,2026-07-14,M566,M998,MG09,False,True,True,False,False,True,True,0,0.88,63,거절,미응답,False,,,,응답 대기 종료
MT01567,2026-07-28,M567,M667,MG04,False,False,False,True,False,True,False,0.25,0.88,69,거절,거절,False,,,,추천 종료
MT01568,2026-07-03,M568,M608,MG12,False,False,True,True,True,True,True,0.5,0.57,80,수락,미응답,False,,,,응답 대기 종료
MT01569,2026-07-26,M569,M496,MG18,False,False,True,True,False,False,False,0.25,0.63,61,미응답,미응답,False,,,,응답 대기 종료
MT01570,2026-07-09,M570,M734,MG10,False,False,True,True,False,True,True,0.25,0.63,65,미응답,수락,False,,,,응답 대기 종료
MT01571,2026-07-17,M571,M552,MG05,False,False,True,True,True,True,True,0.5,0.65,74,거절,수락,False,,,,추천 종료
MT01572,2026-07-14,M572,M957,MG06,False,False,True,True,False,False,True,0.5,0.67,71,거절,거절,False,,,,추천 종료
MT01573,2026-07-25,M573,M221,MG16,True,False,False,True,False,True,True,0.25,0.73,64,거절,수락,False,,,,추천 종료
MT01574,2026-07-02,M574,M160,MG05,False,False,True,True,False,False,True,0.25,0.74,57,수락,거절,False,,,,추천 종료
MT01575,2026-07-06,M575,M889,MG09,False,True,False,True,False,False,False,0.25,0.77,63,거절,거절,False,,,,추천 종료
MT01576,2026-07-22,M576,M313,MG11,True,True,True,True,False,False,True,0.5,0.71,68,미응답,미응답,False,,,,응답 대기 종료
MT01577,2026-07-09,M577,M247,MG17,True,True,True,False,False,False,True,0.25,0.65,69,거절,미응답,False,,,,응답 대기 종료
MT01578,2026-07-27,M578,M733,MG06,True,True,False,True,False,False,True,0.5,0.41,71,미응답,미응답,False,,,,응답 대기 종료
MT01579,2026-07-15,M579,M317,MG03,False,False,False,True,False,False,False,0.25,0.84,60,미응답,거절,False,,,,응답 대기 종료
MT01580,2026-07-22,M580,M323,MG14,False,False,True,False,False,True,True,0.75,0.64,68,미응답,거절,False,,,,응답 대기 종료
MT01581,2026-07-24,M581,M105,MG03,False,False,True,True,False,False,True,0.5,0.62,64,수락,미응답,False,,,,응답 대기 종료
MT01582,2026-07-04,M582,M786,MG12,True,True,True,True,False,False,True,0.5,0.83,77,거절,거절,False,,,,추천 종료
MT01583,2026-07-28,M583,M046,MG09,True,True,True,False,False,True,True,0.25,0.5,72,거절,거절,False,,,,추천 종료
MT01584,2026-07-14,M584,M704,MG11,False,False,True,False,False,False,True,0.25,0.72,66,수락,거절,False,,,,추천 종료
MT01585,2026-07-02,M585,M304,MG03,False,False,False,True,True,True,False,0.25,0.78,66,미응답,수락,False,,,,응답 대기 종료
MT01586,2026-07-25,M586,M264,MG18,False,False,False,True,True,True,True,0.25,0.73,74,미응답,거절,False,,,,응답 대기 종료
MT01587,2026-07-10,M587,M805,MG15,False,False,True,False,True,False,True,0.25,0.66,70,미응답,미응답,False,,,,응답 대기 종료
MT01588,2026-07-27,M588,M411,MG20,True,True,False,True,False,True,True,1,0.47,73,미응답,수락,False,,,,응답 대기 종료
MT01589,2026-07-12,M589,M446,MG10,True,True,True,False,True,True,False,0.75,0.59,75,거절,수락,False,,,,추천 종료
MT01590,2026-07-10,M590,M170,MG02,True,False,True,False,True,True,True,0.25,0.46,79,수락,미응답,False,,,,응답 대기 종료
MT01591,2026-07-13,M591,M041,MG13,False,False,True,True,True,False,False,0.25,0.4,68,수락,미응답,False,,,,응답 대기 종료
MT01592,2026-07-22,M592,M770,MG08,True,True,True,False,False,False,False,0,0.59,57,거절,거절,False,,,,추천 종료
MT01593,2026-07-23,M593,M315,MG13,False,False,True,False,False,True,True,0.75,0.77,74,거절,미응답,False,,,,응답 대기 종료
MT01594,2026-07-22,M594,M811,MG12,True,True,True,True,False,False,True,0.75,0.32,82,미응답,수락,False,,,,응답 대기 종료
MT01595,2026-07-09,M595,M478,MG10,True,True,False,True,True,True,True,0.5,0.4,79,거절,수락,False,,,,추천 종료
MT01596,2026-07-15,M596,M487,MG09,True,True,True,True,True,True,True,0.25,0.74,85,거절,수락,False,,,,추천 종료
MT01597,2026-07-11,M597,M039,MG08,False,False,True,True,False,True,False,0.25,0.39,58,거절,거절,False,,,,추천 종료
MT01598,2026-07-06,M598,M867,MG07,True,True,True,True,False,False,True,0.5,0.47,64,거절,거절,False,,,,추천 종료
MT01599,2026-07-14,M599,M823,MG15,True,True,False,True,False,False,True,0.5,0.53,65,거절,거절,False,,,,추천 종료
MT01600,2026-07-15,M600,M538,MG03,False,False,True,True,True,False,True,0.25,0.6,68,미응답,미응답,False,,,,응답 대기 종료
MT01601,2026-07-15,M601,M731,MG01,True,True,True,True,False,False,True,0.25,0.6,71,수락,거절,False,,,,추천 종료
MT01602,2026-07-27,M602,M941,MG05,True,True,True,True,False,True,False,0.5,0.1,65,미응답,,False,,,,응답 대기 종료
MT01603,2026-07-26,M603,M059,MG19,False,False,False,True,False,True,True,0.5,0.58,74,수락,거절,False,,,,추천 종료
MT01604,2026-07-27,M604,M424,MG18,False,False,True,True,False,False,True,1,0.59,80,수락,거절,False,,,,추천 종료
MT01605,2026-07-04,M605,M227,MG14,True,True,True,True,False,False,False,0.25,0.79,66,거절,거절,False,,,,추천 종료
MT01606,2026-07-07,M606,M195,MG08,False,False,True,True,True,True,True,0.75,0.88,84,미응답,수락,False,,,,응답 대기 종료
MT01607,2026-07-06,M607,M005,MG08,True,True,True,True,False,True,True,0.25,0.82,79,미응답,미응답,False,,,,응답 대기 종료
MT01608,2026-07-04,M608,M994,MG01,False,False,True,False,False,False,True,0.5,0.66,60,미응답,거절,False,,,,응답 대기 종료
MT01609,2026-07-19,M609,M600,MG16,False,False,False,True,False,True,True,0.25,0.78,58,거절,미응답,False,,,,응답 대기 종료
MT01610,2026-07-21,M610,M592,MG18,True,True,True,True,False,True,True,0.25,0.82,68,미응답,거절,False,,,,응답 대기 종료
MT01611,2026-07-23,M611,M246,MG17,False,False,True,False,False,False,False,0,0.59,54,미응답,거절,False,,,,응답 대기 종료
MT01612,2026-07-27,M612,M185,MG08,False,True,True,False,False,False,False,0.25,0.63,62,미응답,거절,False,,,,응답 대기 종료
MT01613,2026-07-12,M613,M938,MG08,False,False,True,False,False,False,True,0.5,0.66,66,거절,수락,False,,,,추천 종료
MT01614,2026-07-18,M614,M265,MG02,False,True,False,True,False,True,True,0.5,0.82,76,미응답,거절,False,,,,응답 대기 종료
MT01615,2026-07-02,M615,M138,MG08,True,True,True,True,False,True,True,0.5,0.82,86,미응답,수락,False,,,,응답 대기 종료
MT01616,2026-07-24,M616,M392,MG13,True,True,True,True,True,False,True,0.5,0.55,80,수락,수락,True,2026-08-02,서울,True,애프터 성사
MT01617,2026-07-01,M617,M222,MG02,False,False,True,False,False,True,True,0.5,0.84,75,거절,미응답,False,,,,응답 대기 종료
MT01618,2026-07-14,M618,M847,MG17,True,False,False,True,True,False,True,0.75,0.73,71,거절,수락,False,,,,추천 종료
MT01619,2026-07-16,M619,M300,MG02,False,False,True,False,False,True,True,0.25,0.67,64,거절,거절,False,,,,추천 종료
MT01620,2026-07-11,M620,M375,MG17,False,False,True,False,False,False,True,0.25,0.84,60,수락,수락,True,2026-07-20,경기,True,애프터 성사
MT01621,2026-07-20,M621,M928,MG06,True,False,True,False,False,False,True,0.5,0.57,74,미응답,수락,False,,,,응답 대기 종료
MT01622,2026-07-15,M622,M414,MG02,False,True,True,True,False,False,True,0.25,0.52,72,미응답,수락,False,,,,응답 대기 종료
MT01623,2026-07-13,M623,M323,MG01,False,False,True,False,False,False,True,0.5,0.81,63,미응답,거절,False,,,,응답 대기 종료
MT01624,2026-07-21,M624,M708,MG01,True,False,True,False,True,True,True,0.5,0.37,74,수락,수락,False,,,,추천 종료
MT01625,2026-07-03,M625,M928,MG10,False,False,True,True,False,False,True,0.5,0.77,65,거절,미응답,False,,,,응답 대기 종료
MT01626,2026-07-11,M626,M189,MG04,False,False,True,True,False,False,True,0.25,0.75,74,미응답,수락,False,,,,응답 대기 종료
MT01627,2026-07-01,M627,M833,MG11,True,True,True,False,False,False,True,0.5,0.51,67,미응답,수락,False,,,,응답 대기 종료
MT01628,2026-07-03,M628,M732,MG20,True,False,False,True,False,False,True,0.25,0.54,64,거절,거절,False,,,,추천 종료
MT01629,2026-07-30,M629,M899,MG01,False,False,True,True,False,True,True,1,0.54,80,거절,미응답,False,,,,응답 대기 종료
MT01630,2026-07-27,M630,M857,MG13,False,False,True,False,False,False,True,0.5,0.56,46,수락,거절,False,,,,추천 종료
MT01631,2026-07-29,M631,M115,MG13,False,False,True,False,True,False,True,0.25,0.36,51,미응답,미응답,False,,,,응답 대기 종료
MT01632,2026-07-28,M632,M882,MG01,False,False,True,True,False,False,True,0,0.85,66,수락,미응답,False,,,,응답 대기 종료
MT01633,2026-07-24,M633,M365,MG17,False,True,True,False,False,False,True,0.5,0.64,65,미응답,미응답,False,,,,응답 대기 종료
MT01634,2026-07-13,M634,M625,MG12,True,True,True,True,False,False,True,0.5,0.54,75,미응답,수락,False,,,,응답 대기 종료
MT01635,2026-07-16,M635,M386,MG05,True,True,True,True,True,False,True,0.25,0.51,79,거절,거절,False,,,,추천 종료
MT01636,2026-07-18,M636,M838,MG14,True,True,True,False,False,True,True,0.25,0.86,75,거절,수락,False,,,,추천 종료
MT01637,2026-07-28,M637,M039,MG02,False,False,True,True,True,True,True,0.25,0.7,72,미응답,수락,False,,,,응답 대기 종료
MT01638,2026-07-27,M638,M283,MG12,False,False,False,True,False,False,True,0.5,0.51,63,미응답,거절,False,,,,응답 대기 종료
MT01639,2026-07-08,M639,M061,MG06,True,True,True,True,False,True,True,0.25,0.77,78,거절,미응답,False,,,,응답 대기 종료
MT01640,2026-07-17,M640,M645,MG16,True,True,True,True,False,False,True,0.5,0.64,68,거절,거절,False,,,,추천 종료
MT01641,2026-07-28,M641,M441,MG12,False,False,False,True,False,False,True,0.5,0.71,67,미응답,거절,False,,,,응답 대기 종료
MT01642,2026-07-08,M642,M959,MG01,False,False,True,True,False,False,True,0.5,0.54,69,미응답,미응답,False,,,,응답 대기 종료
MT01643,2026-07-21,M643,M418,MG04,False,True,False,True,False,True,False,0,0.78,62,거절,수락,False,,,,추천 종료
MT01644,2026-07-19,M644,M687,MG02,True,False,True,True,False,True,False,0.5,0.68,64,수락,거절,False,,,,추천 종료
MT01645,2026-07-01,M645,M726,MG15,True,True,True,True,True,False,False,0.75,0.4,71,미응답,거절,False,,,,응답 대기 종료
MT01646,2026-07-02,M646,M050,MG10,True,True,True,False,False,True,False,0.5,0.6,65,수락,거절,False,,,,추천 종료
MT01647,2026-07-26,M647,M448,MG04,False,False,False,True,False,True,False,0.25,0.8,64,미응답,거절,False,,,,응답 대기 종료
MT01648,2026-07-21,M648,M605,MG19,False,False,True,False,False,False,True,0.25,0.76,55,미응답,미응답,False,,,,응답 대기 종료
MT01649,2026-07-13,M649,M521,MG08,False,False,True,False,False,False,False,0.5,0.61,55,수락,거절,False,,,,추천 종료
MT01650,2026-07-22,M650,M921,MG20,False,False,True,True,True,False,True,0.5,0.68,65,거절,거절,False,,,,추천 종료
MT01651,2026-07-18,M651,M133,MG12,False,False,True,False,False,False,False,0.25,0.8,66,거절,미응답,False,,,,응답 대기 종료
MT01652,2026-07-30,M652,M368,MG20,True,True,False,True,False,True,True,0.75,0.67,81,거절,미응답,False,,,,응답 대기 종료
MT01653,2026-07-05,M653,M626,MG12,False,False,True,True,False,False,False,0,0.51,60,거절,미응답,False,,,,응답 대기 종료
MT01654,2026-07-04,M654,M843,MG11,True,True,True,True,False,False,True,0,0.57,65,수락,미응답,False,,,,응답 대기 종료
MT01655,2026-07-03,M655,M898,MG08,True,False,True,True,False,False,True,0.25,0.54,65,거절,수락,False,,,,추천 종료
MT01656,2026-07-21,M656,M753,MG20,False,False,True,True,False,True,False,0.25,0.26,67,거절,수락,False,,,,추천 종료
MT01657,2026-07-15,M657,M353,MG08,False,True,False,True,False,True,False,0,0.35,57,수락,미응답,False,,,,응답 대기 종료
MT01658,2026-07-27,M658,M667,MG08,True,True,True,True,False,False,True,0.5,0.45,70,거절,거절,False,,,,추천 종료
MT01659,2026-07-08,M659,M926,MG06,False,False,False,True,False,False,True,0.25,0.38,47,미응답,거절,False,,,,응답 대기 종료
MT01660,2026-07-06,M660,M169,MG06,True,True,True,True,False,True,True,0.25,0.77,79,수락,수락,True,2026-07-17,경남,True,애프터 성사
MT01661,2026-07-29,M661,M290,MG13,False,False,False,True,True,False,False,0,0.61,58,미응답,수락,False,,,,응답 대기 종료
MT01662,2026-07-29,M662,M389,MG03,True,True,False,True,False,True,True,0.25,0.62,71,수락,수락,False,,,,추천 종료
MT01663,2026-07-23,M663,M901,MG18,False,True,True,True,False,False,True,0,0.46,66,거절,수락,False,,,,추천 종료
MT01664,2026-07-25,M664,M810,MG05,True,True,True,False,True,False,True,0.5,0.6,84,미응답,수락,False,,,,응답 대기 종료
MT01665,2026-07-20,M665,M390,MG18,False,False,False,True,False,False,True,0.5,0.69,63,거절,거절,False,,,,추천 종료
MT01666,2026-07-17,M666,M330,MG19,True,True,False,True,False,False,False,0.25,0.66,58,거절,거절,False,,,,추천 종료
MT01667,2026-07-05,M667,M831,MG15,True,False,False,True,False,True,True,0.25,0.43,62,거절,거절,False,,,,추천 종료
MT01668,2026-07-30,M668,M783,MG07,False,False,True,False,False,True,True,0.25,0.59,66,수락,미응답,False,,,,응답 대기 종료
MT01669,2026-07-17,M669,M733,MG16,False,False,True,True,False,True,True,0.5,0.66,75,미응답,미응답,False,,,,응답 대기 종료
MT01670,2026-07-11,M670,M391,MG16,False,False,False,True,False,True,True,0.5,0.3,62,수락,수락,False,,,,추천 종료
MT01671,2026-07-14,M671,M298,MG09,False,False,True,True,False,True,True,0.75,1,79,미응답,수락,False,,,,응답 대기 종료
MT01672,2026-07-09,M672,M004,MG12,False,False,True,True,False,False,True,0.5,0.59,65,수락,미응답,False,,,,응답 대기 종료
MT01673,2026-07-25,M673,M443,MG12,False,False,False,True,True,True,True,0.75,0.53,74,미응답,수락,False,,,,응답 대기 종료
MT01674,2026-07-26,M674,M757,MG18,True,True,True,False,False,False,True,0,0.34,65,거절,거절,False,,,,추천 종료
MT01675,2026-07-09,M675,M951,MG02,True,True,False,True,False,False,True,0.25,0.2,61,미응답,수락,False,,,,응답 대기 종료
MT01676,2026-07-15,M676,M385,MG08,False,False,False,True,True,True,True,0.25,0.31,67,수락,수락,True,2026-07-21,경기,False,첫 만남 완료
MT01677,2026-07-29,M677,M805,MG16,False,False,True,False,False,False,True,0.25,0.61,64,수락,미응답,False,,,,응답 대기 종료
MT01678,2026-07-24,M678,M356,MG05,True,False,False,True,False,False,True,0,0.82,67,수락,거절,False,,,,추천 종료
MT01679,2026-07-02,M679,M616,MG16,False,True,True,True,False,False,True,0.5,0.49,77,미응답,거절,False,,,,응답 대기 종료
MT01680,2026-07-26,M680,M752,MG13,True,True,False,True,False,False,True,0.75,0.66,83,미응답,수락,False,,,,응답 대기 종료
MT01681,2026-07-03,M681,M898,MG05,False,False,False,True,True,False,True,0.5,0.91,75,거절,수락,False,,,,추천 종료
MT01682,2026-07-06,M682,M654,MG10,True,True,True,True,True,False,False,0.25,0.59,76,미응답,수락,False,,,,응답 대기 종료
MT01683,2026-07-24,M683,M024,MG11,False,False,False,True,False,True,True,0.5,0.44,66,미응답,거절,False,,,,응답 대기 종료
MT01684,2026-07-21,M684,M858,MG08,False,False,True,False,False,False,True,0.5,0.67,70,거절,미응답,False,,,,응답 대기 종료
MT01685,2026-07-06,M685,M011,MG19,False,False,True,False,False,False,False,0,0.72,59,거절,미응답,False,,,,응답 대기 종료
MT01686,2026-07-21,M686,M864,MG12,False,False,True,True,True,True,True,0.5,0.54,82,거절,미응답,False,,,,응답 대기 종료
MT01687,2026-07-21,M687,M257,MG10,True,True,False,True,False,True,False,0,0.58,68,미응답,거절,False,,,,응답 대기 종료
MT01688,2026-07-02,M688,M769,MG06,True,True,False,True,False,True,True,0.5,0.76,83,수락,수락,True,2026-07-09,서울,False,첫 만남 완료
MT01689,2026-07-17,M689,M922,MG06,True,True,False,True,False,False,True,0.25,0.94,74,수락,수락,True,2026-07-25,충북,False,첫 만남 완료
MT01690,2026-07-26,M690,M865,MG20,True,True,True,False,False,True,False,0.25,0.75,72,수락,미응답,False,,,,응답 대기 종료
MT01691,2026-07-23,M691,M870,MG15,False,True,True,True,False,True,True,0.5,0.39,76,수락,미응답,False,,,,응답 대기 종료
MT01692,2026-07-17,M692,M539,MG15,True,True,False,True,True,True,True,0.25,0.45,76,미응답,미응답,False,,,,응답 대기 종료
MT01693,2026-07-24,M693,M384,MG12,False,False,True,False,False,False,True,0.5,0.15,56,수락,거절,False,,,,추천 종료
MT01694,2026-07-25,M694,M720,MG01,False,False,True,False,True,True,True,0.5,1,75,수락,거절,False,,,,추천 종료
MT01695,2026-07-16,M695,M225,MG19,True,True,False,True,False,True,True,0.75,0.4,75,수락,거절,False,,,,추천 종료
MT01696,2026-07-27,M696,M385,MG02,True,True,True,True,True,True,True,0.5,0.84,84,수락,거절,False,,,,추천 종료
MT01697,2026-07-26,M697,M107,MG04,True,True,True,False,False,False,True,0,0.5,56,거절,거절,False,,,,추천 종료
MT01698,2026-07-16,M698,M325,MG11,True,True,True,True,True,False,False,0.25,0.81,71,거절,미응답,False,,,,응답 대기 종료
MT01699,2026-07-08,M699,M239,MG17,True,True,True,True,False,True,True,0.5,0.51,80,미응답,수락,False,,,,응답 대기 종료
MT01700,2026-07-22,M700,M956,MG08,True,True,True,True,False,True,True,0.25,0.7,76,미응답,거절,False,,,,응답 대기 종료
MT01701,2026-07-06,M701,M580,MG20,False,False,True,False,False,False,True,0.25,0.62,61,미응답,거절,False,,,,응답 대기 종료
MT01702,2026-07-05,M702,M655,MG09,False,True,True,False,False,True,True,0.5,0.62,67,거절,미응답,False,,,,응답 대기 종료
MT01703,2026-07-30,M703,M613,MG09,False,False,True,False,False,False,True,0.75,0.72,74,거절,미응답,False,,,,응답 대기 종료
MT01704,2026-07-19,M704,M917,MG18,False,True,True,True,False,False,True,0.25,0.88,72,거절,미응답,False,,,,응답 대기 종료
MT01705,2026-07-11,M705,M908,MG07,False,False,True,True,False,False,True,0.5,0.9,66,거절,거절,False,,,,추천 종료
MT01706,2026-07-28,M706,M698,MG12,False,False,True,True,True,True,True,0.5,0.81,67,미응답,미응답,False,,,,응답 대기 종료
MT01707,2026-07-25,M707,M234,MG16,False,False,True,True,False,False,True,0.5,0.47,63,거절,거절,False,,,,추천 종료
MT01708,2026-07-02,M708,M018,MG19,True,True,True,False,False,False,True,0.5,0.52,75,수락,수락,True,2026-07-16,경기,True,애프터 성사
MT01709,2026-07-01,M709,M108,MG19,False,False,True,False,False,False,True,0.25,0.41,56,거절,미응답,False,,,,응답 대기 종료
MT01710,2026-07-08,M710,M839,MG19,False,True,True,True,False,True,True,0.5,0.62,75,미응답,미응답,False,,,,응답 대기 종료
MT01711,2026-07-07,M711,M368,MG09,True,True,True,True,True,True,True,0.5,0.23,82,미응답,수락,False,,,,응답 대기 종료
MT01712,2026-07-05,M712,M073,MG18,True,False,True,False,True,True,True,0.5,0.47,75,미응답,거절,False,,,,응답 대기 종료
MT01713,2026-07-11,M713,M916,MG13,False,False,True,True,False,True,True,0.25,0.32,61,수락,거절,False,,,,추천 종료
MT01714,2026-07-19,M714,M910,MG20,True,True,True,False,False,True,True,0.5,0.75,79,수락,거절,False,,,,추천 종료
MT01715,2026-07-01,M715,M491,MG18,False,False,True,True,False,True,True,0.5,0.71,76,미응답,수락,False,,,,응답 대기 종료
MT01716,2026-07-13,M716,M223,MG06,False,False,True,True,False,False,True,0.25,0.47,62,수락,수락,True,2026-07-25,전남,False,첫 만남 완료
MT01717,2026-07-11,M717,M167,MG02,False,False,True,True,False,True,True,0.75,0.74,84,거절,수락,False,,,,추천 종료
MT01718,2026-07-26,M718,M657,MG18,True,True,True,False,False,False,True,0.75,0.85,69,수락,수락,True,2026-08-08,서울,False,첫 만남 완료
MT01719,2026-07-03,M719,M657,MG13,True,True,True,True,False,True,True,0.25,0.83,72,거절,수락,False,,,,추천 종료
MT01720,2026-07-16,M720,M398,MG19,False,False,True,True,False,True,True,0.25,0.81,73,미응답,수락,False,,,,응답 대기 종료
MT01721,2026-07-22,M721,M287,MG18,True,True,True,True,False,True,True,0.5,0.63,74,수락,거절,False,,,,추천 종료
MT01722,2026-07-01,M722,M856,MG10,False,False,True,True,False,False,True,0.75,0.89,71,수락,수락,True,2026-07-08,광주,True,애프터 성사
MT01723,2026-07-19,M723,M874,MG07,False,True,False,True,True,False,False,0.5,0.85,74,거절,미응답,False,,,,응답 대기 종료
MT01724,2026-07-24,M724,M894,MG04,False,False,True,True,False,False,True,0.5,0.38,64,거절,거절,False,,,,추천 종료
MT01725,2026-07-16,M725,M187,MG17,False,False,False,True,False,True,True,0.25,0.78,67,수락,미응답,False,,,,응답 대기 종료
MT01726,2026-07-10,M726,M067,MG17,False,False,False,True,True,False,True,0.75,0.58,74,거절,거절,False,,,,추천 종료
MT01727,2026-07-10,M727,M648,MG02,False,False,False,True,False,False,True,0.75,0.48,76,미응답,거절,False,,,,응답 대기 종료
MT01728,2026-07-01,M728,M052,MG04,False,False,True,True,False,False,True,0,0.76,63,수락,미응답,False,,,,응답 대기 종료
MT01729,2026-07-25,M729,M423,MG01,False,True,False,True,True,True,True,0.75,0.58,74,수락,거절,False,,,,추천 종료
MT01730,2026-07-07,M730,M186,MG14,True,True,True,True,True,False,True,0.75,0.74,85,수락,거절,False,,,,추천 종료
MT01731,2026-07-14,M731,M451,MG17,False,True,True,True,False,False,False,0.25,0.65,61,수락,거절,False,,,,추천 종료
MT01732,2026-07-18,M732,M804,MG09,False,True,True,False,False,True,False,0,0.45,58,미응답,수락,False,,,,응답 대기 종료
MT01733,2026-07-23,M733,M030,MG11,False,False,True,False,False,True,True,0.5,0.83,61,미응답,미응답,False,,,,응답 대기 종료
MT01734,2026-07-24,M734,M354,MG02,False,False,False,True,False,True,True,0.25,0.65,74,미응답,수락,False,,,,응답 대기 종료
MT01735,2026-07-07,M735,M641,MG05,False,False,True,False,False,False,False,0.25,0.57,63,미응답,거절,False,,,,응답 대기 종료
MT01736,2026-07-09,M736,M021,MG03,False,True,True,True,False,True,True,0.25,0.68,79,거절,거절,False,,,,추천 종료
MT01737,2026-07-20,M737,M144,MG18,False,False,True,True,True,False,True,0.25,0.41,69,거절,미응답,False,,,,응답 대기 종료
MT01738,2026-07-26,M738,M896,MG16,False,False,True,False,True,True,True,0.5,0.55,68,미응답,미응답,False,,,,응답 대기 종료
MT01739,2026-07-09,M739,M339,MG20,False,False,False,True,False,True,True,0.25,0.74,69,거절,수락,False,,,,추천 종료
MT01740,2026-07-08,M740,M940,MG14,False,False,True,True,False,False,False,0.25,0.6,55,미응답,수락,False,,,,응답 대기 종료
MT01741,2026-07-18,M741,M251,MG15,False,True,False,True,False,True,True,0.75,0.65,83,수락,미응답,False,,,,응답 대기 종료
MT01742,2026-07-07,M742,M790,MG05,False,False,True,True,False,False,False,0.25,0.34,57,거절,미응답,False,,,,응답 대기 종료
MT01743,2026-07-08,M743,M442,MG12,False,False,False,True,False,False,True,0.5,0.7,68,미응답,수락,False,,,,응답 대기 종료
MT01744,2026-07-12,M744,M096,MG10,False,False,True,True,False,False,True,0.25,0.68,63,거절,수락,False,,,,추천 종료
MT01745,2026-07-21,M745,M239,MG13,False,False,False,True,False,True,True,0.5,0.66,69,거절,수락,False,,,,추천 종료
MT01746,2026-07-18,M746,M959,MG20,True,True,True,False,True,False,True,0,0.73,62,거절,거절,False,,,,추천 종료
MT01747,2026-07-16,M747,M279,MG01,False,False,True,True,False,True,False,0.5,0.5,71,수락,미응답,False,,,,응답 대기 종료
MT01748,2026-07-10,M748,M241,MG18,False,False,True,False,False,False,True,0.25,0.74,56,미응답,거절,False,,,,응답 대기 종료
MT01749,2026-07-24,M749,M751,MG01,True,True,False,True,True,True,True,0.5,0.58,77,수락,거절,False,,,,추천 종료
MT01750,2026-07-14,M750,M903,MG11,False,False,True,True,False,True,True,0.25,0.43,66,수락,수락,True,2026-07-17,서울,True,애프터 성사
MT01751,2026-07-12,M751,M281,MG06,False,False,False,True,True,False,True,0.25,0.87,70,수락,거절,False,,,,추천 종료
MT01752,2026-07-11,M752,M873,MG14,True,False,True,False,False,False,False,0,0.5,53,수락,미응답,False,,,,응답 대기 종료
MT01753,2026-07-18,M753,M521,MG08,False,False,True,True,False,True,True,0.25,0.94,73,수락,수락,True,2026-07-23,서울,False,첫 만남 완료
MT01754,2026-07-23,M754,M160,MG06,False,True,True,True,False,False,False,0.5,0.74,76,미응답,거절,False,,,,응답 대기 종료
MT01755,2026-07-03,M755,M229,MG17,False,False,True,True,True,True,True,0.5,0.79,85,수락,거절,False,,,,추천 종료
MT01756,2026-07-29,M756,M416,MG20,True,False,False,True,False,False,True,0.5,0.3,64,미응답,거절,False,,,,응답 대기 종료
MT01757,2026-07-18,M757,M369,MG14,True,True,False,True,False,True,True,0.25,0.72,68,거절,거절,False,,,,추천 종료
MT01758,2026-07-15,M758,M997,MG04,True,True,False,True,False,True,True,0.25,0.42,67,거절,거절,False,,,,추천 종료
MT01759,2026-07-15,M759,M910,MG11,True,True,True,False,False,True,True,0.5,0.68,76,미응답,미응답,False,,,,응답 대기 종료
MT01760,2026-07-20,M760,M950,MG05,False,False,True,True,False,True,True,0.75,0.68,71,미응답,미응답,False,,,,응답 대기 종료
MT01761,2026-07-29,M761,M708,MG05,True,True,True,True,True,False,True,1,0.65,93,수락,미응답,False,,,,응답 대기 종료
MT01762,2026-07-22,M762,M745,MG10,False,False,True,False,False,True,False,0.5,0.57,69,거절,수락,False,,,,추천 종료
MT01763,2026-07-11,M763,M668,MG04,True,False,False,True,False,True,True,0,0.5,60,거절,수락,False,,,,추천 종료
MT01764,2026-07-18,M764,M802,MG07,False,False,True,False,False,False,True,0.5,1,71,수락,거절,False,,,,추천 종료
MT01765,2026-07-08,M765,M855,MG12,True,True,True,True,False,True,True,0.25,0.44,75,수락,미응답,False,,,,응답 대기 종료
MT01766,2026-07-25,M766,M782,MG07,False,False,True,True,False,True,True,0.5,0.47,62,수락,수락,True,2026-08-01,충남,True,애프터 성사
MT01767,2026-07-12,M767,M836,MG03,True,True,False,True,False,True,True,0.25,0.46,70,수락,미응답,False,,,,응답 대기 종료
MT01768,2026-07-15,M768,M807,MG09,True,True,True,True,False,True,False,0.25,0.75,68,미응답,미응답,False,,,,응답 대기 종료
MT01769,2026-07-06,M769,M472,MG07,True,True,True,False,True,False,False,0.5,0.68,68,수락,미응답,False,,,,응답 대기 종료
MT01770,2026-07-15,M770,M646,MG09,False,False,False,True,False,True,False,0.5,0.48,57,거절,거절,False,,,,추천 종료
MT01771,2026-07-05,M771,M646,MG11,True,False,False,True,True,True,False,0,0.21,57,거절,거절,False,,,,추천 종료
MT01772,2026-07-23,M772,M200,MG03,True,True,True,False,False,False,False,0,0.64,60,거절,거절,False,,,,추천 종료
MT01773,2026-07-27,M773,M967,MG06,False,False,True,True,True,True,False,0.25,0.67,76,수락,거절,False,,,,추천 종료
MT01774,2026-07-20,M774,M402,MG02,True,False,True,False,False,True,True,0,0.92,57,미응답,미응답,False,,,,응답 대기 종료
MT01775,2026-07-11,M775,M309,MG10,True,True,True,False,True,True,True,0.5,0.56,80,거절,수락,False,,,,추천 종료
MT01776,2026-07-05,M776,M612,MG13,True,False,False,True,False,True,True,0.5,0.56,74,거절,수락,False,,,,추천 종료
MT01777,2026-07-18,M777,M829,MG01,False,True,False,True,False,False,True,0.5,0.95,65,거절,수락,False,,,,추천 종료
MT01778,2026-07-07,M778,M941,MG18,True,True,True,False,False,True,False,0.25,0.4,70,수락,미응답,False,,,,응답 대기 종료
MT01779,2026-07-25,M779,M084,MG15,False,False,False,True,True,True,True,0.5,0.47,80,미응답,수락,False,,,,응답 대기 종료
MT01780,2026-07-30,M780,M941,MG08,False,True,True,False,False,True,True,0,0.79,66,미응답,미응답,False,,,,응답 대기 종료
MT01781,2026-07-07,M781,M641,MG03,False,False,True,True,False,True,False,0.25,0.48,54,수락,미응답,False,,,,응답 대기 종료
MT01782,2026-07-12,M782,M869,MG15,False,False,True,True,True,True,True,0.5,0.39,81,수락,미응답,False,,,,응답 대기 종료
MT01783,2026-07-19,M783,M218,MG05,False,False,False,True,True,True,True,0.5,0.64,82,수락,수락,False,,,,추천 종료
MT01784,2026-07-20,M784,M869,MG18,True,True,True,True,True,False,True,0.5,0.7,87,거절,미응답,False,,,,응답 대기 종료
MT01785,2026-07-22,M785,M987,MG20,False,False,True,True,False,True,True,0.25,0.36,71,수락,거절,False,,,,추천 종료
MT01786,2026-07-13,M786,M326,MG02,True,True,True,False,False,False,True,0,0.37,60,수락,미응답,False,,,,응답 대기 종료
MT01787,2026-07-28,M787,M663,MG19,False,False,True,True,False,False,False,0.25,0.72,66,미응답,거절,False,,,,응답 대기 종료
MT01788,2026-07-11,M788,M633,MG04,True,False,True,True,False,False,True,0.75,1,80,수락,수락,True,2026-07-17,강원,True,애프터 성사
MT01789,2026-07-03,M789,M889,MG15,True,False,False,True,False,False,True,0.75,0.11,61,수락,거절,False,,,,추천 종료
MT01790,2026-07-17,M790,M261,MG05,False,False,False,True,True,True,True,0.5,0.61,78,미응답,수락,False,,,,응답 대기 종료
MT01791,2026-07-26,M791,M746,MG15,False,False,True,True,False,False,True,0.25,0.52,70,거절,수락,False,,,,추천 종료
MT01792,2026-07-05,M792,M567,MG10,False,False,True,True,True,False,False,0.5,0.62,75,미응답,수락,False,,,,응답 대기 종료
MT01793,2026-07-22,M793,M729,MG13,True,True,True,False,True,True,True,0.25,0.66,72,거절,거절,False,,,,추천 종료
MT01794,2026-07-05,M794,M507,MG06,False,False,True,True,False,False,True,0.75,0.29,64,미응답,거절,False,,,,응답 대기 종료
MT01795,2026-07-21,M795,M107,MG14,True,True,True,True,False,False,True,0.25,0.35,67,미응답,거절,False,,,,응답 대기 종료
MT01796,2026-07-18,M796,M398,MG05,True,False,True,False,False,True,True,0.5,0.49,71,미응답,수락,False,,,,응답 대기 종료
MT01797,2026-07-17,M797,M195,MG14,True,True,True,True,True,True,True,0.25,0.71,79,미응답,거절,False,,,,응답 대기 종료
MT01798,2026-07-21,M798,M328,MG20,False,False,True,True,False,True,False,0.5,0.73,76,거절,수락,False,,,,추천 종료
MT01799,2026-07-03,M799,M255,MG10,False,True,True,True,False,False,True,0.5,0.59,62,거절,수락,False,,,,추천 종료
MT01800,2026-07-01,M800,M796,MG06,True,True,False,True,False,True,True,0.25,0.64,69,수락,거절,False,,,,추천 종료
MT01801,2026-07-11,M801,M362,MG07,True,True,False,True,True,False,True,0.5,0.48,64,거절,미응답,False,,,,응답 대기 종료
MT01802,2026-07-26,M802,M700,MG17,False,False,False,True,False,False,True,0.5,0.5,67,거절,수락,False,,,,추천 종료
MT01803,2026-07-09,M803,M323,MG05,True,True,True,False,False,True,True,0.25,0.46,73,미응답,미응답,False,,,,응답 대기 종료
MT01804,2026-07-02,M804,M096,MG19,True,True,True,True,False,True,False,0.25,0.82,67,수락,미응답,False,,,,응답 대기 종료
MT01805,2026-07-01,M805,M116,MG04,False,False,False,True,False,False,True,0.5,0.54,69,거절,수락,False,,,,추천 종료
MT01806,2026-07-12,M806,M793,MG09,False,True,False,True,True,True,True,0.5,0.92,80,거절,수락,False,,,,추천 종료
MT01807,2026-07-09,M807,M734,MG20,False,False,True,True,False,True,False,0.5,0.67,67,미응답,거절,False,,,,응답 대기 종료
MT01808,2026-07-08,M808,M085,MG16,False,False,False,True,False,False,True,0.25,0.69,55,미응답,미응답,False,,,,응답 대기 종료
MT01809,2026-07-13,M809,M751,MG06,False,False,True,True,False,True,True,0,0.79,61,거절,거절,False,,,,추천 종료
MT01810,2026-07-03,M810,M262,MG19,True,True,True,True,False,True,True,0.25,0.55,74,수락,거절,False,,,,추천 종료
MT01811,2026-07-24,M811,M136,MG19,False,False,True,True,True,True,True,0.25,0.6,79,거절,거절,False,,,,추천 종료
MT01812,2026-07-19,M812,M465,MG13,True,True,True,False,False,True,True,0.5,0.42,75,미응답,수락,False,,,,응답 대기 종료
MT01813,2026-07-21,M813,M008,MG08,False,False,False,True,True,False,False,0.25,0.14,62,미응답,미응답,False,,,,응답 대기 종료
MT01814,2026-07-07,M814,M385,MG07,True,True,False,True,False,True,True,0.25,0.7,72,미응답,수락,False,,,,응답 대기 종료
MT01815,2026-07-28,M815,M315,MG17,True,True,True,False,False,True,True,0.75,0.7,76,수락,거절,False,,,,추천 종료
MT01816,2026-07-06,M816,M048,MG08,False,True,True,True,True,True,True,0.5,0.52,82,거절,수락,False,,,,추천 종료
MT01817,2026-07-11,M817,M505,MG14,False,False,False,True,False,True,False,0,0.81,50,거절,거절,False,,,,추천 종료
MT01818,2026-07-20,M818,M590,MG13,True,True,False,True,True,True,True,0.25,0.85,79,수락,수락,True,2026-07-27,서울,False,첫 만남 완료
MT01819,2026-07-04,M819,M847,MG04,True,True,True,False,False,True,True,0.5,0.86,69,미응답,미응답,False,,,,응답 대기 종료
MT01820,2026-07-08,M820,M534,MG13,False,False,True,True,True,False,True,0.5,0.46,78,미응답,수락,False,,,,응답 대기 종료
MT01821,2026-07-08,M821,M353,MG04,True,True,False,True,True,False,False,0.25,0.93,76,수락,미응답,False,,,,응답 대기 종료
MT01822,2026-07-12,M822,M177,MG13,False,False,False,False,False,False,True,0.5,0.74,56,거절,거절,False,,,,추천 종료
MT01823,2026-07-09,M823,M801,MG07,True,True,True,True,True,True,True,0.25,0.63,86,수락,수락,True,2026-07-15,서울,False,첫 만남 완료
MT01824,2026-07-04,M824,M176,MG08,False,False,True,False,False,False,True,0.5,0.32,61,거절,수락,False,,,,추천 종료
MT01825,2026-07-26,M825,M162,MG06,False,False,False,True,False,False,True,0.25,0.47,69,거절,거절,False,,,,추천 종료
MT01826,2026-07-26,M826,M961,MG09,True,False,True,True,False,True,False,0.25,0.7,74,미응답,거절,False,,,,응답 대기 종료
MT01827,2026-07-18,M827,M123,MG03,False,True,True,False,False,True,True,0.5,0.73,73,수락,거절,False,,,,추천 종료
MT01828,2026-07-24,M828,M682,MG04,False,False,True,False,False,False,True,0.5,0.6,63,거절,수락,False,,,,추천 종료
MT01829,2026-07-14,M829,M544,MG09,True,False,True,False,False,False,True,0.5,0.66,66,거절,거절,False,,,,추천 종료
MT01830,2026-07-30,M830,M593,MG13,True,True,False,True,False,False,True,0.25,0.26,69,거절,거절,False,,,,추천 종료
MT01831,2026-07-17,M831,M458,MG02,False,True,False,True,False,True,True,0.75,0.46,74,수락,수락,True,2026-07-26,서울,True,애프터 성사
MT01832,2026-07-24,M832,M088,MG18,False,False,False,True,False,True,True,0.5,0.43,65,미응답,미응답,False,,,,응답 대기 종료
MT01833,2026-07-08,M833,M306,MG19,True,True,True,True,False,True,True,0.5,0.65,81,거절,거절,False,,,,추천 종료
MT01834,2026-07-24,M834,M901,MG04,False,False,False,True,False,False,True,0.25,0.62,59,미응답,미응답,False,,,,응답 대기 종료
MT01835,2026-07-30,M835,M191,MG02,False,False,False,True,False,True,True,0.5,0.73,70,미응답,거절,False,,,,응답 대기 종료
MT01836,2026-07-03,M836,M082,MG03,False,False,True,False,False,True,True,0.5,0.32,68,미응답,수락,False,,,,응답 대기 종료
MT01837,2026-07-27,M837,M795,MG11,True,True,True,True,False,False,True,1,0.5,75,미응답,미응답,False,,,,응답 대기 종료
MT01838,2026-07-11,M838,M108,MG15,False,True,False,True,False,False,True,0.5,0.62,65,수락,미응답,False,,,,응답 대기 종료
MT01839,2026-07-09,M839,M439,MG17,False,False,False,True,True,False,False,0.75,0.61,75,미응답,수락,False,,,,응답 대기 종료
MT01840,2026-07-09,M840,M701,MG14,False,False,False,True,False,True,True,0.75,0.52,70,미응답,거절,False,,,,응답 대기 종료
MT01841,2026-07-14,M841,M724,MG16,False,False,True,True,False,False,True,0.5,0.44,67,수락,거절,False,,,,추천 종료
MT01842,2026-07-24,M842,M709,MG15,False,True,True,True,False,False,True,0.25,0.62,60,거절,미응답,False,,,,응답 대기 종료
MT01843,2026-07-26,M843,M444,MG10,True,True,False,True,False,True,True,0.25,0.71,78,수락,수락,True,2026-08-02,대전,True,애프터 성사
MT01844,2026-07-18,M844,M460,MG05,False,True,True,False,False,False,False,0.75,0.92,65,미응답,미응답,False,,,,응답 대기 종료
MT01845,2026-07-24,M845,M277,MG16,False,False,False,True,False,False,True,0.5,0.6,60,거절,미응답,False,,,,응답 대기 종료
MT01846,2026-07-23,M846,M821,MG07,False,True,True,True,False,False,True,0.75,0.56,75,미응답,수락,False,,,,응답 대기 종료
MT01847,2026-07-14,M847,M883,MG14,False,False,True,True,True,True,False,0,0.53,61,수락,거절,False,,,,추천 종료
MT01848,2026-07-07,M848,M056,MG09,False,False,False,True,False,True,False,0,0.46,52,거절,수락,False,,,,추천 종료
MT01849,2026-07-19,M849,M648,MG01,False,False,False,True,False,True,True,0.75,0.36,72,미응답,미응답,False,,,,응답 대기 종료
MT01850,2026-07-06,M850,M055,MG20,False,False,False,True,False,False,True,0.75,0.89,66,거절,수락,False,,,,추천 종료
MT01851,2026-07-06,M851,M034,MG18,True,True,True,False,False,False,True,0.25,0.31,68,수락,거절,False,,,,추천 종료
MT01852,2026-07-03,M852,M977,MG07,True,True,True,True,True,False,True,0.25,0.8,82,미응답,미응답,False,,,,응답 대기 종료
MT01853,2026-07-27,M853,M826,MG09,False,False,True,False,False,True,True,0.25,0.72,55,거절,미응답,False,,,,응답 대기 종료
MT01854,2026-07-20,M854,M245,MG12,False,True,True,False,False,True,True,0.25,0.86,58,미응답,거절,False,,,,응답 대기 종료
MT01855,2026-07-01,M855,M962,MG03,False,False,True,True,False,False,True,0.5,0.65,58,거절,거절,False,,,,추천 종료
MT01856,2026-07-29,M856,M370,MG05,True,True,True,False,False,False,True,0.75,0.88,65,미응답,거절,False,,,,응답 대기 종료
MT01857,2026-07-30,M857,M375,MG06,True,False,True,True,False,False,True,0.5,0.88,75,수락,수락,True,2026-08-03,서울,True,애프터 성사
MT01858,2026-07-02,M858,M497,MG19,True,False,False,True,True,False,True,0.75,0.66,80,미응답,미응답,False,,,,응답 대기 종료
MT01859,2026-07-23,M859,M558,MG17,True,True,True,True,True,True,True,0.5,0.58,89,미응답,수락,False,,,,응답 대기 종료
MT01860,2026-07-23,M860,M026,MG05,True,True,True,False,False,True,True,0.25,0.45,64,거절,수락,False,,,,추천 종료
MT01861,2026-07-06,M861,M292,MG20,False,False,False,True,False,True,True,0.5,0.76,75,미응답,미응답,False,,,,응답 대기 종료
MT01862,2026-07-11,M862,M385,MG16,False,False,False,True,True,True,True,0.75,0.52,74,수락,미응답,False,,,,응답 대기 종료
MT01863,2026-07-27,M863,M760,MG20,True,False,True,True,False,True,True,0.25,0.69,70,거절,거절,False,,,,추천 종료
MT01864,2026-07-26,M864,M058,MG06,False,False,True,True,True,True,False,0,0.69,73,거절,미응답,False,,,,응답 대기 종료
MT01865,2026-07-24,M865,M571,MG02,True,False,False,True,False,True,True,0,0.5,60,거절,미응답,False,,,,응답 대기 종료
MT01866,2026-07-20,M866,M419,MG20,True,True,False,True,False,False,True,0.25,0.73,59,거절,거절,False,,,,추천 종료
MT01867,2026-07-11,M867,M359,MG06,False,False,False,True,False,True,False,0,0.29,51,거절,거절,False,,,,추천 종료
MT01868,2026-07-29,M868,M453,MG02,False,False,False,True,False,True,True,0.25,0.64,65,수락,거절,False,,,,추천 종료
MT01869,2026-07-13,M869,M095,MG04,True,True,True,False,True,True,True,0.25,0.57,81,거절,미응답,False,,,,응답 대기 종료
MT01870,2026-07-15,M870,M315,MG03,False,False,True,False,False,True,True,0.5,0.94,68,미응답,수락,False,,,,응답 대기 종료
MT01871,2026-07-25,M871,M476,MG19,False,False,False,True,False,True,True,0.25,0.54,64,거절,미응답,False,,,,응답 대기 종료
MT01872,2026-07-18,M872,M627,MG15,False,False,True,True,False,True,True,0.5,1,83,미응답,미응답,False,,,,응답 대기 종료
MT01873,2026-07-21,M873,M498,MG12,False,False,False,True,False,False,False,0.25,0.49,60,수락,미응답,False,,,,응답 대기 종료
MT01874,2026-07-19,M874,M089,MG18,True,True,True,True,True,False,False,0.5,0.53,66,수락,거절,False,,,,추천 종료
MT01875,2026-07-20,M875,M198,MG18,True,True,True,True,False,True,True,0.5,0.51,80,거절,미응답,False,,,,응답 대기 종료
MT01876,2026-07-22,M876,M173,MG08,True,True,False,True,False,True,True,0.5,0.3,72,수락,수락,False,,,,추천 종료
MT01877,2026-07-07,M877,M269,MG15,True,True,True,True,False,False,True,0.5,0.33,64,미응답,거절,False,,,,응답 대기 종료
MT01878,2026-07-20,M878,M436,MG01,True,True,True,True,True,False,False,0.5,0.39,76,수락,수락,True,2026-08-03,서울,False,첫 만남 완료
MT01879,2026-07-06,M879,M280,MG09,False,False,True,True,False,False,True,0,0.59,55,거절,미응답,False,,,,응답 대기 종료
MT01880,2026-07-16,M880,M549,MG01,True,True,True,True,False,False,True,0,0.87,70,거절,수락,False,,,,추천 종료
MT01881,2026-07-01,M881,M405,MG19,False,False,False,True,False,False,True,0.5,0.53,63,미응답,미응답,False,,,,응답 대기 종료
MT01882,2026-07-22,M882,M548,MG05,False,False,True,False,False,False,False,0,0.73,50,미응답,거절,False,,,,응답 대기 종료
MT01883,2026-07-03,M883,M238,MG07,True,True,True,True,True,True,False,0.25,0.54,68,거절,거절,False,,,,추천 종료
MT01884,2026-07-18,M884,M590,MG06,False,False,True,False,False,True,True,0.25,0.35,64,거절,거절,False,,,,추천 종료
MT01885,2026-07-06,M885,M725,MG01,False,False,True,True,False,True,True,0.5,0.7,78,수락,수락,False,,,,추천 종료
MT01886,2026-07-14,M886,M334,MG16,True,True,True,True,False,False,True,0.25,0.9,69,수락,미응답,False,,,,응답 대기 종료
MT01887,2026-07-07,M887,M580,MG10,True,True,True,True,False,False,False,0.25,0.45,57,미응답,미응답,False,,,,응답 대기 종료
MT01888,2026-07-30,M888,M278,MG04,True,True,True,True,False,False,True,0.25,0.63,78,수락,수락,True,2026-08-04,서울,True,애프터 성사
MT01889,2026-07-14,M889,M068,MG19,False,False,True,True,False,False,True,0.5,0.55,53,거절,미응답,False,,,,응답 대기 종료
MT01890,2026-07-12,M890,M585,MG05,False,False,True,True,True,False,False,0.25,0.59,73,미응답,수락,False,,,,응답 대기 종료
MT01891,2026-07-22,M891,M818,MG04,False,True,True,False,False,False,True,0.5,0.5,69,수락,거절,False,,,,추천 종료
MT01892,2026-07-05,M892,M233,MG03,True,True,True,False,False,True,True,0.25,0.35,69,거절,미응답,False,,,,응답 대기 종료
MT01893,2026-07-12,M893,M856,MG11,True,True,True,False,False,True,True,0.25,0.81,65,거절,미응답,False,,,,응답 대기 종료
MT01894,2026-07-25,M894,M110,MG04,True,True,True,True,False,True,True,0.75,0.83,75,거절,수락,False,,,,추천 종료
MT01895,2026-07-24,M895,M609,MG13,True,True,True,False,False,True,True,0.25,0.61,69,미응답,거절,False,,,,응답 대기 종료
MT01896,2026-07-27,M896,M440,MG04,True,True,True,True,True,False,False,0.5,0.86,79,미응답,거절,False,,,,응답 대기 종료
MT01897,2026-07-01,M897,M021,MG07,True,True,True,False,False,True,True,0.5,0.7,81,거절,수락,False,,,,추천 종료
MT01898,2026-07-26,M898,M472,MG12,True,True,True,True,False,True,False,0.25,0.71,70,거절,거절,False,,,,추천 종료
MT01899,2026-07-18,M899,M186,MG16,False,False,True,True,False,True,False,0,0.9,63,미응답,거절,False,,,,응답 대기 종료
MT01900,2026-07-10,M900,M296,MG09,True,True,False,True,True,False,True,0.5,0.47,77,미응답,거절,False,,,,응답 대기 종료
MT01901,2026-07-24,M901,M940,MG02,False,False,True,False,False,False,True,0.25,0.49,59,수락,수락,True,2026-08-06,충북,False,첫 만남 완료
MT01902,2026-07-03,M902,M716,MG09,True,False,True,True,False,False,False,0,0.47,63,미응답,거절,False,,,,응답 대기 종료
MT01903,2026-07-05,M903,M201,MG04,False,False,True,True,False,False,True,0.5,0.74,65,미응답,거절,False,,,,응답 대기 종료
MT01904,2026-07-05,M904,M936,MG04,False,False,False,True,False,True,True,0.5,0.69,66,미응답,미응답,False,,,,응답 대기 종료
MT01905,2026-07-29,M905,M393,MG02,False,False,True,True,False,False,True,0.5,0.7,68,수락,거절,False,,,,추천 종료
MT01906,2026-07-15,M906,M008,MG17,False,False,False,True,False,True,True,0.75,0.38,71,미응답,미응답,False,,,,응답 대기 종료
MT01907,2026-07-03,M907,M081,MG05,True,True,True,True,False,True,True,0.5,0.78,81,수락,수락,False,,,,추천 종료
MT01908,2026-07-07,M908,M528,MG18,False,False,True,True,False,True,True,0.25,0.73,67,거절,미응답,False,,,,응답 대기 종료
MT01909,2026-07-08,M909,M845,MG18,False,False,False,True,True,False,True,0.5,0.42,71,거절,수락,False,,,,추천 종료
MT01910,2026-07-27,M910,M746,MG13,False,False,False,True,False,False,True,0.75,0.88,78,미응답,수락,False,,,,응답 대기 종료
MT01911,2026-07-07,M911,M494,MG14,False,False,True,True,False,False,True,0.25,0.69,72,미응답,미응답,False,,,,응답 대기 종료
MT01912,2026-07-24,M912,M589,MG04,False,False,True,True,False,True,True,0.5,0.48,68,거절,미응답,False,,,,응답 대기 종료
MT01913,2026-07-09,M913,M257,MG03,True,True,False,True,False,True,True,0.25,0.76,68,수락,수락,True,2026-07-12,서울,False,첫 만남 완료
MT01914,2026-07-15,M914,M222,MG01,False,False,True,True,False,True,True,0.5,0.54,74,수락,거절,False,,,,추천 종료
MT01915,2026-07-26,M915,M148,MG03,False,False,False,True,False,False,True,0.5,0.48,63,미응답,미응답,False,,,,응답 대기 종료
MT01916,2026-07-19,M916,M959,MG20,True,True,True,False,False,True,True,0,0.48,63,미응답,거절,False,,,,응답 대기 종료
MT01917,2026-07-09,M917,M132,MG07,False,False,False,True,False,False,True,0.25,0.62,51,미응답,거절,False,,,,응답 대기 종료
MT01918,2026-07-24,M918,M263,MG04,True,True,True,True,False,True,False,0.25,0.55,73,미응답,수락,False,,,,응답 대기 종료
MT01919,2026-07-26,M919,M251,MG03,False,False,False,True,False,True,True,0.5,0.86,68,미응답,거절,False,,,,응답 대기 종료
MT01920,2026-07-07,M920,M088,MG19,False,False,False,True,False,True,True,0.5,0.77,70,미응답,미응답,False,,,,응답 대기 종료
MT01921,2026-07-01,M921,M686,MG02,True,True,True,False,False,False,False,0.25,0.65,65,미응답,미응답,False,,,,응답 대기 종료
MT01922,2026-07-29,M922,M629,MG02,False,False,True,True,False,True,True,0.5,0.8,79,수락,미응답,False,,,,응답 대기 종료
MT01923,2026-07-10,M923,M553,MG02,False,False,False,True,False,True,True,0.25,0.75,63,거절,수락,False,,,,추천 종료
MT01924,2026-07-10,M924,M585,MG02,True,False,False,True,False,False,False,0.75,0.49,65,거절,거절,False,,,,추천 종료
MT01925,2026-07-03,M925,M232,MG08,True,True,True,False,True,True,True,0.75,0.6,83,수락,미응답,False,,,,응답 대기 종료
MT01926,2026-07-24,M926,M195,MG07,False,False,True,True,False,False,True,0.5,0.6,67,수락,거절,False,,,,추천 종료
MT01927,2026-07-25,M927,M966,MG05,True,True,True,True,False,True,False,0.5,0.88,72,수락,수락,True,2026-07-31,서울,False,첫 만남 완료
MT01928,2026-07-02,M928,M695,MG10,True,True,True,True,False,True,True,0.5,0.66,85,수락,미응답,False,,,,응답 대기 종료
MT01929,2026-07-29,M929,M974,MG05,True,True,True,True,False,True,True,0.25,0.49,80,거절,수락,False,,,,추천 종료
MT01930,2026-07-01,M930,M726,MG16,True,True,False,True,False,False,False,0.75,0.46,67,수락,거절,False,,,,추천 종료
MT01931,2026-07-14,M931,M684,MG12,False,False,True,False,True,False,True,0.25,0.41,67,거절,미응답,False,,,,응답 대기 종료
MT01932,2026-07-05,M932,M342,MG08,True,True,True,False,False,False,True,0.75,0.33,68,거절,미응답,False,,,,응답 대기 종료
MT01933,2026-07-12,M933,M735,MG06,False,False,True,False,True,False,False,0.5,0.67,59,거절,거절,False,,,,추천 종료
MT01934,2026-07-11,M934,M794,MG01,False,False,True,True,False,True,True,0.75,0.49,75,수락,미응답,False,,,,응답 대기 종료
MT01935,2026-07-19,M935,M364,MG05,False,False,True,True,True,True,False,0,0.45,66,거절,미응답,False,,,,응답 대기 종료
MT01936,2026-07-17,M936,M107,MG08,True,True,True,False,False,True,True,0.75,0.7,77,수락,거절,False,,,,추천 종료
MT01937,2026-07-29,M937,M177,MG19,False,False,True,True,False,False,True,0.75,0.72,73,거절,거절,False,,,,추천 종료
MT01938,2026-07-13,M938,M706,MG01,False,False,False,True,True,True,True,0.25,0.75,70,수락,수락,True,2026-07-25,광주,True,애프터 성사
MT01939,2026-07-14,M939,M413,MG18,True,True,True,True,False,True,False,0.5,0.82,77,거절,미응답,False,,,,응답 대기 종료
MT01940,2026-07-27,M940,M385,MG19,True,True,False,True,False,False,False,0.5,0.71,65,수락,수락,True,2026-07-30,충북,False,첫 만남 완료
MT01941,2026-07-13,M941,M678,MG16,True,True,True,True,False,True,False,0,0.61,69,미응답,미응답,False,,,,응답 대기 종료
MT01942,2026-07-16,M942,M202,MG17,False,False,True,True,False,True,True,0.5,1,78,미응답,수락,False,,,,응답 대기 종료
MT01943,2026-07-27,M943,M487,MG07,False,False,True,False,True,True,True,0.25,0.61,74,수락,거절,False,,,,추천 종료
MT01944,2026-07-29,M944,M916,MG05,False,False,False,True,False,True,True,0.75,0.65,68,수락,수락,True,2026-08-05,세종,True,애프터 성사
MT01945,2026-07-28,M945,M428,MG13,True,False,False,True,True,False,False,0.25,0.41,58,미응답,수락,False,,,,응답 대기 종료
MT01946,2026-07-09,M946,M513,MG07,False,False,True,True,True,True,False,0.5,0.81,71,수락,미응답,False,,,,응답 대기 종료
MT01947,2026-07-12,M947,M900,MG18,True,True,False,True,False,False,True,0.5,0.84,73,거절,거절,False,,,,추천 종료
MT01948,2026-07-20,M948,M579,MG07,True,True,True,True,False,False,True,0.75,0.41,74,미응답,미응답,False,,,,응답 대기 종료
MT01949,2026-07-12,M949,M804,MG10,True,False,False,True,False,True,False,0.25,0.93,67,수락,미응답,False,,,,응답 대기 종료
MT01950,2026-07-10,M950,M428,MG10,True,True,False,True,False,False,True,0.5,0.67,73,미응답,거절,False,,,,응답 대기 종료
MT01951,2026-07-21,M951,M562,MG12,False,False,True,True,False,True,True,0.5,0.64,68,거절,미응답,False,,,,응답 대기 종료
MT01952,2026-07-02,M952,M986,MG18,False,False,True,False,True,False,True,0.75,0.83,76,거절,수락,False,,,,추천 종료
MT01953,2026-07-16,M953,M890,MG01,True,True,True,True,False,True,True,0.5,0.68,80,미응답,거절,False,,,,응답 대기 종료
MT01954,2026-07-10,M954,M962,MG06,True,False,False,True,True,True,True,0.25,0.76,71,미응답,거절,False,,,,응답 대기 종료
MT01955,2026-07-20,M955,M671,MG13,False,False,True,True,False,False,False,0.25,0.57,62,거절,미응답,False,,,,응답 대기 종료
MT01956,2026-07-26,M956,M915,MG16,True,True,True,True,False,True,True,0.5,0.64,74,미응답,거절,False,,,,응답 대기 종료
MT01957,2026-07-17,M957,M790,MG20,True,True,True,True,False,False,True,0.5,0.42,77,수락,거절,False,,,,추천 종료
MT01958,2026-07-13,M958,M671,MG04,True,False,True,True,False,False,True,0.75,0.71,70,미응답,미응답,False,,,,응답 대기 종료
MT01959,2026-07-29,M959,M994,MG16,False,False,True,False,False,True,True,0.25,0.72,58,거절,거절,False,,,,추천 종료
MT01960,2026-07-17,M960,M177,MG07,False,True,True,False,False,False,True,0.5,0.42,64,미응답,미응답,False,,,,응답 대기 종료
MT01961,2026-07-21,M961,M637,MG18,False,True,False,True,True,True,True,0.25,0.45,74,수락,미응답,False,,,,응답 대기 종료
MT01962,2026-07-28,M962,M125,MG04,False,False,True,False,False,False,False,0,0.57,43,미응답,거절,False,,,,응답 대기 종료
MT01963,2026-07-30,M963,M420,MG09,True,False,True,True,True,False,True,0.5,0.61,73,수락,수락,True,2026-08-12,서울,False,첫 만남 완료
MT01964,2026-07-08,M964,M873,MG20,False,True,True,True,False,True,False,0.5,0.48,71,수락,거절,False,,,,추천 종료
MT01965,2026-07-02,M965,M519,MG18,True,True,True,True,True,False,True,0.5,0.48,78,수락,미응답,False,,,,응답 대기 종료
MT01966,2026-07-14,M966,M823,MG11,False,False,True,True,False,False,True,0.5,1,77,수락,수락,True,2026-07-19,서울,True,애프터 성사
MT01967,2026-07-11,M967,M093,MG10,False,False,True,True,False,True,True,0,0.6,71,미응답,수락,False,,,,응답 대기 종료
MT01968,2026-07-06,M968,M667,MG10,False,False,True,True,True,False,True,0.75,0.56,81,수락,미응답,False,,,,응답 대기 종료
MT01969,2026-07-21,M969,M002,MG03,True,True,False,True,False,True,False,0.25,0.48,65,수락,거절,False,,,,추천 종료
MT01970,2026-07-11,M970,M128,MG20,False,True,True,False,False,True,True,0.25,0.43,73,수락,미응답,False,,,,응답 대기 종료
MT01971,2026-07-27,M971,M491,MG08,False,False,True,True,False,False,True,0.5,0.15,68,미응답,미응답,False,,,,응답 대기 종료
MT01972,2026-07-16,M972,M703,MG06,True,True,True,True,False,False,True,0.25,0.78,78,수락,수락,True,2026-07-27,경기,True,애프터 성사
MT01973,2026-07-11,M973,M672,MG04,False,False,False,True,False,False,True,0.25,0.58,59,거절,미응답,False,,,,응답 대기 종료
MT01974,2026-07-17,M974,M912,MG16,True,True,True,True,False,True,True,0.75,0.54,87,수락,수락,True,2026-07-30,인천,True,애프터 성사
MT01975,2026-07-03,M975,M060,MG02,False,False,True,True,True,True,True,0.5,0.57,79,거절,수락,False,,,,추천 종료
MT01976,2026-07-20,M976,M215,MG14,False,False,False,True,True,False,True,0.5,0.89,64,미응답,미응답,False,,,,응답 대기 종료
MT01977,2026-07-28,M977,M001,MG12,True,True,True,True,False,True,True,0,0.6,70,거절,미응답,False,,,,응답 대기 종료
MT01978,2026-07-25,M978,M668,MG15,False,False,True,True,True,True,True,0,0.32,73,수락,미응답,False,,,,응답 대기 종료
MT01979,2026-07-16,M979,M348,MG07,True,True,False,True,False,True,True,1,0.34,74,미응답,수락,False,,,,응답 대기 종료
MT01980,2026-07-24,M980,M832,MG09,False,False,False,True,False,True,True,0.25,0.58,60,수락,수락,True,2026-07-26,서울,True,애프터 성사
MT01981,2026-07-02,M981,M551,MG06,True,True,True,True,False,False,True,0.5,0.49,77,미응답,수락,False,,,,응답 대기 종료
MT01982,2026-07-03,M982,M362,MG06,False,False,True,True,True,True,True,0.5,0.63,80,수락,거절,False,,,,추천 종료
MT01983,2026-07-22,M983,M169,MG13,False,True,True,True,False,False,True,0.5,0.74,77,거절,거절,False,,,,추천 종료
MT01984,2026-07-29,M984,M323,MG01,False,False,True,False,False,True,True,0.25,0.4,56,거절,미응답,False,,,,응답 대기 종료
MT01985,2026-07-09,M985,M714,MG17,True,True,True,True,True,True,False,0.25,0.38,73,미응답,수락,False,,,,응답 대기 종료
MT01986,2026-07-07,M986,M286,MG02,False,False,True,True,True,False,True,0.5,0.66,77,미응답,수락,False,,,,응답 대기 종료
MT01987,2026-07-06,M987,M392,MG06,True,True,False,True,False,True,True,0.5,0.6,70,수락,미응답,False,,,,응답 대기 종료
MT01988,2026-07-10,M988,M645,MG11,False,False,False,True,False,False,True,0.5,0.43,64,미응답,거절,False,,,,응답 대기 종료
MT01989,2026-07-24,M989,M981,MG13,True,True,True,True,False,False,False,0,0.59,65,거절,수락,False,,,,추천 종료
MT01990,2026-07-09,M990,M223,MG08,True,True,True,True,False,True,False,0,0.43,51,미응답,수락,False,,,,응답 대기 종료
MT01991,2026-07-19,M991,M514,MG06,False,False,False,True,False,True,True,0.75,0.51,73,거절,미응답,False,,,,응답 대기 종료
MT01992,2026-07-16,M992,M207,MG13,True,True,False,True,False,False,True,0.25,0.81,73,거절,수락,False,,,,추천 종료
MT01993,2026-07-01,M993,M981,MG03,True,True,False,True,True,True,False,0.5,0.47,74,수락,수락,True,2026-07-09,서울,False,첫 만남 완료
MT01994,2026-07-24,M994,M662,MG03,False,False,True,True,False,True,True,0.25,0.67,66,거절,미응답,False,,,,응답 대기 종료
MT01995,2026-07-25,M995,M496,MG20,False,False,False,True,False,False,False,0.5,0.36,47,거절,거절,False,,,,추천 종료
MT01996,2026-07-05,M996,M082,MG03,True,True,False,True,True,True,True,0.5,0.69,83,미응답,미응답,False,,,,응답 대기 종료
MT01997,2026-07-29,M997,M551,MG06,False,False,True,False,False,False,True,0.5,0.61,64,거절,거절,False,,,,추천 종료
MT01998,2026-07-07,M998,M266,MG05,True,True,False,True,False,True,True,0,0.86,69,거절,거절,False,,,,추천 종료
MT01999,2026-07-22,M999,M720,MG16,False,False,True,False,False,True,False,0.25,0.3,52,미응답,미응답,False,,,,응답 대기 종료
MT02000,2026-07-22,M1000,M298,MG05,False,True,True,True,False,False,False,0.25,0.49,63,거절,미응답,False,,,,응답 대기 종료
MT02001,2026-07-08,M001,M051,MG16,True,False,False,True,False,True,True,0,0.33,64,거절,수락,False,,,,추천 종료
MT02002,2026-07-30,M002,M324,MG11,True,True,True,False,False,True,False,0,0.63,64,거절,미응답,False,,,,응답 대기 종료
MT02003,2026-07-21,M003,M258,MG19,False,False,True,True,False,True,True,0.5,0.77,74,거절,거절,False,,,,추천 종료
MT02004,2026-07-12,M004,M354,MG16,False,False,True,True,True,True,True,0.25,0.52,68,미응답,거절,False,,,,응답 대기 종료
MT02005,2026-07-25,M005,M292,MG13,False,False,True,True,False,True,True,0.5,0.75,80,미응답,거절,False,,,,응답 대기 종료
MT02006,2026-07-22,M006,M542,MG17,True,False,False,True,True,False,True,0.5,0.71,72,미응답,수락,False,,,,응답 대기 종료
MT02007,2026-07-14,M007,M354,MG15,True,True,True,True,True,True,True,0.25,0.58,81,수락,수락,True,2026-07-27,전북,True,애프터 성사
MT02008,2026-07-06,M008,M086,MG05,False,False,True,False,False,False,False,0.25,0.63,59,거절,수락,False,,,,추천 종료
MT02009,2026-07-04,M009,M832,MG14,False,False,True,True,False,True,True,0.25,0.26,61,수락,거절,False,,,,추천 종료
MT02010,2026-07-23,M010,M248,MG07,False,False,True,True,False,True,True,0.5,0.38,67,미응답,거절,False,,,,응답 대기 종료
MT02011,2026-07-21,M011,M699,MG10,True,False,True,True,True,False,False,0,0.76,70,미응답,수락,False,,,,응답 대기 종료
MT02012,2026-07-26,M012,M843,MG20,True,True,True,False,False,True,True,0.75,0.53,76,미응답,수락,False,,,,응답 대기 종료
MT02013,2026-07-25,M013,M532,MG17,True,True,True,True,False,True,True,0.5,0.26,73,수락,미응답,False,,,,응답 대기 종료
MT02014,2026-07-12,M014,M356,MG12,True,False,False,True,False,False,True,0.5,0.48,65,수락,미응답,False,,,,응답 대기 종료
MT02015,2026-07-02,M015,M762,MG10,True,True,True,True,False,False,False,0.5,0.68,70,수락,수락,True,2026-07-09,경남,True,애프터 성사
MT02016,2026-07-27,M016,M051,MG03,True,True,True,False,False,False,True,0,0.83,55,거절,거절,False,,,,추천 종료
MT02017,2026-07-01,M017,M203,MG14,True,True,True,True,False,False,True,0.25,0.62,70,수락,수락,True,2026-07-07,부산,True,애프터 성사
MT02018,2026-07-23,M018,M646,MG18,True,True,False,True,False,False,False,0.25,0.84,62,미응답,거절,False,,,,응답 대기 종료
MT02019,2026-07-13,M019,M427,MG06,True,False,True,True,False,False,True,0.25,0.75,64,수락,수락,True,2026-07-24,인천,False,첫 만남 완료
MT02020,2026-07-16,M020,M548,MG15,True,False,True,False,False,False,False,0,0.49,54,거절,수락,False,,,,추천 종료
MT02021,2026-07-29,M021,M017,MG20,True,True,False,True,False,True,True,0.25,0.67,74,수락,수락,True,2026-08-01,부산,True,애프터 성사
MT02022,2026-07-13,M022,M311,MG15,False,False,True,True,False,True,True,0,0.47,66,거절,거절,False,,,,추천 종료
MT02023,2026-07-03,M023,M058,MG10,False,False,True,False,False,True,False,0.25,0.77,63,거절,미응답,False,,,,응답 대기 종료
MT02024,2026-07-03,M024,M632,MG03,False,False,True,True,True,True,True,0.25,0.82,79,미응답,거절,False,,,,응답 대기 종료
MT02025,2026-07-25,M025,M962,MG02,False,False,True,True,False,True,True,0.25,0.59,72,미응답,거절,False,,,,응답 대기 종료
MT02026,2026-07-13,M026,M914,MG14,True,True,False,True,False,True,True,0.75,0.48,78,수락,수락,True,2026-07-15,세종,False,첫 만남 완료
MT02027,2026-07-14,M027,M764,MG10,True,False,True,False,True,False,True,0.25,0.68,72,수락,미응답,False,,,,응답 대기 종료
MT02028,2026-07-10,M028,M460,MG20,True,True,True,False,False,True,False,0.25,0.27,58,거절,미응답,False,,,,응답 대기 종료
MT02029,2026-07-20,M029,M607,MG03,False,False,True,True,False,False,True,0,0.63,62,거절,거절,False,,,,추천 종료
MT02030,2026-07-18,M030,M144,MG16,True,True,True,True,True,False,True,0.25,0.59,74,수락,미응답,False,,,,응답 대기 종료
MT02031,2026-07-01,M031,M286,MG12,False,False,True,True,False,True,True,0.5,0.66,72,수락,미응답,False,,,,응답 대기 종료
MT02032,2026-07-10,M032,M060,MG11,False,False,False,True,True,False,True,0.75,0.85,69,수락,수락,True,2026-07-24,경기,True,애프터 성사
MT02033,2026-07-26,M033,M642,MG05,False,True,False,True,False,True,False,0.25,0.65,60,수락,미응답,False,,,,응답 대기 종료
MT02034,2026-07-29,M034,M971,MG05,True,False,False,True,False,True,True,0.5,0.41,66,수락,수락,False,,,,추천 종료
MT02035,2026-07-26,M035,M808,MG13,True,True,False,False,False,True,True,0.25,0.5,67,거절,거절,False,,,,추천 종료
MT02036,2026-07-27,M036,M189,MG20,False,False,True,True,True,False,False,0.5,0.57,73,거절,수락,False,,,,추천 종료
MT02037,2026-07-26,M037,M707,MG01,False,False,True,True,False,True,True,0,0.41,69,미응답,수락,False,,,,응답 대기 종료
MT02038,2026-07-24,M038,M013,MG13,True,True,True,True,True,False,True,0.25,0.33,75,미응답,거절,False,,,,응답 대기 종료
MT02039,2026-07-12,M039,M299,MG19,False,False,True,False,True,False,True,0.25,0.66,63,수락,미응답,False,,,,응답 대기 종료
MT02040,2026-07-26,M040,M913,MG08,True,True,False,True,True,True,True,0.5,0.58,77,미응답,미응답,False,,,,응답 대기 종료
MT02041,2026-07-18,M041,M062,MG16,True,True,True,True,False,True,False,0.5,0.86,69,미응답,거절,False,,,,응답 대기 종료
MT02042,2026-07-07,M042,M653,MG06,False,True,True,True,False,False,True,0.25,0.98,64,거절,거절,False,,,,추천 종료
MT02043,2026-07-23,M043,M487,MG11,False,False,True,False,False,False,True,0.25,0.43,60,수락,거절,False,,,,추천 종료
MT02044,2026-07-03,M044,M700,MG12,True,True,True,True,False,False,True,0.25,0.79,77,수락,미응답,False,,,,응답 대기 종료
MT02045,2026-07-11,M045,M973,MG13,False,False,True,False,False,True,True,0.25,0.48,65,거절,거절,False,,,,추천 종료
MT02046,2026-07-01,M046,M667,MG20,False,False,True,True,False,False,True,0.25,0.71,65,미응답,미응답,False,,,,응답 대기 종료
MT02047,2026-07-16,M047,M986,MG05,True,True,True,True,False,False,False,0.25,0.8,70,거절,미응답,False,,,,응답 대기 종료
MT02048,2026-07-27,M048,M816,MG01,True,False,True,True,True,True,True,0.5,0.49,82,수락,수락,True,2026-08-05,경북,True,애프터 성사
MT02049,2026-07-22,M049,M309,MG20,True,True,True,False,True,True,True,0.5,0.57,81,수락,수락,True,2026-07-24,서울,True,애프터 성사
MT02050,2026-07-01,M050,M298,MG14,False,False,True,True,False,True,True,0.25,0.71,72,수락,거절,False,,,,추천 종료
MT02051,2026-07-09,M051,M725,MG17,False,False,True,True,False,False,True,0.5,0.84,67,거절,수락,False,,,,추천 종료
MT02052,2026-07-19,M052,M780,MG13,False,False,False,True,False,False,True,0.25,1,68,수락,수락,True,2026-07-24,인천,False,첫 만남 완료
MT02053,2026-07-20,M053,M284,MG18,False,False,True,True,True,True,True,0.25,0.67,74,수락,거절,False,,,,추천 종료
MT02054,2026-07-12,M054,M049,MG10,False,False,True,True,False,False,True,0.5,0.54,71,거절,거절,False,,,,추천 종료
MT02055,2026-07-14,M055,M613,MG16,False,False,True,False,True,False,True,0.5,0.3,62,수락,수락,True,2026-07-26,서울,False,첫 만남 완료
MT02056,2026-07-29,M056,M423,MG06,False,False,True,True,True,False,True,0.5,0.76,76,미응답,미응답,False,,,,응답 대기 종료
MT02057,2026-07-13,M057,M970,MG04,False,False,True,True,True,True,True,0.5,0.17,74,수락,수락,True,2026-07-25,경북,True,애프터 성사
MT02058,2026-07-02,M058,M239,MG09,True,True,False,True,False,True,True,0.25,0.78,68,수락,미응답,False,,,,응답 대기 종료
MT02059,2026-07-03,M059,M092,MG05,False,True,False,True,False,True,True,0.5,0.84,71,수락,미응답,False,,,,응답 대기 종료
MT02060,2026-07-30,M060,M784,MG03,False,True,True,False,True,False,True,0.5,0.84,74,수락,거절,False,,,,추천 종료
MT02061,2026-07-29,M061,M619,MG19,False,False,False,True,False,True,True,0.25,0.59,65,미응답,거절,False,,,,응답 대기 종료
MT02062,2026-07-14,M062,M473,MG08,False,False,True,True,False,True,True,0.5,0.45,68,수락,수락,False,,,,추천 종료
MT02063,2026-07-01,M063,M302,MG01,True,True,True,False,False,False,True,0.25,0.87,67,미응답,수락,False,,,,응답 대기 종료
MT02064,2026-07-17,M064,M526,MG13,True,True,True,True,False,True,False,0.25,0.67,77,수락,수락,True,2026-07-23,서울,True,애프터 성사
MT02065,2026-07-22,M065,M964,MG17,True,True,True,True,False,True,False,0,0.6,68,미응답,거절,False,,,,응답 대기 종료
MT02066,2026-07-11,M066,M415,MG08,True,True,True,True,False,False,True,0.5,0.73,77,미응답,미응답,False,,,,응답 대기 종료
MT02067,2026-07-25,M067,M452,MG12,False,False,True,False,False,False,False,0,0.67,52,미응답,거절,False,,,,응답 대기 종료
MT02068,2026-07-17,M068,M644,MG02,False,True,True,True,False,True,True,0.75,0.68,58,미응답,미응답,False,,,,응답 대기 종료
MT02069,2026-07-11,M069,M285,MG19,True,True,True,True,False,False,True,0.5,0.53,72,수락,수락,True,2026-07-24,서울,False,첫 만남 완료
MT02070,2026-07-27,M070,M355,MG20,True,False,True,False,False,False,True,0.25,0.57,65,거절,거절,False,,,,추천 종료
MT02071,2026-07-20,M071,M857,MG08,False,False,True,False,False,False,True,0,0.66,46,거절,거절,False,,,,추천 종료
MT02072,2026-07-01,M072,M394,MG17,True,True,True,False,False,True,False,0.75,0.64,71,수락,수락,True,2026-07-15,서울,True,애프터 성사
MT02073,2026-07-02,M073,M039,MG19,False,False,False,True,True,True,False,0.25,0.53,65,수락,수락,True,2026-07-07,인천,False,첫 만남 완료
MT02074,2026-07-30,M074,M663,MG16,True,True,True,True,True,True,True,0.25,0.53,75,거절,수락,False,,,,추천 종료
MT02075,2026-07-17,M075,M827,MG02,True,True,True,False,False,False,True,0.25,0.82,73,수락,수락,True,2026-07-21,서울,True,애프터 성사
MT02076,2026-07-23,M076,M369,MG04,True,True,True,True,False,True,False,0.5,0.82,69,거절,수락,False,,,,추천 종료
MT02077,2026-07-27,M077,M644,MG04,False,False,False,True,False,True,True,0.25,0.34,49,거절,수락,False,,,,추천 종료
MT02078,2026-07-07,M078,M870,MG09,True,True,True,True,False,False,True,1,0.79,75,수락,미응답,False,,,,응답 대기 종료
MT02079,2026-07-29,M079,M249,MG03,False,False,True,False,True,False,True,0.25,0.98,69,수락,거절,False,,,,추천 종료
MT02080,2026-07-22,M080,M408,MG19,True,True,True,True,False,False,True,0.75,0.59,73,거절,거절,False,,,,추천 종료
MT02081,2026-07-23,M081,M141,MG12,True,True,True,False,False,False,True,0.25,0.69,62,거절,수락,False,,,,추천 종료
MT02082,2026-07-13,M082,M889,MG20,False,False,False,True,False,False,True,0.75,0.58,66,수락,거절,False,,,,추천 종료
MT02083,2026-07-19,M083,M187,MG05,False,True,True,True,False,True,True,0.75,0.87,84,수락,미응답,False,,,,응답 대기 종료
MT02084,2026-07-14,M084,M041,MG11,True,True,True,True,False,True,False,0.25,0.55,76,수락,미응답,False,,,,응답 대기 종료
MT02085,2026-07-02,M085,M025,MG11,True,True,True,True,False,True,True,0.25,0.51,80,수락,거절,False,,,,추천 종료
MT02086,2026-07-12,M086,M992,MG05,True,True,True,True,False,True,True,0.5,0.81,75,거절,거절,False,,,,추천 종료
MT02087,2026-07-01,M087,M675,MG13,False,False,True,False,False,False,True,0.25,0.92,67,거절,수락,False,,,,추천 종료
MT02088,2026-07-15,M088,M860,MG06,True,False,True,True,False,True,True,0.5,0.38,79,미응답,미응답,False,,,,응답 대기 종료
MT02089,2026-07-26,M089,M543,MG07,True,True,True,True,True,True,False,0,0.35,75,수락,미응답,False,,,,응답 대기 종료
MT02090,2026-07-19,M090,M688,MG03,True,True,False,True,False,False,True,0.5,0.47,69,수락,수락,True,2026-07-31,인천,True,애프터 성사
MT02091,2026-07-21,M091,M195,MG09,True,True,True,True,False,True,True,0,0.62,73,수락,미응답,False,,,,응답 대기 종료
MT02092,2026-07-17,M092,M795,MG04,False,False,True,True,False,False,True,0.5,0.46,71,미응답,거절,False,,,,응답 대기 종료
MT02093,2026-07-27,M093,M164,MG08,False,False,False,True,False,True,True,0.5,0.61,71,거절,수락,False,,,,추천 종료
MT02094,2026-07-28,M094,M268,MG11,False,False,True,True,False,True,False,0.25,0.59,61,수락,수락,True,2026-08-03,서울,True,애프터 성사
MT02095,2026-07-11,M095,M113,MG04,True,True,True,True,False,False,True,0.5,0.68,79,미응답,수락,False,,,,응답 대기 종료
MT02096,2026-07-25,M096,M481,MG02,True,True,True,True,False,True,True,0.25,0.81,78,미응답,미응답,False,,,,응답 대기 종료
MT02097,2026-07-19,M097,M560,MG02,True,True,True,True,True,True,False,0.5,0.46,83,수락,미응답,False,,,,응답 대기 종료
MT02098,2026-07-27,M098,M610,MG06,False,False,False,True,False,True,True,0.5,0.45,64,미응답,거절,False,,,,응답 대기 종료
MT02099,2026-07-25,M099,M289,MG10,True,True,False,True,False,False,False,0,0.62,58,거절,거절,False,,,,추천 종료
MT02100,2026-07-19,M100,M841,MG18,True,True,True,True,False,True,True,0.25,0.79,78,수락,수락,False,,,,추천 종료
MT02101,2026-07-05,M101,M859,MG05,False,False,True,True,False,True,True,0.5,0.83,78,수락,미응답,False,,,,응답 대기 종료
MT02102,2026-07-11,M102,M540,MG10,True,False,True,True,True,True,True,0.25,0.67,74,미응답,,False,,,,응답 대기 종료
MT02103,2026-07-27,M103,M438,MG09,False,False,True,False,True,True,True,0.75,0.61,81,미응답,거절,False,,,,응답 대기 종료
MT02104,2026-07-06,M104,M259,MG19,False,False,True,True,False,False,True,0.25,0.3,60,미응답,미응답,False,,,,응답 대기 종료
MT02105,2026-07-30,M105,M404,MG06,True,True,True,False,False,True,True,0.25,0.36,70,거절,미응답,False,,,,응답 대기 종료
MT02106,2026-07-27,M106,M256,MG10,True,True,True,False,False,False,True,0.5,0.88,72,거절,수락,False,,,,추천 종료
MT02107,2026-07-11,M107,M557,MG20,False,False,False,True,False,True,True,0.25,0.48,56,미응답,거절,False,,,,응답 대기 종료
MT02108,2026-07-15,M108,M301,MG07,False,False,True,True,False,False,True,0.75,0.86,72,미응답,수락,False,,,,응답 대기 종료
MT02109,2026-07-12,M109,M514,MG07,True,True,False,True,True,True,False,0,0.5,70,수락,거절,False,,,,추천 종료
MT02110,2026-07-29,M110,M630,MG09,False,False,True,True,False,True,True,0.25,0.59,65,거절,수락,False,,,,추천 종료
MT02111,2026-07-27,M111,M969,MG07,True,True,True,False,False,True,True,0.75,0.87,80,미응답,미응답,False,,,,응답 대기 종료
MT02112,2026-07-16,M112,M858,MG01,False,False,True,False,True,False,True,0.25,0.77,72,미응답,거절,False,,,,응답 대기 종료
MT02113,2026-07-07,M113,M809,MG15,True,True,True,True,False,False,True,0.25,0.75,77,거절,미응답,False,,,,응답 대기 종료
MT02114,2026-07-04,M114,M682,MG13,True,True,True,True,False,False,True,0.5,0.5,74,미응답,수락,False,,,,응답 대기 종료
MT02115,2026-07-20,M115,M099,MG01,True,True,False,False,False,True,True,0.5,0.84,69,미응답,미응답,False,,,,응답 대기 종료
MT02116,2026-07-28,M116,M829,MG11,False,False,True,True,False,False,True,1,0.52,59,수락,수락,True,2026-08-10,서울,True,애프터 성사
MT02117,2026-07-30,M117,M438,MG11,True,True,True,False,True,True,True,0.5,0.62,80,미응답,거절,False,,,,응답 대기 종료
MT02118,2026-07-05,M118,M813,MG08,False,False,True,True,False,True,True,0.5,0.56,74,거절,수락,False,,,,추천 종료
MT02119,2026-07-01,M119,M636,MG19,True,True,True,True,False,False,True,0.5,0.44,73,미응답,거절,False,,,,응답 대기 종료
MT02120,2026-07-03,M120,M622,MG05,False,False,True,True,True,True,True,0.25,0.68,72,미응답,미응답,False,,,,응답 대기 종료
MT02121,2026-07-14,M121,M360,MG03,True,False,False,True,False,True,False,0,0.67,59,미응답,수락,False,,,,응답 대기 종료
MT02122,2026-07-10,M122,M136,MG14,False,False,False,True,False,False,True,0.5,0.62,65,수락,미응답,False,,,,응답 대기 종료
MT02123,2026-07-21,M123,M441,MG08,False,False,False,True,True,False,True,0.25,0.86,67,거절,수락,False,,,,추천 종료
MT02124,2026-07-09,M124,M635,MG11,True,True,True,True,True,True,True,0.75,0.73,84,수락,거절,False,,,,추천 종료
MT02125,2026-07-11,M125,M391,MG12,False,False,False,True,False,True,True,0,0.85,60,미응답,거절,False,,,,응답 대기 종료
MT02126,2026-07-05,M126,M636,MG07,False,True,False,True,False,False,True,0.25,0.71,56,거절,수락,False,,,,추천 종료
MT02127,2026-07-05,M127,M030,MG02,True,True,True,True,False,False,True,0.75,0.83,68,수락,수락,True,2026-07-08,서울,False,첫 만남 완료
MT02128,2026-07-04,M128,M724,MG09,False,False,False,True,True,False,True,0.25,0.82,70,미응답,수락,False,,,,응답 대기 종료
MT02129,2026-07-13,M129,M550,MG15,True,True,True,True,False,True,False,0,0.53,63,미응답,거절,False,,,,응답 대기 종료
MT02130,2026-07-15,M130,M675,MG03,False,False,True,False,False,True,True,0.5,0.53,69,미응답,미응답,False,,,,응답 대기 종료
MT02131,2026-07-21,M131,M837,MG16,True,False,True,True,False,False,True,0.25,0.5,64,미응답,미응답,False,,,,응답 대기 종료
MT02132,2026-07-08,M132,M016,MG17,True,True,True,True,False,False,True,0.25,0.62,71,미응답,거절,False,,,,응답 대기 종료
MT02133,2026-07-23,M133,M552,MG07,False,True,True,True,False,False,False,0,0.69,69,미응답,거절,False,,,,응답 대기 종료
MT02134,2026-07-15,M134,M889,MG02,False,False,True,True,False,False,True,0.5,0.71,69,미응답,수락,False,,,,응답 대기 종료
MT02135,2026-07-04,M135,M204,MG20,True,True,True,True,True,True,True,0.25,0.43,79,수락,수락,True,2026-07-12,경기,True,애프터 성사
MT02136,2026-07-26,M136,M645,MG02,True,True,True,True,True,False,False,0.5,0.47,71,미응답,미응답,False,,,,응답 대기 종료
MT02137,2026-07-30,M137,M865,MG02,True,True,True,False,False,True,False,0.25,0.51,70,거절,미응답,False,,,,응답 대기 종료
MT02138,2026-07-17,M138,M203,MG11,True,False,False,True,True,False,False,0.25,0.52,62,미응답,미응답,False,,,,응답 대기 종료
MT02139,2026-07-08,M139,M627,MG19,True,True,True,True,False,False,True,0,0.5,73,수락,수락,True,2026-07-13,경기,False,첫 만남 완료
MT02140,2026-07-22,M140,M842,MG17,True,False,True,True,False,True,True,0.25,0.43,61,미응답,거절,False,,,,응답 대기 종료
MT02141,2026-07-13,M141,M495,MG12,False,False,False,True,False,True,True,0.25,0.49,69,수락,미응답,False,,,,응답 대기 종료
MT02142,2026-07-17,M142,M632,MG17,True,True,True,True,True,False,True,0,0.78,75,미응답,미응답,False,,,,응답 대기 종료
MT02143,2026-07-26,M143,M756,MG08,False,True,True,True,False,False,True,0.75,0.91,78,수락,미응답,False,,,,응답 대기 종료
MT02144,2026-07-22,M144,M804,MG20,True,True,False,True,False,False,False,0.25,0.56,63,거절,거절,False,,,,추천 종료
MT02145,2026-07-02,M145,M173,MG05,True,True,True,True,False,False,True,0.5,0.63,78,수락,수락,True,2026-07-05,서울,True,애프터 성사
MT02146,2026-07-22,M146,M468,MG11,True,False,True,True,False,False,False,0.25,0.65,71,수락,수락,True,2026-08-05,경기,False,첫 만남 완료
MT02147,2026-07-28,M147,M780,MG02,False,False,True,True,False,True,True,0.75,0.65,76,수락,수락,True,2026-07-31,경남,True,애프터 성사
MT02148,2026-07-29,M148,M677,MG19,True,True,True,False,False,True,True,0.5,0.77,70,미응답,거절,False,,,,응답 대기 종료
MT02149,2026-07-15,M149,M492,MG12,False,False,True,False,True,True,True,0.25,1,66,미응답,미응답,False,,,,응답 대기 종료
MT02150,2026-07-19,M150,M136,MG08,True,True,False,True,False,True,False,0.25,0.33,58,미응답,미응답,False,,,,응답 대기 종료
MT02151,2026-07-07,M151,M432,MG10,False,False,True,True,False,False,True,0.25,0.72,70,미응답,미응답,False,,,,응답 대기 종료
MT02152,2026-07-22,M152,M296,MG06,False,True,False,True,False,False,True,0.25,0.62,59,거절,미응답,False,,,,응답 대기 종료
MT02153,2026-07-20,M153,M503,MG08,False,False,True,True,False,True,True,0.25,0.38,66,미응답,미응답,False,,,,응답 대기 종료
MT02154,2026-07-05,M154,M028,MG13,True,True,True,True,False,True,True,0.25,0.38,76,수락,거절,False,,,,추천 종료
MT02155,2026-07-16,M155,M591,MG16,False,True,True,True,False,False,True,0.5,0.55,73,수락,수락,True,2026-07-22,서울,True,애프터 성사
MT02156,2026-07-27,M156,M809,MG09,True,False,True,True,True,False,True,0.5,0.88,72,거절,거절,False,,,,추천 종료
MT02157,2026-07-28,M157,M991,MG10,False,False,True,False,False,True,True,0.25,0.21,61,수락,수락,True,2026-08-04,부산,False,첫 만남 완료
MT02158,2026-07-11,M158,M023,MG09,True,True,True,True,False,False,False,0.25,0.65,65,수락,미응답,False,,,,응답 대기 종료
MT02159,2026-07-10,M159,M232,MG01,False,False,True,False,False,True,True,0.75,0.62,61,거절,미응답,False,,,,응답 대기 종료
MT02160,2026-07-19,M160,M047,MG20,False,False,True,False,False,False,False,0.25,0.54,66,미응답,거절,False,,,,응답 대기 종료
MT02161,2026-07-16,M161,M026,MG11,True,True,True,False,False,True,True,0.75,0.44,78,미응답,거절,False,,,,응답 대기 종료
MT02162,2026-07-29,M162,M413,MG06,False,False,False,True,False,True,False,0.25,0.73,65,수락,미응답,False,,,,응답 대기 종료
MT02163,2026-07-30,M163,M942,MG14,True,True,True,True,False,False,True,0.5,0.66,74,거절,미응답,False,,,,응답 대기 종료
MT02164,2026-07-12,M164,M414,MG02,False,False,False,True,False,False,True,0.25,0.36,57,거절,거절,False,,,,추천 종료
MT02165,2026-07-03,M165,M463,MG14,False,False,True,True,True,True,True,0.5,0.36,81,거절,거절,False,,,,추천 종료
MT02166,2026-07-03,M166,M160,MG13,False,False,False,True,True,True,True,0.25,0.8,77,거절,미응답,False,,,,응답 대기 종료
MT02167,2026-07-28,M167,M357,MG15,True,True,True,False,True,False,True,0.75,0.57,76,미응답,수락,False,,,,응답 대기 종료
MT02168,2026-07-08,M168,M450,MG12,True,True,True,False,False,False,True,0.5,0.55,76,수락,거절,False,,,,추천 종료
MT02169,2026-07-17,M169,M551,MG16,True,True,True,True,False,False,True,0.25,0.59,73,수락,수락,True,2026-07-28,강원,False,첫 만남 완료
MT02170,2026-07-07,M170,M986,MG02,True,True,True,True,True,False,True,0.5,0.72,84,수락,미응답,False,,,,응답 대기 종료
MT02171,2026-07-12,M171,M327,MG02,True,True,False,True,False,True,True,0.25,0.44,68,미응답,미응답,False,,,,응답 대기 종료
MT02172,2026-07-18,M172,M095,MG20,True,True,True,False,True,True,True,0.5,0.43,83,미응답,수락,False,,,,응답 대기 종료
MT02173,2026-07-01,M173,M926,MG16,False,False,True,True,False,False,True,0.5,0.36,68,거절,미응답,False,,,,응답 대기 종료
MT02174,2026-07-24,M174,M556,MG19,False,False,True,True,False,True,False,0.5,0.68,65,수락,수락,True,2026-07-30,경남,True,애프터 성사
MT02175,2026-07-10,M175,M998,MG02,True,True,True,False,False,True,True,0.5,0.75,74,거절,수락,False,,,,추천 종료
MT02176,2026-07-29,M176,M291,MG03,False,False,False,True,False,False,True,0.5,0.68,65,수락,미응답,False,,,,응답 대기 종료
MT02177,2026-07-17,M177,M558,MG12,False,False,False,True,False,True,True,0.75,0.68,78,미응답,미응답,False,,,,응답 대기 종료
MT02178,2026-07-21,M178,M977,MG07,False,False,False,True,False,True,False,0,1,60,거절,거절,False,,,,추천 종료
MT02179,2026-07-28,M179,M894,MG02,False,False,True,True,False,False,True,0.75,0.66,69,거절,거절,False,,,,추천 종료
MT02180,2026-07-27,M180,M879,MG13,False,False,True,True,False,True,True,0.5,0.52,66,거절,거절,False,,,,추천 종료
MT02181,2026-07-12,M181,M647,MG07,False,False,True,False,False,True,False,0,0.5,55,거절,미응답,False,,,,응답 대기 종료
MT02182,2026-07-29,M182,M004,MG07,False,False,True,True,False,True,True,0.75,0.56,76,거절,미응답,False,,,,응답 대기 종료
MT02183,2026-07-16,M183,M968,MG20,False,True,True,True,False,True,True,0.5,0.48,78,미응답,미응답,False,,,,응답 대기 종료
MT02184,2026-07-30,M184,M720,MG10,True,True,True,False,False,True,True,0.25,0.56,68,미응답,수락,False,,,,응답 대기 종료
MT02185,2026-07-11,M185,M140,MG04,False,False,False,True,False,True,False,0.25,0.3,56,거절,거절,False,,,,추천 종료
MT02186,2026-07-02,M186,M062,MG01,False,False,True,True,False,True,False,0.25,0.99,64,미응답,미응답,False,,,,응답 대기 종료
MT02187,2026-07-26,M187,M998,MG06,True,True,True,False,False,True,True,0.25,0.72,70,미응답,수락,False,,,,응답 대기 종료
MT02188,2026-07-18,M188,M429,MG03,False,False,True,True,True,True,True,0.5,0.8,76,수락,미응답,False,,,,응답 대기 종료
MT02189,2026-07-26,M189,M949,MG12,False,True,True,True,False,True,True,0.25,0.72,79,수락,거절,False,,,,추천 종료
MT02190,2026-07-19,M190,M351,MG19,False,False,True,True,False,True,False,0,0.86,60,수락,거절,False,,,,추천 종료
MT02191,2026-07-11,M191,M453,MG13,True,True,False,True,False,False,True,0.5,0.62,58,거절,거절,False,,,,추천 종료
MT02192,2026-07-21,M192,M027,MG12,False,False,False,True,True,True,False,0,0.64,60,거절,미응답,False,,,,응답 대기 종료
MT02193,2026-07-26,M193,M351,MG01,True,True,True,True,True,False,False,0.25,0.64,75,수락,수락,True,2026-07-30,서울,True,애프터 성사
MT02194,2026-07-04,M194,M362,MG18,True,True,False,True,True,False,True,0.25,0.49,68,미응답,거절,False,,,,응답 대기 종료
MT02195,2026-07-19,M195,M618,MG18,False,False,True,False,True,False,True,0.5,0.7,71,수락,수락,True,2026-07-23,경기,True,애프터 성사
MT02196,2026-07-21,M196,M282,MG18,False,False,True,True,False,False,False,0.25,0.7,58,거절,거절,False,,,,추천 종료
MT02197,2026-07-18,M197,M836,MG16,True,False,True,True,False,True,True,0.25,0.9,81,거절,거절,False,,,,추천 종료
MT02198,2026-07-18,M198,M499,MG14,True,True,True,True,False,True,True,1,0.64,88,수락,수락,True,2026-07-30,울산,True,애프터 성사
MT02199,2026-07-11,M199,M556,MG14,False,False,True,True,False,True,False,0.25,0.43,58,거절,거절,False,,,,추천 종료
MT02200,2026-07-20,M200,M793,MG11,True,True,False,True,True,False,True,0,0.47,71,수락,수락,True,2026-07-30,서울,True,애프터 성사
MT02201,2026-07-09,M201,M691,MG11,False,True,True,True,False,False,True,0.5,0.49,62,미응답,거절,False,,,,응답 대기 종료
MT02202,2026-07-19,M202,M187,MG04,True,True,True,True,False,True,True,0.5,0.47,79,수락,거절,False,,,,추천 종료
MT02203,2026-07-04,M203,M963,MG20,True,True,True,False,True,False,True,0.25,0.96,76,수락,거절,False,,,,추천 종료
MT02204,2026-07-04,M204,M123,MG11,True,True,True,False,True,True,True,0.75,0.64,78,거절,미응답,False,,,,응답 대기 종료
MT02205,2026-07-28,M205,M375,MG20,True,True,True,True,False,True,True,0.5,0.51,78,미응답,수락,False,,,,응답 대기 종료
MT02206,2026-07-18,M206,M240,MG09,True,False,False,True,False,True,True,0.5,0.6,70,수락,거절,False,,,,추천 종료
MT02207,2026-07-01,M207,M584,MG10,False,True,False,True,False,False,True,0,0.62,52,거절,거절,False,,,,추천 종료
MT02208,2026-07-21,M208,M952,MG06,False,False,True,True,False,True,True,0.25,0.7,70,거절,수락,False,,,,추천 종료
MT02209,2026-07-10,M209,M559,MG06,False,False,True,True,False,True,True,0.5,0.72,80,수락,수락,True,2026-07-15,서울,True,애프터 성사
MT02210,2026-07-20,M210,M548,MG10,False,False,True,False,True,False,False,0.25,0.62,56,미응답,수락,False,,,,응답 대기 종료
MT02211,2026-07-13,M211,M562,MG16,True,True,True,True,False,True,True,0.75,0.34,74,미응답,미응답,False,,,,응답 대기 종료
MT02212,2026-07-30,M212,M672,MG15,False,True,False,True,False,True,True,0.5,0.8,68,미응답,미응답,False,,,,응답 대기 종료
MT02213,2026-07-16,M213,M699,MG15,False,False,False,True,True,True,False,0,0.37,58,미응답,수락,False,,,,응답 대기 종료
MT02214,2026-07-26,M214,M579,MG20,False,False,True,False,False,False,True,0.25,0.47,53,미응답,미응답,False,,,,응답 대기 종료
MT02215,2026-07-28,M215,M531,MG15,False,True,False,True,True,False,True,0.25,0.93,75,거절,미응답,False,,,,응답 대기 종료
MT02216,2026-07-15,M216,M721,MG05,True,True,True,True,False,True,True,0.25,0.8,79,수락,수락,False,,,,추천 종료
MT02217,2026-07-05,M217,M362,MG11,True,False,False,True,False,False,False,0.25,0.72,62,미응답,거절,False,,,,응답 대기 종료
MT02218,2026-07-11,M218,M418,MG13,False,False,False,True,False,False,True,0.5,0.47,62,거절,수락,False,,,,추천 종료
MT02219,2026-07-14,M219,M220,MG14,True,True,True,True,False,False,False,0.25,0.71,73,거절,미응답,False,,,,응답 대기 종료
MT02220,2026-07-26,M220,M735,MG09,False,True,True,True,False,True,False,0.5,0.57,70,거절,미응답,False,,,,응답 대기 종료
MT02221,2026-07-26,M221,M208,MG12,True,True,True,True,False,True,True,0.5,0.57,73,미응답,수락,False,,,,응답 대기 종료
MT02222,2026-07-20,M222,M236,MG19,False,True,True,True,False,False,True,0.5,0.75,80,수락,수락,True,2026-07-23,서울,True,애프터 성사
MT02223,2026-07-04,M223,M160,MG12,False,True,True,True,False,False,True,0.5,0.76,75,수락,미응답,False,2026-07-00,,,응답 대기 종료
MT02224,2026-07-07,M224,M804,MG06,False,True,True,True,False,True,False,0.25,0.54,67,거절,수락,False,,,,추천 종료
MT02225,2026-07-01,M225,M816,MG11,True,True,True,True,False,True,True,0.75,0.65,78,수락,미응답,False,,,,응답 대기 종료
MT02226,2026-07-14,M226,M682,MG07,True,True,True,True,False,False,True,0.5,0.94,85,미응답,거절,False,,,,응답 대기 종료
MT02227,2026-07-18,M227,M026,MG06,False,True,True,False,True,True,False,0,0.72,65,수락,거절,False,,,,추천 종료
MT02228,2026-07-08,M228,M812,MG06,True,True,True,True,False,True,True,0.5,0.34,77,거절,미응답,False,,,,응답 대기 종료
MT02229,2026-07-07,M229,M175,MG07,False,False,True,False,True,True,True,0.25,0.95,77,거절,거절,False,,,,추천 종료
MT02230,2026-07-17,M230,M063,MG18,True,False,True,False,False,True,True,0.25,0.43,67,미응답,미응답,False,,,,응답 대기 종료
MT02231,2026-07-08,M231,M769,MG18,True,True,False,True,False,False,True,0.5,0.58,74,수락,수락,True,2026-07-15,서울,True,애프터 성사
MT02232,2026-07-27,M232,M023,MG15,False,False,False,True,False,False,False,0.25,0.56,48,미응답,거절,False,,,,응답 대기 종료
MT02233,2026-07-16,M233,M650,MG02,False,False,False,True,True,True,True,0.5,0.71,73,미응답,수락,False,,,,응답 대기 종료
MT02234,2026-07-13,M234,M097,MG05,True,True,True,True,False,False,True,0.25,0.63,68,거절,미응답,False,,,,응답 대기 종료
MT02235,2026-07-26,M235,M983,MG15,False,False,True,True,False,False,True,0.5,0.71,67,미응답,거절,False,,,,응답 대기 종료
MT02236,2026-07-08,M236,M661,MG12,True,False,True,True,True,False,False,0.25,0.57,68,거절,미응답,False,,,,응답 대기 종료
MT02237,2026-07-27,M237,M048,MG19,True,True,True,True,False,True,True,0.25,0.69,78,미응답,수락,False,,,,응답 대기 종료
MT02238,2026-07-08,M238,M368,MG10,False,False,True,True,False,True,False,0,0.65,59,거절,거절,False,,,,추천 종료
MT02239,2026-07-22,M239,M663,MG08,True,True,True,True,True,True,True,0.25,0.52,77,수락,수락,True,2026-08-01,경기,True,애프터 성사
MT02240,2026-07-25,M240,M879,MG12,False,False,True,False,False,True,True,0,0.56,59,거절,수락,False,,,,추천 종료
MT02241,2026-07-28,M241,M651,MG15,False,False,False,True,False,False,True,0.25,0.59,56,거절,미응답,False,,,,응답 대기 종료
MT02242,2026-07-06,M242,M336,MG16,True,False,True,False,False,False,False,0.25,0.52,60,미응답,거절,False,,,,응답 대기 종료
MT02243,2026-07-08,M243,M177,MG01,False,False,True,False,False,False,True,1,0.55,66,거절,수락,False,,,,추천 종료
MT02244,2026-07-20,M244,M089,MG02,False,False,True,True,True,True,False,0,0.53,65,미응답,수락,False,,,,응답 대기 종료
MT02245,2026-07-23,M245,M132,MG07,False,False,False,True,False,False,True,0.5,0.56,56,미응답,거절,False,,,,응답 대기 종료
MT02246,2026-07-26,M246,M227,MG10,False,False,False,True,False,False,False,0.5,0.66,60,거절,거절,False,,,,추천 종료
MT02247,2026-07-20,M247,M861,MG03,True,True,True,True,False,True,True,0.25,0.65,82,미응답,수락,False,,,,응답 대기 종료
MT02248,2026-07-25,M248,M641,MG18,True,False,True,False,True,True,True,0.25,0.95,75,수락,미응답,False,,,,응답 대기 종료
MT02249,2026-07-25,M249,M978,MG09,False,False,False,True,True,True,True,0.25,0.74,76,미응답,수락,False,,,,응답 대기 종료
MT02250,2026-07-17,M250,M104,MG17,True,True,True,True,False,False,True,0.5,0.8,74,미응답,거절,False,,,,응답 대기 종료
MT02251,2026-07-10,M251,M364,MG01,False,False,True,False,False,True,False,0.5,0.98,66,거절,미응답,False,,,,응답 대기 종료
MT02252,2026-07-01,M252,M967,MG12,True,False,True,False,True,True,False,0,0.84,74,미응답,거절,False,,,,응답 대기 종료
MT02253,2026-07-08,M253,M362,MG20,True,True,False,True,True,False,True,0,0.67,64,거절,미응답,False,,,,응답 대기 종료
MT02254,2026-07-20,M254,M1000,MG03,True,False,True,True,False,False,True,0.5,0.64,75,미응답,수락,False,,,,응답 대기 종료
MT02255,2026-07-08,M255,M391,MG17,False,False,True,False,False,True,True,0.5,0.74,63,수락,거절,False,,,,추천 종료
MT02256,2026-07-23,M256,M146,MG06,False,False,True,True,False,False,True,0.25,0.42,57,거절,거절,False,,,,추천 종료
MT02257,2026-07-29,M257,M423,MG07,False,True,True,False,False,True,True,0.25,0.83,65,미응답,수락,False,,,,응답 대기 종료
MT02258,2026-07-10,M258,M371,MG20,False,False,False,True,True,False,True,0.5,0.76,75,수락,미응답,False,,,,응답 대기 종료
MT02259,2026-07-17,M259,M703,MG11,True,True,True,False,False,True,True,0,0.72,70,거절,수락,False,,,,추천 종료
MT02260,2026-07-11,M260,M283,MG05,True,False,True,True,False,True,False,0,0.54,63,수락,수락,True,2026-07-24,서울,False,첫 만남 완료
MT02261,2026-07-10,M261,M973,MG01,False,False,True,False,True,True,True,0.5,0.6,63,미응답,미응답,False,,,,응답 대기 종료
MT02262,2026-07-05,M262,M159,MG20,True,True,False,True,True,False,True,0.25,0.51,73,수락,미응답,False,,,,응답 대기 종료
MT02263,2026-07-14,M263,M608,MG16,False,False,True,True,False,False,True,0.5,0.66,74,수락,미응답,False,,,,응답 대기 종료
MT02264,2026-07-20,M264,M687,MG09,False,False,False,True,False,True,False,0.25,0.58,53,미응답,거절,False,,,,응답 대기 종료
MT02265,2026-07-25,M265,M789,MG05,False,False,True,True,False,False,True,0.5,0.36,72,수락,수락,True,2026-08-04,부산,True,애프터 성사
MT02266,2026-07-14,M266,M353,MG12,True,True,True,False,False,True,True,0,0.85,67,미응답,미응답,False,,,,응답 대기 종료
MT02267,2026-07-25,M267,M723,MG08,False,False,True,False,False,True,True,0.75,0.67,74,미응답,거절,False,,,,응답 대기 종료
MT02268,2026-07-09,M268,M632,MG19,True,True,True,True,False,True,True,0.25,0.79,83,수락,수락,True,2026-07-21,서울,True,애프터 성사
MT02269,2026-07-26,M269,M419,MG19,True,True,True,True,False,False,True,0.5,0.46,74,수락,거절,False,,,,추천 종료
MT02270,2026-07-15,M270,M935,MG06,False,False,True,True,False,True,True,0.25,0.51,68,수락,수락,True,2026-07-27,전남,True,애프터 성사
MT02271,2026-07-14,M271,M081,MG02,True,True,False,True,False,False,True,0.75,0.35,66,수락,거절,False,,,,추천 종료
MT02272,2026-07-07,M272,M178,MG07,False,True,True,False,False,False,True,0.25,0.69,65,거절,수락,False,,,,추천 종료
MT02273,2026-07-26,M273,M202,MG20,False,False,True,True,False,True,True,0.75,0.37,74,수락,수락,True,2026-07-31,인천,False,첫 만남 완료
MT02274,2026-07-16,M274,M609,MG05,False,True,True,False,False,False,True,0.75,0.37,69,거절,거절,False,,,,추천 종료
MT02275,2026-07-18,M275,M473,MG10,True,True,False,True,False,False,True,0.5,0.92,74,미응답,미응답,False,,,,응답 대기 종료
MT02276,2026-07-21,M276,M274,MG09,False,False,False,True,False,False,True,0.25,0.77,65,수락,미응답,False,,,,응답 대기 종료
MT02277,2026-07-16,M277,M698,MG02,True,True,True,True,False,False,True,0.5,0.71,63,미응답,미응답,False,,,,응답 대기 종료
MT02278,2026-07-06,M278,M059,MG04,False,False,True,True,False,True,True,0.5,0.68,75,수락,수락,True,2026-07-13,서울,False,첫 만남 완료
MT02279,2026-07-17,M279,M947,MG16,True,True,True,True,False,True,False,0.5,0.47,80,미응답,미응답,False,,,,응답 대기 종료
MT02280,2026-07-03,M280,M058,MG10,True,True,True,True,False,False,True,0.75,0.77,81,미응답,거절,False,,,,응답 대기 종료
MT02281,2026-07-15,M281,M919,MG01,True,True,True,True,True,False,False,0.25,0.52,75,거절,미응답,False,,,,응답 대기 종료
MT02282,2026-07-09,M282,M151,MG14,True,False,True,True,False,False,False,0.25,0.7,66,거절,수락,False,,,,추천 종료
MT02283,2026-07-04,M283,M027,MG17,False,False,False,True,True,True,False,0.75,0.27,63,수락,거절,False,,,,추천 종료
MT02284,2026-07-03,M284,M472,MG15,True,True,True,True,False,True,False,0.5,0.87,74,수락,수락,True,2026-07-05,부산,True,애프터 성사
MT02285,2026-07-23,M285,M095,MG13,True,True,True,True,False,True,True,0.25,0.6,75,수락,수락,True,2026-08-06,강원,True,애프터 성사
MT02286,2026-07-23,M286,M997,MG09,True,True,False,True,True,True,True,0.25,0.36,71,수락,미응답,False,,,,응답 대기 종료
MT02287,2026-07-02,M287,M068,MG18,False,False,True,True,False,True,True,1,0.51,65,수락,미응답,False,,,,응답 대기 종료
MT02288,2026-07-15,M288,M829,MG18,False,False,False,True,False,True,True,0.5,0.76,54,미응답,거절,False,,,,응답 대기 종료
MT02289,2026-07-19,M289,M769,MG09,True,True,False,True,False,False,False,0.25,0.66,55,미응답,수락,False,,,,응답 대기 종료
MT02290,2026-07-06,M290,M368,MG16,False,False,True,True,True,True,True,0.25,0.47,75,수락,수락,True,2026-07-10,경기,False,첫 만남 완료
MT02291,2026-07-17,M291,M059,MG07,False,False,True,False,False,False,True,0.25,0.29,53,미응답,미응답,False,,,,응답 대기 종료
MT02292,2026-07-24,M292,M018,MG19,False,False,True,False,False,False,True,0.25,0.47,61,미응답,미응답,False,,,,응답 대기 종료
MT02293,2026-07-13,M293,M311,MG07,False,False,False,True,False,True,True,0.25,0.54,63,미응답,미응답,False,,,,응답 대기 종료
MT02294,2026-07-20,M294,M637,MG15,True,True,False,True,True,True,True,0.25,0.51,65,거절,미응답,False,,,,응답 대기 종료
MT02295,2026-07-25,M295,M916,MG13,False,True,False,True,False,False,True,0.5,0.68,68,미응답,거절,False,,,,응답 대기 종료
MT02296,2026-07-30,M296,M678,MG16,True,True,True,False,True,False,True,0,0.66,77,거절,미응답,False,,,,응답 대기 종료
MT02297,2026-07-28,M297,M280,MG08,True,True,True,False,False,False,True,0.5,0.89,67,거절,거절,False,,,,추천 종료
MT02298,2026-07-03,M298,M448,MG16,True,True,False,True,False,True,True,0.25,0.43,75,거절,수락,False,,,,추천 종료
MT02299,2026-07-30,M299,M026,MG09,False,False,True,False,True,False,True,0.25,0.78,71,미응답,미응답,False,,,,응답 대기 종료
MT02300,2026-07-02,M300,M168,MG10,True,True,True,False,False,True,True,0.25,0.9,77,거절,수락,False,,,,추천 종료
MT02301,2026-07-07,M301,M539,MG03,False,False,False,True,True,False,True,0.25,0.74,69,거절,거절,False,,,,추천 종료
MT02302,2026-07-12,M302,M859,MG11,False,False,False,True,True,False,True,0.25,0.54,68,거절,미응답,False,,,,응답 대기 종료
MT02303,2026-07-30,M303,M995,MG01,True,True,True,False,False,False,True,0.75,0.55,80,수락,수락,True,2026-08-05,서울,True,애프터 성사
MT02304,2026-07-28,M304,M576,MG07,False,True,True,False,False,True,True,0.25,0.6,62,수락,미응답,False,,,,응답 대기 종료
MT02305,2026-07-22,M305,M532,MG19,False,False,True,True,False,False,True,0,0.69,62,거절,미응답,False,,,,응답 대기 종료
MT02306,2026-07-07,M306,M881,MG19,False,False,True,True,False,False,True,0.75,0.19,68,미응답,미응답,False,,,,응답 대기 종료
MT02307,2026-07-22,M307,M054,MG06,True,False,True,True,False,False,True,0.5,0.68,74,미응답,수락,False,,,,응답 대기 종료
MT02308,2026-07-18,M308,M140,MG20,False,False,True,True,False,True,True,0.5,0.55,68,수락,수락,True,2026-07-23,대구,True,애프터 성사
MT02309,2026-07-16,M309,M004,MG02,False,False,False,True,True,False,True,0.5,0.62,64,수락,거절,False,,,,추천 종료
MT02310,2026-07-23,M310,M068,MG08,False,False,True,True,False,True,False,0.5,0.79,65,수락,거절,False,,,,추천 종료
MT02311,2026-07-03,M311,M281,MG05,False,False,True,True,False,False,True,0.75,0.87,81,거절,미응답,False,,,,응답 대기 종료
MT02312,2026-07-13,M312,M261,MG19,True,True,True,True,True,False,True,0.25,0.76,84,미응답,미응답,False,,,,응답 대기 종료
MT02313,2026-07-09,M313,M728,MG07,False,False,True,True,False,True,True,0.5,0.62,71,거절,거절,False,,,,추천 종료
MT02314,2026-07-17,M314,M931,MG16,False,False,True,True,False,False,True,0.5,0.69,63,수락,미응답,False,,,,응답 대기 종료
MT02315,2026-07-18,M315,M444,MG11,False,True,False,True,False,False,True,0.5,0.58,73,거절,거절,False,,,,추천 종료
MT02316,2026-07-21,M316,M405,MG04,True,True,False,True,True,True,True,0.25,0.61,74,거절,거절,False,,,,추천 종료
MT02317,2026-07-18,M317,M325,MG11,True,True,True,True,True,False,False,0.25,0.77,73,거절,수락,False,,,,추천 종료
MT02318,2026-07-13,M318,M600,MG11,False,False,True,True,False,True,False,0,0.69,66,미응답,미응답,False,,,,응답 대기 종료
MT02319,2026-07-07,M319,M974,MG01,True,True,False,True,False,True,True,0.25,0.58,75,거절,수락,False,,,,추천 종료
MT02320,2026-07-02,M320,M674,MG13,False,True,True,True,False,True,True,0.5,0.55,81,미응답,수락,False,,,,응답 대기 종료
MT02321,2026-07-03,M321,M200,MG19,False,True,True,True,True,False,False,0.5,0.49,73,수락,거절,False,,,,추천 종료
MT02322,2026-07-13,M322,M878,MG09,True,False,True,True,True,True,True,0.75,0.77,91,수락,수락,True,2026-07-26,서울,True,애프터 성사
MT02323,2026-07-27,M323,M196,MG15,False,False,False,True,False,True,False,0.25,0.71,52,거절,미응답,False,,,,응답 대기 종료
MT02324,2026-07-17,M324,M569,MG17,True,True,False,True,False,True,True,0.5,0.71,80,수락,수락,True,2026-07-22,서울,True,애프터 성사
MT02325,2026-07-16,M325,M707,MG01,True,False,True,True,False,False,True,0,0.29,65,거절,거절,False,,,,추천 종료
MT02326,2026-07-24,M326,M420,MG20,True,True,True,True,False,False,True,0,0.72,56,미응답,거절,False,,,,응답 대기 종료
MT02327,2026-07-16,M327,M383,MG09,True,True,True,False,True,True,False,0,0.6,66,미응답,거절,False,,,,응답 대기 종료
MT02328,2026-07-16,M328,M484,MG12,False,False,True,True,True,True,False,0,0.35,66,수락,미응답,False,,,,응답 대기 종료
MT02329,2026-07-10,M329,M613,MG18,True,True,True,False,False,False,True,0.25,0.46,68,수락,수락,True,2026-07-22,서울,True,애프터 성사
MT02330,2026-07-08,M330,M598,MG16,False,False,True,False,False,False,False,0.25,0.49,54,미응답,거절,False,,,,응답 대기 종료
MT02331,2026-07-20,M331,M982,MG06,False,False,True,True,True,True,True,0.5,0.75,83,거절,수락,False,,,,추천 종료
MT02332,2026-07-01,M332,M591,MG20,True,True,True,True,False,False,True,0.5,0.61,72,미응답,수락,False,,,,응답 대기 종료
MT02333,2026-07-08,M333,M729,MG20,True,False,True,False,False,False,True,0.25,0.56,57,미응답,거절,False,,,,응답 대기 종료
MT02334,2026-07-08,M334,M232,MG14,False,False,True,False,True,True,True,0.75,0.68,68,미응답,미응답,False,,,,응답 대기 종료
MT02335,2026-07-03,M335,M985,MG20,True,True,True,True,False,False,True,0.75,0.97,83,수락,미응답,False,,,,응답 대기 종료
MT02336,2026-07-21,M336,M972,MG13,False,True,True,False,True,False,True,0.75,0.75,75,수락,미응답,False,,,,응답 대기 종료
MT02337,2026-07-21,M337,M270,MG14,False,False,False,True,False,True,True,0.25,0.71,65,거절,수락,False,,,,추천 종료
MT02338,2026-07-01,M338,M088,MG09,False,False,False,True,False,True,True,0.25,0.4,63,수락,거절,False,,,,추천 종료
MT02339,2026-07-09,M339,M981,MG05,False,True,True,True,False,False,True,0.75,0.8,82,수락,미응답,False,,,,응답 대기 종료
MT02340,2026-07-17,M340,M111,MG17,False,True,False,True,False,True,True,0.5,0.64,72,수락,거절,False,,,,추천 종료
MT02341,2026-07-08,M341,M540,MG18,False,False,True,True,True,False,True,0.75,0.56,83,미응답,거절,False,,,,응답 대기 종료
MT02342,2026-07-07,M342,M051,MG19,False,False,False,True,False,False,True,0.75,0.96,79,거절,수락,False,,,,추천 종료
MT02343,2026-07-08,M343,M342,MG06,True,True,True,True,True,True,True,0.75,0.63,93,거절,미응답,False,,,,응답 대기 종료
MT02344,2026-07-15,M344,M445,MG04,False,False,False,True,False,False,True,0.5,0.67,57,거절,거절,False,,,,추천 종료
MT02345,2026-07-13,M345,M277,MG19,False,True,False,True,False,True,True,0.5,0.5,67,거절,수락,False,,,,추천 종료
MT02346,2026-07-04,M346,M110,MG20,False,False,True,True,False,False,True,0.25,1,76,수락,거절,False,,,,추천 종료
MT02347,2026-07-30,M347,M527,MG16,False,False,False,True,False,True,True,0.75,0.4,68,거절,거절,False,,,,추천 종료
MT02348,2026-07-20,M348,M577,MG19,True,True,True,True,False,False,True,0.5,0.65,79,수락,미응답,False,,,,응답 대기 종료
MT02349,2026-07-07,M349,M414,MG18,False,False,True,True,False,False,True,0.25,0.45,68,수락,수락,True,2026-07-20,서울,True,애프터 성사
MT02350,2026-07-20,M350,M880,MG05,False,False,True,True,False,False,True,0,0.57,58,거절,미응답,False,,,,응답 대기 종료
MT02351,2026-07-28,M351,M992,MG04,True,True,True,True,False,False,False,0,0.35,61,거절,거절,False,,,,추천 종료
MT02352,2026-07-10,M352,M225,MG09,False,False,True,True,False,False,True,0.25,0.47,61,수락,수락,True,2026-07-18,제주,False,첫 만남 완료
MT02353,2026-07-27,M353,M993,MG20,True,True,False,False,True,True,False,0.25,0.49,63,미응답,거절,False,,,,응답 대기 종료
MT02354,2026-07-04,M354,M968,MG11,True,True,True,False,True,True,True,0.5,0.58,84,수락,미응답,False,,,,응답 대기 종료
MT02355,2026-07-30,M355,M653,MG19,False,False,True,True,False,True,False,0.25,0.68,60,거절,수락,False,,,,추천 종료
MT02356,2026-07-12,M356,M895,MG17,True,True,True,False,True,False,True,0.5,0.5,75,미응답,수락,False,,,,응답 대기 종료
MT02357,2026-07-16,M357,M221,MG17,True,True,True,True,True,True,True,0.25,0.62,77,수락,수락,True,2026-07-20,경기,True,애프터 성사
MT02358,2026-07-09,M358,M299,MG04,True,False,True,False,False,False,True,0.75,0.56,70,거절,거절,False,,,,추천 종료
MT02359,2026-07-21,M359,M779,MG20,True,True,True,True,True,True,True,0.5,0.5,88,수락,미응답,False,,,,응답 대기 종료
MT02360,2026-07-02,M360,M748,MG12,True,True,True,True,False,False,False,0.5,0.54,74,거절,거절,False,,,,추천 종료
MT02361,2026-07-24,M361,M834,MG14,False,True,True,False,False,True,True,0.75,0.46,75,거절,미응답,False,,,,응답 대기 종료
MT02362,2026-07-26,M362,M299,MG17,False,False,True,False,True,False,True,0.25,0.63,61,거절,미응답,False,,,,응답 대기 종료
MT02363,2026-07-04,M363,M223,MG08,False,False,False,True,True,False,True,0.25,0.59,70,거절,거절,False,,,,추천 종료
MT02364,2026-07-17,M364,M405,MG17,False,False,False,True,False,True,False,0.25,0.83,67,거절,미응답,False,,,,응답 대기 종료
MT02365,2026-07-21,M365,M803,MG11,False,True,False,True,False,False,True,0.75,0.66,65,거절,거절,False,,,,추천 종료
MT02366,2026-07-07,M366,M272,MG09,False,False,False,True,False,True,True,0.5,0.82,67,수락,수락,True,2026-07-13,경남,True,애프터 성사
MT02367,2026-07-17,M367,M755,MG06,False,False,True,True,True,True,True,0.5,0.68,84,수락,미응답,False,,,,응답 대기 종료
MT02368,2026-07-16,M368,M548,MG14,False,False,True,False,True,False,False,0.75,0.66,66,거절,수락,False,,,,추천 종료
MT02369,2026-07-02,M369,M507,MG13,True,True,True,False,False,False,False,0.5,0.77,66,수락,미응답,False,,,,응답 대기 종료
MT02370,2026-07-29,M370,M757,MG02,True,False,True,True,False,True,True,0.5,0.87,72,수락,미응답,False,,,,응답 대기 종료
MT02371,2026-07-13,M371,M625,MG02,False,True,False,True,True,False,True,0.75,0.41,73,거절,수락,False,,,,추천 종료
MT02372,2026-07-07,M372,M127,MG06,True,True,True,True,False,False,True,0.5,0.55,70,미응답,거절,False,,,,응답 대기 종료
MT02373,2026-07-29,M373,M669,MG11,False,False,False,True,True,False,True,0.5,0.74,72,미응답,수락,False,,,,응답 대기 종료
MT02374,2026-07-11,M374,M112,MG14,True,True,False,True,True,False,True,0.5,0.85,73,미응답,거절,False,,,,응답 대기 종료
MT02375,2026-07-11,M375,M797,MG13,False,False,True,True,False,True,True,0.5,0.85,67,거절,미응답,False,,,,응답 대기 종료
MT02376,2026-07-27,M376,M494,MG19,True,True,True,False,False,False,False,0.25,0.38,64,미응답,거절,False,,,,응답 대기 종료
MT02377,2026-07-15,M377,M109,MG18,False,True,True,False,False,False,True,0.5,0.55,62,거절,수락,False,,,,추천 종료
MT02378,2026-07-03,M378,M237,MG01,False,False,True,True,True,False,True,0.25,0.76,75,미응답,거절,False,,,,응답 대기 종료
MT02379,2026-07-26,M379,M537,MG18,True,True,True,True,False,True,True,0.25,0.69,69,미응답,미응답,False,,,,응답 대기 종료
MT02380,2026-07-21,M380,M755,MG18,False,False,True,True,False,False,True,0.25,0.57,71,미응답,미응답,False,,,,응답 대기 종료
MT02381,2026-07-16,M381,M220,MG11,True,True,True,False,True,True,False,0.5,0.7,74,수락,거절,False,,,,추천 종료
MT02382,2026-07-09,M382,M323,MG18,False,False,True,False,False,True,True,0.5,0.7,58,미응답,수락,False,,,,응답 대기 종료
MT02383,2026-07-20,M383,M345,MG13,True,False,False,True,True,True,False,0.25,0.53,71,수락,거절,False,,,,추천 종료
MT02384,2026-07-10,M384,M332,MG04,False,False,True,True,False,True,True,0.75,0.89,78,미응답,거절,False,,,,응답 대기 종료
MT02385,2026-07-08,M385,M426,MG16,False,False,True,False,False,True,True,0.75,0.71,72,미응답,수락,False,,,,응답 대기 종료
MT02386,2026-07-10,M386,M963,MG09,True,True,True,True,True,True,True,0.25,0.66,86,수락,수락,True,2026-07-13,서울,True,애프터 성사
MT02387,2026-07-24,M387,M579,MG18,True,False,True,False,False,True,False,0.25,0.21,62,수락,미응답,False,,,,응답 대기 종료
MT02388,2026-07-13,M388,M781,MG01,False,False,True,True,False,True,True,0.5,0.73,72,수락,수락,True,2026-07-18,서울,False,첫 만남 완료
MT02389,2026-07-28,M389,M485,MG09,True,False,True,False,True,True,False,0.25,0.18,70,미응답,수락,False,,,,응답 대기 종료
MT02390,2026-07-09,M390,M899,MG20,True,True,True,True,False,False,True,0.5,0.79,78,거절,거절,False,,,,추천 종료
MT02391,2026-07-13,M391,M122,MG02,True,True,False,True,False,True,True,0.75,0.52,74,수락,수락,True,2026-07-17,서울,True,애프터 성사
MT02392,2026-07-26,M392,M147,MG08,True,False,True,True,False,True,True,0.5,0.89,74,미응답,미응답,False,,,,응답 대기 종료
MT02393,2026-07-05,M393,M370,MG12,False,False,True,False,False,False,True,0.25,0.93,55,수락,거절,False,,,,추천 종료
MT02394,2026-07-02,M394,M632,MG17,False,True,True,True,True,True,True,0.25,0.47,78,수락,수락,True,2026-07-14,서울,True,애프터 성사
MT02395,2026-07-14,M395,M176,MG13,False,True,True,False,False,False,True,0.25,0.65,59,미응답,수락,False,,,,응답 대기 종료
MT02396,2026-07-29,M396,M019,MG02,False,True,True,True,False,False,True,0.75,0.3,65,수락,미응답,False,,,,응답 대기 종료
MT02397,2026-07-24,M397,M659,MG06,True,True,True,True,False,True,False,0.5,0.56,73,수락,미응답,False,,,,응답 대기 종료
MT02398,2026-07-14,M398,M111,MG13,True,True,True,True,False,True,True,0.5,0.58,80,수락,거절,False,,,,추천 종료
MT02399,2026-07-04,M399,M277,MG16,False,False,False,True,False,True,True,0.25,0.75,49,거절,미응답,False,,,,응답 대기 종료
MT02400,2026-07-15,M400,M293,MG04,True,True,True,True,False,False,False,0.25,0.81,67,수락,거절,False,,,,추천 종료
MT02401,2026-07-10,M401,M162,MG18,False,True,True,False,False,True,True,0.5,0.77,81,거절,수락,False,,,,추천 종료
MT02402,2026-07-10,M402,M746,MG19,True,True,False,True,True,False,True,0.25,0.54,61,미응답,수락,False,,,,응답 대기 종료
MT02403,2026-07-10,M403,M379,MG20,True,True,True,True,False,True,True,0.25,0.51,63,수락,수락,True,2026-07-22,서울,False,첫 만남 완료
MT02404,2026-07-14,M404,M648,MG20,False,False,False,True,False,False,True,0.5,0.45,67,거절,미응답,False,,,,응답 대기 종료
MT02405,2026-07-23,M405,M003,MG01,True,True,True,False,True,True,True,0.5,0.78,80,미응답,수락,False,,,,응답 대기 종료
MT02406,2026-07-12,M406,M377,MG07,False,False,True,True,False,False,False,0.25,0.6,57,수락,거절,False,,,,추천 종료
MT02407,2026-07-23,M407,M353,MG18,False,False,True,True,False,False,False,0.75,0.85,67,거절,거절,False,,,,추천 종료
MT02408,2026-07-03,M408,M645,MG16,True,False,True,True,False,False,True,0.5,0.49,58,거절,미응답,False,,,,응답 대기 종료
MT02409,2026-07-14,M409,M281,MG05,True,True,False,True,True,False,False,0.25,0.81,71,미응답,미응답,False,,,,응답 대기 종료
MT02410,2026-07-23,M410,M384,MG15,True,False,True,False,False,True,False,0,0.41,53,거절,미응답,False,,,,응답 대기 종료
MT02411,2026-07-04,M411,M044,MG05,True,False,True,True,False,False,True,0.75,0.3,74,미응답,미응답,False,,,,응답 대기 종료
MT02412,2026-07-03,M412,M756,MG19,True,True,True,False,False,False,True,0.25,0.61,64,미응답,미응답,False,,,,응답 대기 종료
MT02413,2026-07-17,M413,M636,MG18,True,True,False,True,False,True,False,0.25,0.63,71,미응답,거절,False,,,,응답 대기 종료
MT02414,2026-07-21,M414,M160,MG09,False,False,True,True,True,False,True,0.25,0.55,74,수락,미응답,False,,,,응답 대기 종료
MT02415,2026-07-07,M415,M765,MG15,True,True,False,True,False,True,True,0.5,0.3,73,거절,수락,False,,,,추천 종료
MT02416,2026-07-28,M416,M359,MG03,True,True,True,False,False,True,True,0.75,0.49,81,수락,수락,True,2026-08-06,경기,True,애프터 성사
MT02417,2026-07-09,M417,M691,MG02,True,True,True,True,True,True,True,0.25,0.55,79,수락,수락,True,2026-07-19,서울,True,애프터 성사
MT02418,2026-07-23,M418,M307,MG06,True,True,True,False,False,True,True,0.5,0.49,74,미응답,거절,False,,,,응답 대기 종료
MT02419,2026-07-14,M419,M039,MG11,False,False,True,True,True,False,False,0.25,0.55,65,거절,거절,False,,,,추천 종료
MT02420,2026-07-04,M420,M400,MG12,False,False,True,True,False,False,True,0,0.74,52,거절,거절,False,,,,추천 종료
MT02421,2026-07-03,M421,M220,MG11,False,True,True,True,False,True,False,0.5,0.69,71,미응답,미응답,False,,,,응답 대기 종료
MT02422,2026-07-18,M422,M477,MG06,True,True,True,True,False,False,False,0.25,0.47,56,수락,거절,False,,,,추천 종료
MT02423,2026-07-28,M423,M842,MG01,True,True,True,True,False,True,True,0.5,0.45,78,거절,거절,False,,,,추천 종료
MT02424,2026-07-22,M424,M775,MG03,False,False,True,True,True,True,True,0.75,0.66,86,미응답,수락,False,,,,응답 대기 종료
MT02425,2026-07-19,M425,M785,MG10,False,False,True,True,False,True,True,0.25,0.37,65,거절,거절,False,,,,추천 종료
MT02426,2026-07-16,M426,M900,MG12,True,True,False,True,False,False,True,0.5,0.59,77,거절,미응답,False,,,,응답 대기 종료
MT02427,2026-07-10,M427,M542,MG08,False,True,True,True,False,False,True,0.25,0.79,69,수락,수락,True,2026-07-13,서울,True,애프터 성사
MT02428,2026-07-17,M428,M569,MG15,False,False,True,True,True,False,True,0.5,0.61,78,거절,수락,False,,,,추천 종료
MT02429,2026-07-07,M429,M877,MG05,True,True,True,True,False,False,True,0.25,0.45,67,미응답,미응답,False,,,,응답 대기 종료
MT02430,2026-07-22,M430,M875,MG13,False,False,True,True,True,False,True,0.5,0.72,73,거절,미응답,False,,,,응답 대기 종료
MT02431,2026-07-25,M431,M205,MG17,True,True,True,True,True,True,True,0.25,0.81,74,수락,미응답,False,,,,응답 대기 종료
MT02432,2026-07-26,M432,M704,MG11,False,False,True,False,False,False,True,0.75,0.71,70,미응답,거절,False,,,,응답 대기 종료
MT02433,2026-07-26,M433,M766,MG08,False,False,False,True,False,True,True,0.25,0.69,61,거절,수락,False,,,,추천 종료
MT02434,2026-07-01,M434,M228,MG19,False,False,True,True,True,False,False,0.25,0.56,66,거절,거절,False,,,,추천 종료
MT02435,2026-07-18,M435,M951,MG11,False,False,True,True,False,False,True,0.25,0.52,68,거절,수락,False,,,,추천 종료
MT02436,2026-07-24,M436,M869,MG20,True,True,True,True,True,True,False,0,0.55,77,수락,미응답,False,,,,응답 대기 종료
MT02437,2026-07-16,M437,M111,MG13,True,True,True,True,False,True,False,0,0.37,65,미응답,미응답,False,,,,응답 대기 종료
MT02438,2026-07-11,M438,M006,MG02,False,False,True,True,True,True,True,0.25,0.64,77,미응답,미응답,False,,,,응답 대기 종료
MT02439,2026-07-05,M439,M786,MG13,False,False,True,True,False,False,True,0.25,0.51,62,미응답,거절,False,,,,응답 대기 종료
MT02440,2026-07-23,M440,M157,MG05,True,True,True,True,False,False,False,0.25,0.72,67,거절,거절,False,,,,추천 종료
MT02441,2026-07-29,M441,M582,MG18,True,True,True,True,False,False,True,0.5,0.46,68,거절,미응답,False,,,,응답 대기 종료
MT02442,2026-07-12,M442,M499,MG14,True,True,True,True,False,False,True,0.25,0.41,68,거절,거절,False,,,,추천 종료
MT02443,2026-07-09,M443,M753,MG05,False,True,True,True,False,True,True,0.25,0.53,75,거절,거절,False,,,,추천 종료
MT02444,2026-07-29,M444,M626,MG15,False,False,True,True,False,True,True,0.25,0.59,76,거절,수락,False,,,,추천 종료
MT02445,2026-07-09,M445,M138,MG13,False,False,True,False,False,True,False,0.5,0.45,63,거절,거절,False,,,,추천 종료
MT02446,2026-07-02,M446,M276,MG05,False,False,True,True,True,False,True,0,0.86,74,거절,수락,False,,,,추천 종료
MT02447,2026-07-21,M447,M628,MG18,True,True,False,True,False,False,True,0.75,0.37,74,거절,미응답,False,,,,응답 대기 종료
MT02448,2026-07-17,M448,M358,MG02,False,False,True,True,False,False,True,0.5,0.64,71,수락,거절,False,,,,추천 종료
MT02449,2026-07-21,M449,M789,MG09,False,True,True,False,False,False,True,0,0.62,60,미응답,거절,False,,,,응답 대기 종료
MT02450,2026-07-14,M450,M183,MG20,True,True,False,True,False,False,False,0,0.85,59,거절,미응답,False,,,,응답 대기 종료
MT02451,2026-07-21,M451,M234,MG05,True,True,False,True,True,True,True,0.5,0.49,78,거절,수락,False,,,,추천 종료
MT02452,2026-07-05,M452,M641,MG12,True,False,False,True,False,False,True,0.75,0.47,75,거절,거절,False,,,,추천 종료
MT02453,2026-07-25,M453,M522,MG02,False,False,True,False,True,True,True,0.75,0.73,72,수락,미응답,False,,,,응답 대기 종료
MT02454,2026-07-24,M454,M710,MG17,True,True,True,True,False,False,True,0.5,0.46,65,거절,수락,False,,,,추천 종료
MT02455,2026-07-25,M455,M908,MG04,False,False,True,True,False,False,True,0.75,0.49,67,수락,미응답,False,,,,응답 대기 종료
MT02456,2026-07-04,M456,M835,MG06,True,False,True,False,True,True,True,0.25,0.58,75,수락,미응답,False,,,,응답 대기 종료
MT02457,2026-07-05,M457,M779,MG09,True,True,False,True,False,True,True,0.25,0.52,73,미응답,미응답,False,,,,응답 대기 종료
MT02458,2026-07-26,M458,M351,MG08,True,True,True,True,False,True,False,0.25,0.88,75,수락,수락,True,2026-07-31,경기,True,애프터 성사
MT02459,2026-07-05,M459,M806,MG18,True,True,True,True,False,False,True,0.25,0.42,65,수락,수락,True,2026-07-19,서울,False,첫 만남 완료
MT02460,2026-07-17,M460,M530,MG16,False,False,False,True,False,True,False,0.25,0.58,63,미응답,거절,False,,,,응답 대기 종료
MT02461,2026-07-05,M461,M250,MG19,False,False,True,True,False,True,True,0.75,0.76,76,수락,수락,True,2026-07-13,서울,True,애프터 성사
MT02462,2026-07-06,M462,M810,MG03,False,False,True,True,False,True,True,0.25,0.52,61,미응답,거절,False,,,,응답 대기 종료
MT02463,2026-07-24,M463,M348,MG08,True,True,True,True,True,True,True,0.25,0.59,83,거절,수락,False,,,,추천 종료
MT02464,2026-07-15,M464,M931,MG04,False,False,False,True,False,False,True,0.5,0.61,65,수락,거절,False,,,,추천 종료
MT02465,2026-07-22,M465,M663,MG06,False,False,True,True,False,True,False,0,0.52,67,거절,거절,False,,,,추천 종료
MT02466,2026-07-01,M466,M648,MG11,False,False,False,True,True,True,True,0.75,0.34,78,수락,수락,True,2026-07-08,서울,False,첫 만남 완료
MT02467,2026-07-12,M467,M393,MG07,False,False,False,True,False,False,True,0.25,0.61,62,거절,수락,False,,,,추천 종료
MT02468,2026-07-07,M468,M414,MG05,True,True,False,True,False,False,False,0.25,0.58,69,수락,거절,False,,,,추천 종료
MT02469,2026-07-04,M469,M322,MG18,False,False,True,True,False,True,True,0.5,0.45,69,거절,거절,False,,,,추천 종료
MT02470,2026-07-14,M470,M071,MG04,True,True,True,True,False,False,False,0,0.51,55,거절,거절,False,,,,추천 종료
MT02471,2026-07-21,M471,M488,MG10,False,False,True,True,False,True,True,0.5,0.88,76,미응답,미응답,False,,,,응답 대기 종료
MT02472,2026-07-23,M472,M435,MG01,True,True,False,True,False,False,False,0.25,0.49,60,거절,거절,False,,,,추천 종료
MT02473,2026-07-23,M473,M959,MG06,True,True,True,False,True,True,True,0.5,0.99,90,수락,거절,False,,,,추천 종료
MT02474,2026-07-03,M474,M731,MG01,True,True,False,True,False,False,False,0.25,0.48,55,거절,거절,False,,,,추천 종료
MT02475,2026-07-01,M475,M187,MG14,False,False,True,True,True,False,True,0.5,0.71,77,미응답,미응답,False,,,,응답 대기 종료
MT02476,2026-07-30,M476,M632,MG02,True,True,True,False,False,False,True,0.25,0.52,76,수락,수락,True,2026-08-03,대전,False,첫 만남 완료
MT02477,2026-07-26,M477,M644,MG13,True,True,True,True,False,True,True,0.5,0.74,66,미응답,거절,False,,,,응답 대기 종료
MT02478,2026-07-13,M478,M580,MG05,False,False,True,False,False,False,True,0.5,0.5,72,미응답,미응답,False,,,,응답 대기 종료
MT02479,2026-07-24,M479,M281,MG12,False,False,False,True,True,False,False,0,0.91,62,거절,미응답,False,,,,응답 대기 종료
MT02480,2026-07-07,M480,M472,MG02,False,False,True,True,False,True,False,0.25,0.83,60,미응답,미응답,False,,,,응답 대기 종료
MT02481,2026-07-13,M481,M368,MG06,False,False,False,True,True,True,True,0.25,0.43,69,거절,거절,False,,,,추천 종료
MT02482,2026-07-09,M482,M510,MG10,False,False,True,True,False,True,False,0.5,0.24,70,미응답,미응답,False,,,,응답 대기 종료
MT02483,2026-07-22,M483,M753,MG08,False,False,True,True,True,True,False,0.25,0.58,69,거절,수락,False,,,,추천 종료
MT02484,2026-07-11,M484,M095,MG01,True,True,True,False,False,True,True,0.25,0.56,73,거절,미응답,False,,,,응답 대기 종료
MT02485,2026-07-30,M485,M791,MG07,False,False,False,True,False,True,False,0.25,0.73,67,수락,수락,True,2026-08-11,서울,True,애프터 성사
MT02486,2026-07-22,M486,M981,MG05,False,False,False,True,False,False,False,0.25,0.72,55,수락,수락,False,,,,추천 종료
MT02487,2026-07-26,M487,M556,MG09,False,False,False,True,False,True,False,0.25,0.67,61,거절,거절,False,,,,추천 종료
MT02488,2026-07-11,M488,M228,MG04,True,False,True,True,True,True,True,0.25,0.61,72,미응답,미응답,False,,,,응답 대기 종료
MT02489,2026-07-06,M489,M469,MG05,False,False,False,True,False,False,True,0.25,0.75,63,미응답,수락,False,,,,응답 대기 종료
MT02490,2026-07-23,M490,M363,MG17,True,False,True,False,True,True,True,0.5,0.64,69,거절,수락,False,,,,추천 종료
MT02491,2026-07-09,M491,M082,MG06,False,False,True,False,True,True,True,0.5,0.47,73,미응답,수락,False,,,,응답 대기 종료
MT02492,2026-07-27,M492,M986,MG20,False,False,True,True,False,False,True,0.25,0.36,62,미응답,거절,False,,,,응답 대기 종료
MT02493,2026-07-01,M493,M652,MG07,True,True,True,False,False,False,True,0.5,0.52,71,미응답,미응답,False,,,,응답 대기 종료
MT02494,2026-07-20,M494,M192,MG03,True,True,False,True,False,False,True,0,0.58,63,수락,거절,False,,,,추천 종료
MT02495,2026-07-14,M495,M951,MG08,True,True,False,True,True,True,True,1,0.32,86,미응답,수락,False,,,,응답 대기 종료
MT02496,2026-07-11,M496,M649,MG20,False,False,True,True,True,False,False,0.5,0.64,65,거절,거절,False,,,,추천 종료
MT02497,2026-07-02,M497,M667,MG15,True,True,True,False,False,False,True,0.25,0.57,67,거절,거절,False,,,,추천 종료
MT02498,2026-07-20,M498,M348,MG05,False,False,True,True,True,False,True,0.75,0.36,74,미응답,수락,False,,,,응답 대기 종료
MT02499,2026-07-14,M499,M751,MG01,False,False,True,True,True,True,False,0,0.62,69,거절,수락,False,,,,추천 종료
MT02500,2026-07-24,M500,M028,MG04,True,True,True,True,True,False,False,0.5,0.45,74,미응답,거절,False,,,,응답 대기 종료
MT02501,2026-07-28,M501,M917,MG04,True,True,True,False,True,True,True,0.5,0.42,77,수락,미응답,False,,,,응답 대기 종료
MT02502,2026-07-20,M502,M348,MG14,False,False,True,True,False,True,True,0.25,0.58,68,미응답,수락,False,,,,응답 대기 종료
MT02503,2026-07-17,M503,M668,MG07,False,False,True,True,True,True,True,0,0.61,73,미응답,미응답,False,,,,응답 대기 종료
MT02504,2026-07-12,M504,M421,MG14,False,False,False,True,False,False,True,0.25,0.31,59,거절,미응답,False,,,,응답 대기 종료
MT02505,2026-07-10,M505,M761,MG15,False,False,True,False,False,False,True,0.25,0.47,56,미응답,거절,False,,,,응답 대기 종료
MT02506,2026-07-26,M506,M843,MG01,False,False,True,False,False,False,True,0.25,0.76,57,미응답,미응답,False,,,,응답 대기 종료
MT02507,2026-07-24,M507,M415,MG12,True,True,True,True,False,True,True,0.25,0.73,73,미응답,미응답,False,,,,응답 대기 종료
MT02508,2026-07-11,M508,M845,MG03,True,True,True,True,False,False,True,0.5,0.56,78,거절,미응답,False,,,,응답 대기 종료
MT02509,2026-07-03,M509,M214,MG07,True,False,False,True,False,True,False,0.25,0.95,70,거절,수락,False,,,,추천 종료
MT02510,2026-07-18,M510,M369,MG01,False,True,True,True,False,True,False,0.25,0.4,63,미응답,수락,False,,,,응답 대기 종료
MT02511,2026-07-11,M511,M062,MG01,True,False,False,True,False,False,True,0.25,0.37,51,미응답,미응답,False,,,,응답 대기 종료
MT02512,2026-07-20,M512,M200,MG12,True,True,True,False,True,True,False,0.75,0.45,74,거절,거절,False,,,,추천 종료
MT02513,2026-07-16,M513,M095,MG17,True,True,True,False,True,True,True,0.5,0.98,88,거절,거절,False,,,,추천 종료
MT02514,2026-07-07,M514,M393,MG10,False,True,True,True,True,False,True,0.5,0.45,81,수락,미응답,False,,,,응답 대기 종료
MT02515,2026-07-06,M515,M596,MG15,True,False,True,True,False,True,True,1,0.64,83,미응답,미응답,False,,,,응답 대기 종료
MT02516,2026-07-04,M516,M986,MG20,True,True,True,True,True,False,True,0.5,0.53,86,미응답,미응답,False,,,,응답 대기 종료
MT02517,2026-07-13,M517,M732,MG01,False,True,False,True,False,True,True,0.25,0.4,65,수락,미응답,False,,,,응답 대기 종료
MT02518,2026-07-21,M518,M167,MG20,True,False,True,True,True,True,True,0.25,0.71,78,거절,거절,False,,,,추천 종료
MT02519,2026-07-25,M519,M206,MG04,True,True,True,False,True,False,True,0.25,0.57,66,미응답,미응답,False,,,,응답 대기 종료
MT02520,2026-07-30,M520,M647,MG09,True,True,True,True,False,True,True,0,0.75,69,수락,미응답,False,,,,응답 대기 종료
MT02521,2026-07-03,M521,M506,MG02,False,False,True,True,False,False,False,0,0.65,52,거절,거절,False,,,,추천 종료
MT02522,2026-07-03,M522,M335,MG19,False,False,False,True,False,True,True,0.25,0.62,59,미응답,미응답,False,,,,응답 대기 종료
MT02523,2026-07-02,M523,M747,MG12,True,True,True,True,False,True,True,0.5,0.7,74,수락,수락,True,2026-07-08,서울,True,애프터 성사
MT02524,2026-07-14,M524,M614,MG08,True,True,True,True,False,True,False,0,0.24,66,수락,미응답,False,,,,응답 대기 종료
MT02525,2026-07-01,M525,M241,MG05,True,True,True,False,False,False,True,0.75,0.5,74,거절,수락,False,,,,추천 종료
MT02526,2026-07-15,M526,M248,MG05,False,False,True,True,False,True,False,0.25,0.8,71,수락,미응답,False,,,,응답 대기 종료
MT02527,2026-07-28,M527,M598,MG10,True,True,True,True,False,True,False,0,0.34,58,수락,거절,False,,,,추천 종료
MT02528,2026-07-19,M528,M328,MG11,False,False,True,True,True,False,False,0.25,0.7,68,미응답,거절,False,,,,응답 대기 종료
MT02529,2026-07-08,M529,M636,MG05,False,False,True,True,False,True,True,0.25,0.3,67,거절,수락,False,,,,추천 종료
MT02530,2026-07-06,M530,M460,MG09,False,False,True,False,False,True,False,0.25,0.74,65,수락,미응답,False,,,,응답 대기 종료
MT02531,2026-07-16,M531,M532,MG19,True,False,True,False,False,True,True,0.5,0.79,71,거절,미응답,False,,,,응답 대기 종료
MT02532,2026-07-10,M532,M164,MG04,False,False,True,True,False,True,True,0,0.35,59,미응답,미응답,False,,,,응답 대기 종료
MT02533,2026-07-09,M533,M225,MG13,False,False,True,True,False,True,True,0.25,0.86,69,수락,수락,True,2026-07-18,서울,False,첫 만남 완료
MT02534,2026-07-14,M534,M453,MG17,False,False,True,True,False,True,True,0.5,0.63,67,거절,수락,False,,,,추천 종료
MT02535,2026-07-17,M535,M566,MG06,False,False,True,True,False,True,True,0.25,0.78,72,거절,거절,False,,,,추천 종료
MT02536,2026-07-07,M536,M662,MG13,False,False,True,False,True,True,True,0.75,0.78,80,거절,미응답,False,,,,응답 대기 종료
MT02537,2026-07-30,M537,M215,MG11,False,False,True,True,False,False,True,0.25,0.41,59,미응답,미응답,False,,,,응답 대기 종료
MT02538,2026-07-30,M538,M325,MG09,False,False,True,True,False,False,False,0.25,0.66,59,거절,미응답,False,,,,응답 대기 종료
MT02539,2026-07-30,M539,M552,MG16,True,True,False,True,True,True,True,0.25,0.52,70,수락,미응답,False,,,,응답 대기 종료
MT02540,2026-07-28,M540,M939,MG16,False,True,True,True,False,True,True,0.5,0.82,78,수락,수락,True,2026-07-31,서울,False,첫 만남 완료
MT02541,2026-07-05,M541,M839,MG07,True,True,True,True,False,True,True,0.5,0.65,76,수락,미응답,False,,,,응답 대기 종료
MT02542,2026-07-19,M542,M840,MG10,False,False,True,True,False,False,True,0.5,0.84,78,수락,거절,False,,,,추천 종료
MT02543,2026-07-16,M543,M881,MG15,False,False,True,False,False,False,True,0.5,0.7,64,수락,미응답,False,,,,응답 대기 종료
MT02544,2026-07-03,M544,M062,MG20,True,False,False,True,False,True,True,0.5,0.65,72,거절,거절,False,,,,추천 종료
MT02545,2026-07-28,M545,M900,MG16,True,True,False,False,True,True,True,0.25,0.36,72,거절,거절,False,,,,추천 종료
MT02546,2026-07-05,M546,M672,MG14,False,False,False,True,False,True,True,0.5,0.61,67,거절,미응답,False,,,,응답 대기 종료
MT02547,2026-07-18,M547,M937,MG17,False,False,True,True,False,True,True,0.5,0.68,80,수락,미응답,False,,,,응답 대기 종료
MT02548,2026-07-11,M548,M460,MG02,False,True,False,False,False,False,False,0.25,0.53,49,거절,미응답,False,,,,응답 대기 종료
MT02549,2026-07-25,M549,M771,MG03,False,True,True,False,False,False,True,0.5,0.54,69,거절,수락,False,,,,추천 종료
MT02550,2026-07-20,M550,M172,MG09,False,False,True,True,False,True,False,0.25,0.74,68,거절,거절,False,,,,추천 종료
MT02551,2026-07-03,M551,M957,MG06,True,True,True,True,False,False,True,0.25,0.57,71,미응답,거절,False,,,,응답 대기 종료
MT02552,2026-07-04,M552,M931,MG13,False,False,True,True,False,False,True,0.25,0.69,62,수락,수락,True,2026-07-11,서울,False,첫 만남 완료
MT02553,2026-07-29,M553,M886,MG17,False,False,False,True,False,False,True,0.5,0.44,61,거절,수락,False,,,,추천 종료
MT02554,2026-07-27,M554,M628,MG15,True,True,True,True,True,False,True,0.25,0.87,84,수락,수락,True,2026-08-07,서울,False,첫 만남 완료
MT02555,2026-07-28,M555,M854,MG12,True,True,True,True,False,True,True,0.5,0.55,83,거절,거절,False,,,,추천 종료
MT02556,2026-07-22,M556,M119,MG16,True,True,False,True,False,True,False,0.25,0.41,66,거절,거절,False,,,,추천 종료
MT02557,2026-07-24,M557,M518,MG17,True,True,True,True,False,True,True,0.75,0.31,76,수락,거절,False,,,,추천 종료
MT02558,2026-07-03,M558,M467,MG08,False,False,True,False,False,True,True,0.5,0.67,72,미응답,수락,False,,,,응답 대기 종료
MT02559,2026-07-09,M559,M058,MG14,False,False,True,True,True,False,True,0.75,0.53,83,수락,미응답,False,,,,응답 대기 종료
MT02560,2026-07-15,M560,M790,MG16,True,True,True,True,True,False,False,0,0.82,73,거절,미응답,False,,,,응답 대기 종료
MT02561,2026-07-04,M561,M263,MG08,True,True,True,True,False,False,True,0.25,0.88,81,거절,거절,False,,,,추천 종료
MT02562,2026-07-08,M562,M207,MG17,True,False,True,True,False,False,True,0.25,0.56,67,거절,미응답,False,,,,응답 대기 종료
MT02563,2026-07-12,M563,M038,MG11,True,True,True,False,True,True,True,0.5,0.29,78,미응답,미응답,False,,,,응답 대기 종료
MT02564,2026-07-03,M564,M511,MG06,True,True,True,True,False,True,True,0.25,0.96,76,수락,수락,True,2026-07-09,대전,False,첫 만남 완료
MT02565,2026-07-06,M565,M920,MG09,False,False,True,False,False,True,True,0.5,0.54,75,수락,수락,True,2026-07-19,경남,True,애프터 성사
MT02566,2026-07-09,M566,M285,MG09,False,True,True,False,False,True,False,0.25,0.59,59,미응답,미응답,False,,,,응답 대기 종료
MT02567,2026-07-21,M567,M035,MG04,False,False,False,True,True,False,False,0.25,0.48,65,수락,거절,False,,,,추천 종료
MT02568,2026-07-29,M568,M550,MG12,True,True,True,True,False,True,False,0.25,0.57,70,거절,거절,False,,,,추천 종료
MT02569,2026-07-22,M569,M018,MG18,False,False,True,False,False,False,True,0.5,0.59,63,거절,미응답,False,,,,응답 대기 종료
MT02570,2026-07-04,M570,M782,MG10,False,True,True,True,False,True,True,0.5,0.6,72,거절,거절,False,,,,추천 종료
MT02571,2026-07-07,M571,M290,MG05,True,True,False,True,True,True,True,0.5,0.89,89,거절,수락,False,,,,추천 종료
MT02572,2026-07-21,M572,M213,MG06,False,False,True,False,True,False,True,0.5,0.72,75,미응답,미응답,False,,,,응답 대기 종료
MT02573,2026-07-02,M573,M237,MG16,True,True,False,True,False,False,True,0.75,0.65,81,미응답,미응답,False,,,,응답 대기 종료
MT02574,2026-07-26,M574,M518,MG05,True,True,True,True,False,True,True,0.75,0.35,65,수락,거절,False,,,,추천 종료
MT02575,2026-07-09,M575,M412,MG09,True,True,True,True,False,True,True,0,0.71,75,거절,미응답,False,,,,응답 대기 종료
MT02576,2026-07-07,M576,M616,MG11,True,True,True,True,False,False,True,0.25,0.69,73,미응답,수락,False,,,,응답 대기 종료
MT02577,2026-07-08,M577,M873,MG17,True,False,True,False,False,False,False,0.5,0.4,57,미응답,미응답,False,,,,응답 대기 종료
MT02578,2026-07-06,M578,M848,MG06,True,True,True,False,True,True,False,0.25,0.58,72,미응답,수락,False,,,,응답 대기 종료
MT02579,2026-07-15,M579,M567,MG03,False,False,True,False,False,True,True,0.5,0.56,75,미응답,수락,False,,,,응답 대기 종료
MT02580,2026-07-26,M580,M748,MG14,True,True,False,True,False,False,True,1,0.64,83,거절,수락,False,,,,추천 종료
MT02581,2026-07-05,M581,M991,MG03,True,False,True,True,False,False,True,0.5,0.53,74,거절,거절,False,,,,추천 종료
MT02582,2026-07-21,M582,M820,MG12,False,False,True,True,False,False,True,0.25,0.58,64,미응답,미응답,False,,,,응답 대기 종료
MT02583,2026-07-11,M583,M251,MG09,False,True,False,True,False,True,True,0.25,0.51,70,거절,미응답,False,,,,응답 대기 종료
MT02584,2026-07-01,M584,M799,MG11,True,True,True,False,False,False,False,0.75,0.5,65,거절,수락,False,,,,추천 종료
MT02585,2026-07-05,M585,M264,MG03,False,False,True,True,True,False,False,0.25,0.32,62,미응답,수락,False,,,,응답 대기 종료
MT02586,2026-07-02,M586,M593,MG18,True,False,False,True,False,False,True,0.25,0.47,68,거절,거절,False,,,,추천 종료
MT02587,2026-07-15,M587,M252,MG15,False,False,True,True,True,False,True,0.25,0.79,65,거절,미응답,False,,,,응답 대기 종료
MT02588,2026-07-17,M588,M333,MG20,False,False,False,True,False,False,True,0.5,0.77,54,미응답,거절,False,,,,응답 대기 종료
MT02589,2026-07-19,M589,M905,MG10,False,True,True,True,False,False,True,0.5,0.66,72,수락,수락,True,2026-07-25,부산,False,첫 만남 완료
MT02590,2026-07-28,M590,M090,MG02,True,False,True,False,False,True,True,0.25,0.81,65,수락,거절,False,,,,추천 종료
MT02591,2026-07-22,M591,M365,MG13,True,False,True,False,False,False,True,0.75,0.79,65,수락,거절,False,,,,추천 종료
MT02592,2026-07-13,M592,M590,MG08,False,False,False,True,False,False,True,0.5,0.59,66,거절,수락,False,,,,추천 종료
MT02593,2026-07-06,M593,M199,MG13,False,True,True,False,False,False,True,0.5,0.27,58,미응답,거절,False,,,,응답 대기 종료
MT02594,2026-07-12,M594,M215,MG12,True,True,True,True,False,False,True,0.25,0.97,77,미응답,미응답,False,,,,응답 대기 종료
MT02595,2026-07-28,M595,M733,MG10,True,True,False,True,False,True,True,0.25,0.59,72,수락,미응답,False,,,,응답 대기 종료
MT02596,2026-07-23,M596,M221,MG09,False,False,False,True,False,True,True,0.5,0.7,70,수락,수락,True,2026-08-01,경기,True,애프터 성사
MT02597,2026-07-22,M597,M009,MG08,True,True,True,True,False,True,False,0.25,0.44,66,거절,수락,False,,,,추천 종료
MT02598,2026-07-25,M598,M487,MG07,True,False,True,True,False,False,False,0,0.72,68,미응답,거절,False,,,,응답 대기 종료
MT02599,2026-07-26,M599,M295,MG15,True,True,True,True,False,False,True,0.5,0.8,72,거절,미응답,False,,,,응답 대기 종료
MT02600,2026-07-13,M600,M356,MG03,True,False,True,True,True,False,True,0.25,0.14,73,거절,미응답,False,,,,응답 대기 종료
MT02601,2026-07-08,M601,M220,MG01,True,True,True,True,False,False,True,0.75,0.65,73,미응답,미응답,False,,,,응답 대기 종료
MT02602,2026-07-28,M602,M917,MG05,True,True,False,True,False,False,False,0,0.54,58,거절,,False,,,,추천 종료
MT02603,2026-07-17,M603,M831,MG19,True,True,False,True,False,False,True,0.75,0.63,75,거절,수락,False,,,,추천 종료
MT02604,2026-07-27,M604,M140,MG18,True,False,False,True,False,True,True,0.5,0.66,72,미응답,거절,False,,,,응답 대기 종료
MT02605,2026-07-16,M605,M419,MG14,False,False,False,True,False,False,True,0.25,0.64,57,수락,수락,True,2026-07-21,서울,True,애프터 성사
MT02606,2026-07-23,M606,M428,MG08,False,False,True,True,True,True,True,0.25,0.76,81,수락,수락,False,,,,추천 종료
MT02607,2026-07-23,M607,M681,MG08,False,False,True,False,False,True,True,0.5,0.66,67,미응답,수락,False,,,,응답 대기 종료
MT02608,2026-07-24,M608,M690,MG01,False,False,True,True,False,True,True,0.25,0.88,71,미응답,거절,False,,,,응답 대기 종료
MT02609,2026-07-17,M609,M510,MG16,False,False,False,True,False,True,True,0.5,0.46,61,거절,거절,False,,,,추천 종료
MT02610,2026-07-06,M610,M784,MG18,True,True,True,False,True,False,True,0.5,0.63,72,미응답,수락,False,,,,응답 대기 종료
MT02611,2026-07-27,M611,M101,MG17,True,False,True,True,False,False,False,0,0.37,58,거절,거절,False,,,,추천 종료
MT02612,2026-07-13,M612,M121,MG08,True,True,True,False,False,False,True,0.75,0.72,77,거절,미응답,False,,,,응답 대기 종료
MT02613,2026-07-14,M613,M959,MG08,True,True,False,True,True,False,True,0.25,0.75,65,수락,거절,False,,,,추천 종료
MT02614,2026-07-10,M614,M416,MG02,False,False,True,True,False,True,True,0.25,0.52,62,미응답,수락,False,,,,응답 대기 종료
MT02615,2026-07-09,M615,M105,MG08,True,True,True,True,False,True,True,0.25,0.49,74,미응답,미응답,False,,,,응답 대기 종료
MT02616,2026-07-17,M616,M716,MG13,False,False,True,True,False,False,True,0.25,0.29,65,미응답,수락,False,,,,응답 대기 종료
MT02617,2026-07-27,M617,M926,MG02,False,False,True,True,False,False,True,0.75,0.58,64,수락,수락,False,,,,추천 종료
MT02618,2026-07-14,M618,M043,MG17,True,True,False,True,False,False,True,0.25,0.62,63,거절,거절,False,,,,추천 종료
MT02619,2026-07-18,M619,M588,MG02,False,False,True,False,False,True,True,0.5,0.61,68,거절,미응답,False,,,,응답 대기 종료
MT02620,2026-07-18,M620,M165,MG17,True,True,True,True,False,False,True,0.5,0.56,74,수락,미응답,False,,,,응답 대기 종료
MT02621,2026-07-26,M621,M596,MG06,True,False,True,False,True,True,True,0.5,0.58,78,수락,미응답,False,,,,응답 대기 종료
MT02622,2026-07-22,M622,M588,MG02,True,True,True,True,False,True,True,0.25,0.67,76,미응답,미응답,False,,,,응답 대기 종료
MT02623,2026-07-06,M623,M616,MG01,True,True,True,True,False,False,True,0.25,0.44,73,미응답,미응답,False,,,,응답 대기 종료
MT02624,2026-07-07,M624,M165,MG01,True,False,True,True,True,True,True,0.25,0.71,80,수락,수락,True,2026-07-21,서울,False,첫 만남 완료
MT02625,2026-07-14,M625,M964,MG10,True,False,True,True,True,True,False,0,0.71,75,수락,수락,False,,,,추천 종료
MT02626,2026-07-22,M626,M337,MG04,False,False,True,False,False,True,True,0.75,0.68,73,수락,미응답,False,,,,응답 대기 종료
MT02627,2026-07-13,M627,M284,MG11,False,False,True,False,False,False,False,0,0.95,57,거절,수락,False,,,,추천 종료
MT02628,2026-07-26,M628,M988,MG20,True,True,True,False,False,True,True,0.75,0.58,82,수락,수락,False,,,,추천 종료
MT02629,2026-07-10,M629,M696,MG01,True,True,False,True,False,True,True,0.75,0.56,82,거절,수락,False,,,,추천 종료
MT02630,2026-07-26,M630,M705,MG13,False,False,True,True,False,False,True,0.25,0.69,58,거절,미응답,False,,,,응답 대기 종료
MT02631,2026-07-01,M631,M754,MG13,False,True,True,True,False,False,False,0,0.37,61,미응답,거절,False,,,,응답 대기 종료
MT02632,2026-07-14,M632,M255,MG01,False,False,True,True,False,True,True,0.5,0.53,75,거절,수락,False,,,,추천 종료
MT02633,2026-07-09,M633,M857,MG17,False,True,True,False,False,True,True,0.25,0.57,67,미응답,수락,False,,,,응답 대기 종료
MT02634,2026-07-25,M634,M608,MG12,False,False,True,True,False,True,True,0.5,0.56,72,수락,미응답,False,,,,응답 대기 종료
MT02635,2026-07-21,M635,M771,MG05,True,True,True,False,False,True,True,0.5,0.56,77,미응답,미응답,False,,,,응답 대기 종료
MT02636,2026-07-17,M636,M674,MG14,False,True,True,True,False,False,True,0,0.6,73,미응답,수락,False,,,,응답 대기 종료
MT02637,2026-07-21,M637,M940,MG02,False,False,True,False,False,False,True,0.25,0.41,55,미응답,거절,False,,,,응답 대기 종료
MT02638,2026-07-03,M638,M409,MG12,False,False,True,True,True,False,True,0.25,0.47,71,미응답,수락,False,,,,응답 대기 종료
MT02639,2026-07-12,M639,M071,MG06,False,False,False,True,False,False,True,0,0.73,54,거절,거절,False,,,,추천 종료
MT02640,2026-07-22,M640,M499,MG16,True,False,False,True,False,False,True,0.25,0.61,70,거절,거절,False,,,,추천 종료
MT02641,2026-07-10,M641,M040,MG12,False,False,True,False,False,True,True,0.25,0.9,64,거절,미응답,False,,,,응답 대기 종료
MT02642,2026-07-19,M642,M546,MG01,False,False,True,False,True,False,True,0.5,0.53,74,거절,수락,False,,,,추천 종료
MT02643,2026-07-07,M643,M839,MG04,False,False,True,True,True,True,False,0.25,0.26,69,수락,미응답,False,,,,응답 대기 종료
MT02644,2026-07-23,M644,M099,MG02,True,True,True,False,False,True,True,0.5,0.46,74,미응답,수락,False,,,,응답 대기 종료
MT02645,2026-07-12,M645,M137,MG15,False,False,True,True,True,False,True,0.75,0.58,74,미응답,거절,False,,,,응답 대기 종료
MT02646,2026-07-07,M646,M460,MG10,False,True,True,False,False,True,False,0.5,0.36,61,거절,거절,False,,,,추천 종료
MT02647,2026-07-28,M647,M472,MG04,False,False,True,True,False,True,True,0.25,0.49,66,미응답,거절,False,,,,응답 대기 종료
MT02648,2026-07-02,M648,M844,MG19,False,False,True,False,False,False,False,0.5,0.22,51,거절,수락,False,,,,추천 종료
MT02649,2026-07-10,M649,M495,MG08,False,False,True,False,False,False,False,0.5,0.57,60,미응답,거절,False,,,,응답 대기 종료
MT02650,2026-07-17,M650,M838,MG20,True,False,True,False,True,True,True,0.25,0.62,62,거절,미응답,False,,,,응답 대기 종료
MT02651,2026-07-16,M651,M911,MG12,False,False,True,True,True,True,True,0.5,0.4,76,거절,수락,False,,,,추천 종료
MT02652,2026-07-05,M652,M679,MG20,True,True,False,True,False,True,True,0.75,0.71,80,수락,수락,False,,,,추천 종료
MT02653,2026-07-01,M653,M354,MG12,True,True,True,True,True,False,False,0.25,0.86,81,수락,수락,True,2026-07-05,대구,False,첫 만남 완료
MT02654,2026-07-05,M654,M324,MG11,True,False,True,True,False,False,False,0.25,0.57,66,수락,미응답,False,,,,응답 대기 종료
MT02655,2026-07-29,M655,M410,MG08,False,False,False,True,False,True,False,0.5,0.81,60,미응답,거절,False,,,,응답 대기 종료
MT02656,2026-07-15,M656,M336,MG20,True,True,True,True,False,False,False,0,0.37,63,거절,수락,False,,,,추천 종료
MT02657,2026-07-15,M657,M319,MG08,True,True,True,True,False,True,True,0.25,0.79,83,미응답,수락,False,,,,응답 대기 종료
MT02658,2026-07-08,M658,M843,MG08,False,False,True,False,False,True,True,0.25,0.69,62,거절,미응답,False,,,,응답 대기 종료
MT02659,2026-07-17,M659,M868,MG06,True,False,False,True,False,False,True,0.5,0.3,66,미응답,미응답,False,,,,응답 대기 종료
MT02660,2026-07-16,M660,M154,MG06,False,True,True,True,False,True,True,0.25,0.64,68,수락,미응답,False,,,,응답 대기 종료
MT02661,2026-07-10,M661,M238,MG13,False,False,True,True,True,False,False,0.25,0.88,65,미응답,수락,False,,,,응답 대기 종료
MT02662,2026-07-30,M662,M712,MG03,False,True,False,True,True,True,True,0.75,0.85,78,미응답,미응답,False,,,,응답 대기 종료
MT02663,2026-07-13,M663,M781,MG18,True,True,True,True,False,True,True,0.5,0.82,69,미응답,수락,False,,,,응답 대기 종료
MT02664,2026-07-09,M664,M343,MG05,False,False,True,False,True,False,False,0.5,0.47,67,거절,미응답,False,,,,응답 대기 종료
MT02665,2026-07-20,M665,M911,MG18,True,False,True,True,False,False,True,0.25,0.1,66,거절,거절,False,,,,추천 종료
MT02666,2026-07-19,M666,M197,MG19,True,True,False,True,False,False,False,0,0.54,53,미응답,거절,False,,,,응답 대기 종료
MT02667,2026-07-25,M667,M246,MG15,True,False,True,False,False,True,True,0.25,0.69,66,거절,수락,False,,,,추천 종료
MT02668,2026-07-30,M668,M045,MG07,False,False,True,False,False,True,True,0,0.9,61,거절,거절,False,,,,추천 종료
MT02669,2026-07-13,M669,M588,MG16,True,False,True,False,False,False,True,0.25,0.5,67,거절,미응답,False,,,,응답 대기 종료
MT02670,2026-07-07,M670,M835,MG16,True,False,True,False,False,True,True,0.5,0.56,70,미응답,미응답,False,,,,응답 대기 종료
MT02671,2026-07-23,M671,M680,MG09,False,False,True,True,False,True,True,0.25,0.51,71,미응답,수락,False,,,,응답 대기 종료
MT02672,2026-07-20,M672,M823,MG12,True,True,True,False,False,False,True,0.5,0.42,72,수락,거절,False,,,,추천 종료
MT02673,2026-07-23,M673,M925,MG12,True,True,True,True,True,True,True,0.25,0.55,82,거절,수락,False,,,,추천 종료
MT02674,2026-07-27,M674,M443,MG18,True,False,True,True,False,True,True,0.5,0.27,76,거절,미응답,False,,,,응답 대기 종료
MT02675,2026-07-12,M675,M075,MG02,True,True,False,True,False,True,True,0,0.35,70,거절,수락,False,,,,추천 종료
MT02676,2026-07-13,M676,M467,MG08,True,True,True,True,False,True,True,0.25,0.84,73,수락,거절,False,,,,추천 종료
MT02677,2026-07-03,M677,M408,MG16,True,True,False,True,False,False,True,0.25,0.47,59,수락,거절,False,,,,추천 종료
MT02678,2026-07-26,M678,M894,MG05,True,True,False,True,False,False,True,0,0.7,58,거절,거절,False,,,,추천 종료
MT02679,2026-07-27,M679,M057,MG16,False,False,True,True,False,True,True,0.5,0.56,75,미응답,수락,False,,,,응답 대기 종료
MT02680,2026-07-11,M680,M288,MG13,False,False,True,False,False,True,True,0,0.43,56,미응답,거절,False,,,,응답 대기 종료
MT02681,2026-07-05,M681,M589,MG05,False,True,False,True,True,True,True,0.25,0.47,67,거절,수락,False,,,,추천 종료
MT02682,2026-07-20,M682,M552,MG10,True,True,False,True,True,False,True,0.25,0.69,78,수락,거절,False,,,,추천 종료
MT02683,2026-07-17,M683,M482,MG11,False,False,True,True,False,True,False,0.25,0.69,71,미응답,수락,False,,,,응답 대기 종료
MT02684,2026-07-20,M684,M997,MG08,False,False,False,True,False,True,True,0.75,0.64,63,거절,미응답,False,,,,응답 대기 종료
MT02685,2026-07-23,M685,M648,MG19,False,False,False,True,False,False,True,0.25,0.88,53,거절,거절,False,,,,추천 종료
MT02686,2026-07-12,M686,M700,MG12,True,True,False,True,True,False,False,0,0.67,70,미응답,미응답,False,,,,응답 대기 종료
MT02687,2026-07-07,M687,M335,MG10,True,True,True,True,False,False,True,0,0.33,49,거절,거절,False,,,,추천 종료
MT02688,2026-07-22,M688,M436,MG06,True,True,True,True,True,True,True,0.25,0.48,84,거절,수락,False,,,,추천 종료
MT02689,2026-07-20,M689,M266,MG06,False,False,False,True,True,False,True,0.5,0.47,71,수락,미응답,False,,,,응답 대기 종료
MT02690,2026-07-11,M690,M800,MG20,False,True,True,True,False,True,False,0.25,0.67,68,거절,거절,False,,,,추천 종료
MT02691,2026-07-10,M691,M686,MG15,True,True,True,False,True,False,False,0,0.49,68,수락,미응답,False,,,,응답 대기 종료
MT02692,2026-07-25,M692,M570,MG15,False,False,False,True,False,False,True,0,0.48,57,미응답,미응답,False,,,,응답 대기 종료
MT02693,2026-07-25,M693,M629,MG12,False,False,True,True,True,False,True,0.25,0.5,72,거절,수락,False,,,,추천 종료
MT02694,2026-07-22,M694,M440,MG01,True,True,True,True,True,True,False,0,0.27,69,거절,수락,False,,,,추천 종료
MT02695,2026-07-24,M695,M571,MG19,True,False,True,True,True,True,True,0.25,0.65,73,미응답,미응답,False,,,,응답 대기 종료
MT02696,2026-07-24,M696,M203,MG02,False,False,True,True,False,False,True,0.25,0.13,64,수락,거절,False,,,,추천 종료
MT02697,2026-07-17,M697,M034,MG04,True,True,True,False,True,False,True,0.5,0.39,58,수락,거절,False,,,,추천 종료
MT02698,2026-07-02,M698,M705,MG11,True,True,True,False,False,False,True,0.25,0.71,64,수락,수락,True,2026-07-08,서울,False,첫 만남 완료
MT02699,2026-07-20,M699,M788,MG17,False,True,True,True,True,True,True,0.25,0.97,80,거절,수락,False,,,,추천 종료
MT02700,2026-07-08,M700,M170,MG08,False,False,True,True,True,False,True,0.5,0.51,78,미응답,수락,False,,,,응답 대기 종료
MT02701,2026-07-11,M701,M216,MG20,True,True,True,False,False,False,True,0.5,0.97,75,수락,거절,False,,,,추천 종료
MT02702,2026-07-10,M702,M524,MG09,False,False,True,True,True,True,False,0.25,0.17,67,거절,거절,False,,,,추천 종료
MT02703,2026-07-29,M703,M460,MG09,True,True,True,False,True,True,False,0,0.82,74,거절,미응답,False,,,,응답 대기 종료
MT02704,2026-07-21,M704,M811,MG18,False,False,False,True,True,False,True,0.5,0.62,73,미응답,수락,False,,,,응답 대기 종료
MT02705,2026-07-06,M705,M486,MG07,False,False,True,True,False,False,True,0.25,0.36,60,수락,미응답,False,,,,응답 대기 종료
MT02706,2026-07-04,M706,M894,MG12,True,True,True,False,False,False,True,0.5,0.66,65,미응답,미응답,False,,,,응답 대기 종료
MT02707,2026-07-04,M707,M931,MG16,False,True,True,True,False,False,True,0.25,0.48,67,수락,거절,False,,,,추천 종료
MT02708,2026-07-08,M708,M479,MG19,True,True,True,True,True,True,True,0.5,0.56,89,수락,거절,False,,,,추천 종료
MT02709,2026-07-22,M709,M861,MG19,True,True,True,False,True,False,True,0.5,0.76,78,수락,미응답,False,,,,응답 대기 종료
MT02710,2026-07-16,M710,M954,MG19,True,True,True,False,False,True,True,0.75,0.82,67,수락,미응답,False,,,,응답 대기 종료
MT02711,2026-07-28,M711,M447,MG09,True,True,True,False,False,True,True,0.5,0.56,74,미응답,미응답,False,,,,응답 대기 종료
MT02712,2026-07-09,M712,M103,MG18,False,False,True,True,True,True,True,0.75,0.45,79,미응답,미응답,False,,,,응답 대기 종료
MT02713,2026-07-19,M713,M859,MG13,False,False,True,True,True,True,True,0.25,0.86,79,수락,미응답,False,,,,응답 대기 종료
MT02714,2026-07-23,M714,M530,MG20,False,False,False,True,True,True,True,0.25,0.38,69,거절,수락,False,,,,추천 종료
MT02715,2026-07-17,M715,M836,MG18,True,True,True,True,False,True,True,1,0.76,85,미응답,미응답,False,,,,응답 대기 종료
MT02716,2026-07-17,M716,M009,MG06,False,False,True,True,False,False,False,0.25,0.72,69,수락,수락,True,2026-07-20,서울,False,첫 만남 완료
MT02717,2026-07-17,M717,M661,MG02,False,False,True,True,True,True,False,0,0.63,65,거절,미응답,False,,,,응답 대기 종료
MT02718,2026-07-01,M718,M260,MG18,True,True,True,True,False,False,True,0.25,0.75,72,거절,미응답,False,,,,응답 대기 종료
MT02719,2026-07-12,M719,M492,MG13,False,False,True,True,False,False,True,0.25,0.55,58,거절,수락,False,,,,추천 종료
MT02720,2026-07-25,M720,M726,MG19,False,False,False,True,True,False,False,0.25,0.45,64,미응답,거절,False,,,,응답 대기 종료
MT02721,2026-07-06,M721,M006,MG18,False,False,True,False,False,True,True,0.25,0.52,58,미응답,거절,False,,,,응답 대기 종료
MT02722,2026-07-09,M722,M797,MG10,False,False,True,True,False,True,True,0.25,0.7,69,거절,거절,False,,,,추천 종료
MT02723,2026-07-24,M723,M319,MG07,False,False,False,True,False,True,True,0.25,0.88,70,수락,수락,True,2026-07-30,서울,True,애프터 성사
MT02724,2026-07-29,M724,M135,MG04,True,True,True,True,False,False,True,0.5,0.8,78,수락,수락,True,2026-08-04,경기,True,애프터 성사
MT02725,2026-07-23,M725,M515,MG17,True,True,True,False,False,True,True,0.5,0.41,67,수락,미응답,False,,,,응답 대기 종료
MT02726,2026-07-20,M726,M731,MG17,False,False,True,False,True,False,True,0.5,0.49,61,거절,거절,False,,,,추천 종료
MT02727,2026-07-06,M727,M060,MG02,True,False,False,True,True,True,True,0.75,0.55,87,수락,수락,True,2026-07-16,인천,True,애프터 성사
MT02728,2026-07-22,M728,M004,MG04,True,False,True,True,False,False,True,0.25,0.4,59,거절,미응답,False,,,,응답 대기 종료
MT02729,2026-07-04,M729,M622,MG01,True,True,False,True,True,True,True,0.75,0.41,80,수락,수락,True,2026-07-13,서울,True,애프터 성사
MT02730,2026-07-07,M730,M839,MG14,True,True,True,True,True,False,True,0.75,0.57,83,수락,미응답,False,,,,응답 대기 종료
MT02731,2026-07-16,M731,M088,MG17,False,False,False,True,False,True,False,0,0.63,51,미응답,거절,False,,,,응답 대기 종료
MT02732,2026-07-06,M732,M312,MG09,True,True,True,True,True,False,True,0.25,0.54,82,미응답,거절,False,,,,응답 대기 종료
MT02733,2026-07-28,M733,M579,MG11,False,False,True,False,False,False,True,0,0.63,54,미응답,거절,False,,,,응답 대기 종료
MT02734,2026-07-19,M734,M852,MG02,False,False,True,True,False,False,False,0.25,0.56,64,수락,미응답,False,,,,응답 대기 종료
MT02735,2026-07-12,M735,M533,MG05,False,False,True,True,False,False,False,0.5,0.86,68,수락,거절,False,,,,추천 종료
MT02736,2026-07-06,M736,M076,MG03,True,True,True,True,False,True,True,0,0.52,70,미응답,거절,False,,,,응답 대기 종료
MT02737,2026-07-18,M737,M186,MG18,True,True,True,True,True,False,False,0,0.94,68,거절,거절,False,,,,추천 종료
MT02738,2026-07-21,M738,M205,MG16,True,True,True,False,True,True,True,0.75,0.43,78,미응답,거절,False,,,,응답 대기 종료
MT02739,2026-07-23,M739,M910,MG20,False,False,False,True,False,True,True,0.5,0.27,69,미응답,미응답,False,,,,응답 대기 종료
MT02740,2026-07-04,M740,M773,MG14,False,False,True,False,True,True,False,0.25,0.82,72,수락,거절,False,,,,추천 종료
MT02741,2026-07-12,M741,M538,MG15,False,False,True,True,False,False,True,0.5,0.48,69,수락,거절,False,,,,추천 종료
MT02742,2026-07-15,M742,M891,MG05,False,False,True,True,False,False,True,0.5,0.56,56,거절,거절,False,,,,추천 종료
MT02743,2026-07-29,M743,M993,MG12,False,False,False,True,False,False,True,0.75,0.71,68,미응답,수락,False,,,,응답 대기 종료
MT02744,2026-07-17,M744,M860,MG10,True,False,True,True,False,False,True,0.75,0.64,71,미응답,미응답,False,,,,응답 대기 종료
MT02745,2026-07-02,M745,M739,MG13,False,False,True,False,False,True,True,0.5,0.84,78,거절,거절,False,,,,추천 종료
MT02746,2026-07-08,M746,M941,MG20,True,True,True,False,False,False,False,0,0.64,64,수락,거절,False,,,,추천 종료
MT02747,2026-07-12,M747,M990,MG01,False,False,True,True,False,True,False,0,0.62,54,거절,거절,False,,,,추천 종료
MT02748,2026-07-27,M748,M681,MG18,True,True,True,False,True,False,True,0.5,0.77,83,미응답,미응답,False,,,,응답 대기 종료
MT02749,2026-07-23,M749,M620,MG01,True,True,False,True,False,True,True,0.25,0.63,70,수락,수락,True,2026-08-06,서울,True,애프터 성사
MT02750,2026-07-07,M750,M566,MG11,True,True,True,True,False,True,False,0.5,0.35,73,거절,거절,False,,,,추천 종료
MT02751,2026-07-21,M751,M985,MG06,False,True,True,True,True,True,True,0.5,0.49,81,거절,수락,False,,,,추천 종료
MT02752,2026-07-10,M752,M753,MG14,True,True,True,True,False,False,True,0.25,0.77,74,미응답,거절,False,,,,응답 대기 종료
MT02753,2026-07-30,M753,M840,MG08,False,False,True,True,True,True,True,0.5,0.65,82,수락,수락,True,2026-08-13,경기,False,첫 만남 완료
MT02754,2026-07-05,M754,M335,MG06,True,True,True,True,False,False,True,0,0.42,63,거절,거절,False,,,,추천 종료
MT02755,2026-07-22,M755,M291,MG17,True,True,True,True,False,False,True,0.25,0.56,78,수락,거절,False,,,,추천 종료
MT02756,2026-07-05,M756,M156,MG20,False,False,False,True,False,True,True,0.5,0.55,74,미응답,수락,False,,,,응답 대기 종료
MT02757,2026-07-18,M757,M046,MG14,True,False,True,True,False,False,True,0,0.55,71,수락,미응답,False,,,,응답 대기 종료
MT02758,2026-07-18,M758,M863,MG04,False,False,False,True,False,True,True,0.5,0.62,63,수락,거절,False,,,,추천 종료
MT02759,2026-07-08,M759,M350,MG11,True,False,False,True,False,False,True,0.5,1,74,거절,거절,False,,,,추천 종료
MT02760,2026-07-09,M760,M561,MG05,False,False,True,True,True,True,True,0.5,0.45,70,거절,거절,False,,,,추천 종료
MT02761,2026-07-08,M761,M884,MG05,False,False,False,True,False,False,True,0.5,0.92,68,미응답,거절,False,,,,응답 대기 종료
MT02762,2026-07-10,M762,M782,MG10,True,False,True,False,False,False,False,0.25,0.6,55,거절,수락,False,,,,추천 종료
MT02763,2026-07-09,M763,M296,MG04,False,False,False,True,True,False,True,0.75,0.84,72,거절,수락,False,,,,추천 종료
MT02764,2026-07-03,M764,M517,MG07,False,False,True,True,False,False,True,0.5,0.59,75,수락,미응답,False,,,,응답 대기 종료
MT02765,2026-07-06,M765,M126,MG12,False,False,True,False,False,False,True,0.25,0.43,48,거절,거절,False,,,,추천 종료
MT02766,2026-07-08,M766,M084,MG07,True,True,True,True,False,True,True,0.25,0.57,81,수락,미응답,False,,,,응답 대기 종료
MT02767,2026-07-23,M767,M361,MG03,False,False,True,True,False,True,True,0.75,0.92,83,수락,미응답,False,,,,응답 대기 종료
MT02768,2026-07-06,M768,M636,MG09,True,True,True,True,False,False,True,0.25,0.86,77,수락,거절,False,,,,추천 종료
MT02769,2026-07-23,M769,M544,MG07,False,True,True,False,True,False,True,0.5,0.46,73,수락,수락,True,2026-07-30,경기,True,애프터 성사
MT02770,2026-07-04,M770,M059,MG09,False,False,False,False,False,True,True,0.25,0.64,54,거절,미응답,False,,,,응답 대기 종료
MT02771,2026-07-29,M771,M945,MG11,True,True,False,False,False,False,False,0,0.69,62,미응답,수락,False,,,,응답 대기 종료
MT02772,2026-07-17,M772,M571,MG03,True,False,True,True,False,True,True,0.25,0.76,73,미응답,미응답,False,,,,응답 대기 종료
MT02773,2026-07-14,M773,M998,MG06,True,True,False,True,False,False,True,0.5,0.76,66,미응답,거절,False,,,,응답 대기 종료
MT02774,2026-07-10,M774,M247,MG02,True,False,True,True,False,True,True,0.5,0.74,76,거절,미응답,False,,,,응답 대기 종료
MT02775,2026-07-02,M775,M729,MG10,True,True,True,False,True,True,True,0.5,0.68,75,수락,미응답,False,,,,응답 대기 종료
MT02776,2026-07-18,M776,M728,MG13,True,False,True,False,False,False,True,0.5,0.43,64,수락,수락,True,2026-07-20,서울,True,애프터 성사
MT02777,2026-07-07,M777,M221,MG01,True,True,False,True,False,False,True,0.75,0.66,74,미응답,거절,False,,,,응답 대기 종료
MT02778,2026-07-15,M778,M135,MG18,True,True,True,True,False,False,True,0.25,0.57,74,미응답,수락,False,,,,응답 대기 종료
MT02779,2026-07-15,M779,M243,MG15,True,True,False,True,False,True,True,0.25,0.58,76,수락,수락,True,2026-07-23,대구,True,애프터 성사
MT02780,2026-07-14,M780,M968,MG08,False,False,True,False,False,True,True,0.25,0.95,73,미응답,수락,False,,,,응답 대기 종료
MT02781,2026-07-30,M781,M301,MG03,False,False,True,True,False,False,False,0.25,0.65,64,거절,수락,False,,,,추천 종료
MT02782,2026-07-12,M782,M303,MG15,True,True,True,True,False,True,True,0.5,0.67,83,거절,수락,False,,,,추천 종료
MT02783,2026-07-28,M783,M558,MG05,False,False,False,True,True,True,True,0.5,0.84,84,미응답,수락,False,,,,응답 대기 종료
MT02784,2026-07-23,M784,M315,MG18,False,False,True,False,False,False,True,0.75,0.57,73,수락,수락,False,,,,추천 종료
MT02785,2026-07-15,M785,M902,MG20,True,True,True,True,True,True,True,0,0.69,76,수락,거절,False,,,,추천 종료
MT02786,2026-07-20,M786,M848,MG02,True,True,True,False,False,True,True,0,0.75,66,거절,수락,False,,,,추천 종료
MT02787,2026-07-13,M787,M782,MG19,False,False,True,True,False,True,True,0.5,0.41,68,미응답,거절,False,,,,응답 대기 종료
MT02788,2026-07-20,M788,M625,MG04,True,True,True,True,False,False,True,0.5,0.77,72,미응답,거절,False,,,,응답 대기 종료
MT02789,2026-07-05,M789,M190,MG15,False,False,True,False,False,False,True,0.5,0.44,66,거절,거절,False,,,,추천 종료
MT02790,2026-07-14,M790,M210,MG05,True,False,True,True,True,False,True,0.5,0.62,80,미응답,거절,False,,,,응답 대기 종료
MT02791,2026-07-30,M791,M474,MG15,False,False,True,False,False,False,True,0.5,0.87,66,거절,거절,False,,,,추천 종료
MT02792,2026-07-09,M792,M111,MG10,True,True,False,True,False,True,True,0.25,0.5,68,미응답,미응답,False,,,,응답 대기 종료
MT02793,2026-07-20,M793,M041,MG13,False,True,True,True,False,False,True,0.25,0.85,73,거절,미응답,False,,,,응답 대기 종료
MT02794,2026-07-12,M794,M886,MG06,True,True,False,True,False,False,True,0.25,0.76,63,거절,수락,False,,,,추천 종료
MT02795,2026-07-20,M795,M612,MG14,True,True,True,True,False,False,True,0.25,0.56,71,미응답,거절,False,,,,응답 대기 종료
MT02796,2026-07-24,M796,M099,MG05,True,True,True,False,False,True,True,0.25,0.84,77,미응답,수락,False,,,,응답 대기 종료
MT02797,2026-07-06,M797,M857,MG14,True,True,True,True,False,True,True,0.5,0.61,77,미응답,수락,False,,,,응답 대기 종료
MT02798,2026-07-23,M798,M731,MG20,True,True,True,True,True,True,False,0.25,0.58,72,수락,거절,False,,,,추천 종료
MT02799,2026-07-03,M799,M591,MG10,False,False,True,True,False,False,True,0.5,0.64,64,거절,수락,False,,,,추천 종료
MT02800,2026-07-20,M800,M540,MG06,True,False,True,True,False,True,False,0,0.82,59,거절,거절,False,,,,추천 종료
MT02801,2026-07-28,M801,M602,MG07,False,False,True,True,False,True,False,0.5,0.61,69,수락,미응답,False,,,,응답 대기 종료
MT02802,2026-07-22,M802,M398,MG17,False,False,False,True,False,True,True,0.25,0.9,66,미응답,수락,False,,,,응답 대기 종료
MT02803,2026-07-03,M803,M122,MG05,False,False,False,True,False,False,True,0.5,1,74,미응답,거절,False,,,,응답 대기 종료
MT02804,2026-07-16,M804,M656,MG19,True,True,True,True,False,True,False,0.5,0.79,78,수락,수락,True,2026-07-30,부산,True,애프터 성사
MT02805,2026-07-14,M805,M333,MG04,True,True,False,True,False,False,True,0.5,0.54,58,수락,미응답,False,,,,응답 대기 종료
MT02806,2026-07-02,M806,M298,MG09,True,True,True,True,False,True,True,0.5,0.26,69,미응답,거절,False,,,,응답 대기 종료
MT02807,2026-07-16,M807,M481,MG20,False,False,True,True,False,True,True,0.25,0.77,77,수락,수락,True,2026-07-21,부산,True,애프터 성사
MT02808,2026-07-10,M808,M295,MG16,True,True,False,True,False,False,True,0.25,0.71,62,미응답,수락,False,,,,응답 대기 종료
MT02809,2026-07-30,M809,M787,MG06,False,True,True,False,False,True,True,0.5,0.53,70,거절,거절,False,,,,추천 종료
MT02810,2026-07-03,M810,M030,MG19,True,True,True,True,False,True,True,0.5,0.62,71,거절,거절,False,,,,추천 종료
MT02811,2026-07-11,M811,M595,MG19,False,False,True,False,True,False,True,0,0.45,62,거절,거절,False,,,,추천 종료
MT02812,2026-07-14,M812,M742,MG13,True,True,True,True,False,False,False,0.25,0.81,67,미응답,거절,False,,,,응답 대기 종료
MT02813,2026-07-09,M813,M235,MG08,False,False,True,True,False,True,True,0.75,0.43,76,미응답,미응답,False,,,,응답 대기 종료
MT02814,2026-07-03,M814,M787,MG07,True,True,True,True,False,False,True,0.25,0.62,71,수락,미응답,False,,,,응답 대기 종료
MT02815,2026-07-18,M815,M455,MG17,True,True,True,False,False,True,True,0.75,0.74,75,거절,거절,False,,,,추천 종료
MT02816,2026-07-24,M816,M034,MG08,True,True,True,False,False,False,True,0.5,0.45,65,수락,거절,False,,,,추천 종료
MT02817,2026-07-10,M817,M755,MG14,True,True,True,True,True,True,False,0,0.55,77,수락,미응답,False,,,,응답 대기 종료
MT02818,2026-07-21,M818,M060,MG13,False,False,False,True,False,True,True,0.25,0.56,66,수락,수락,True,2026-07-29,인천,False,첫 만남 완료
MT02819,2026-07-26,M819,M737,MG04,True,True,True,False,False,False,True,0.25,0.67,55,거절,거절,False,,,,추천 종료
MT02820,2026-07-17,M820,M238,MG13,True,True,True,True,False,False,False,0.5,0.42,68,미응답,수락,False,,,,응답 대기 종료
MT02821,2026-07-28,M821,M1000,MG04,True,False,True,True,True,True,False,0,0.4,73,미응답,수락,False,,,,응답 대기 종료
MT02822,2026-07-29,M822,M411,MG13,False,False,True,True,False,True,True,0.5,0.51,70,수락,수락,True,2026-08-03,서울,True,애프터 성사
MT02823,2026-07-08,M823,M479,MG07,False,False,True,True,True,False,True,0.5,0.65,78,수락,수락,True,2026-07-11,경기,True,애프터 성사
MT02824,2026-07-21,M824,M937,MG08,True,True,True,False,False,False,True,0.5,0.89,72,수락,미응답,False,,,,응답 대기 종료
MT02825,2026-07-27,M825,M217,MG06,False,False,True,True,False,False,True,0.25,0.74,73,거절,거절,False,,,,추천 종료
MT02826,2026-07-05,M826,M857,MG09,True,True,True,False,False,True,True,0.5,0.28,67,거절,거절,False,,,,추천 종료
MT02827,2026-07-12,M827,M604,MG03,False,True,False,True,False,False,True,0.5,0.51,66,거절,거절,False,,,,추천 종료
MT02828,2026-07-26,M828,M603,MG04,True,False,True,True,False,True,True,0.5,0.75,77,거절,거절,False,,,,추천 종료
MT02829,2026-07-28,M829,M441,MG09,True,False,True,True,False,False,True,0.25,0.62,56,거절,거절,False,,,,추천 종료
MT02830,2026-07-25,M830,M989,MG13,True,True,True,True,False,True,False,0.5,0.58,80,수락,수락,True,2026-07-31,인천,True,애프터 성사
MT02831,2026-07-28,M831,M615,MG02,True,True,True,True,False,False,False,0.5,0.38,64,수락,미응답,False,,,,응답 대기 종료
MT02832,2026-07-06,M832,M875,MG18,True,True,True,True,False,True,True,0.25,0.4,68,거절,거절,False,,,,추천 종료
MT02833,2026-07-28,M833,M465,MG19,True,True,True,True,False,True,True,0.25,0.72,76,수락,수락,True,2026-08-01,전남,True,애프터 성사
MT02834,2026-07-13,M834,M320,MG04,True,True,False,True,False,True,True,0.5,0.81,78,거절,거절,False,,,,추천 종료
MT02835,2026-07-08,M835,M868,MG02,False,False,False,True,True,False,True,0.25,0.71,67,수락,거절,False,,,,추천 종료
MT02836,2026-07-05,M836,M756,MG03,False,True,True,False,False,False,True,0.5,0.74,71,미응답,미응답,False,,,,응답 대기 종료
MT02837,2026-07-24,M837,M307,MG11,True,False,True,True,False,False,True,0.75,0.39,75,수락,미응답,False,,,,응답 대기 종료
MT02838,2026-07-18,M838,M354,MG15,False,False,False,True,False,False,True,0.75,0.46,74,수락,거절,False,,,,추천 종료
MT02839,2026-07-02,M839,M641,MG17,True,False,True,True,False,True,True,0.25,0.66,79,수락,미응답,False,,,,응답 대기 종료
MT02840,2026-07-15,M840,M071,MG14,False,False,False,True,False,True,False,0.5,0.99,68,수락,거절,False,,,,추천 종료
MT02841,2026-07-23,M841,M151,MG16,False,False,False,True,False,True,False,0,0.44,62,수락,거절,False,,,,추천 종료
MT02842,2026-07-15,M842,M534,MG15,True,False,True,True,False,False,True,0.5,0.49,67,미응답,거절,False,,,,응답 대기 종료
MT02843,2026-07-05,M843,M245,MG10,True,True,True,True,False,True,True,0.25,0.39,68,수락,미응답,False,,,,응답 대기 종료
MT02844,2026-07-29,M844,M023,MG05,False,False,False,True,True,False,False,0.5,0.61,59,거절,거절,False,,,,추천 종료
MT02845,2026-07-25,M845,M042,MG16,False,False,True,True,False,False,True,0.5,0.61,71,거절,거절,False,,,,추천 종료
MT02846,2026-07-14,M846,M618,MG07,False,True,True,False,True,False,True,0.5,0.28,67,거절,거절,False,,,,추천 종료
MT02847,2026-07-23,M847,M869,MG14,False,True,False,True,True,True,True,0.5,0.88,76,거절,거절,False,,,,추천 종료
MT02848,2026-07-11,M848,M952,MG09,True,True,False,True,True,False,False,0.25,0.55,67,거절,미응답,False,,,,응답 대기 종료
MT02849,2026-07-05,M849,M636,MG01,False,False,False,True,False,False,True,0.25,0.61,62,거절,거절,False,,,,추천 종료
MT02850,2026-07-05,M850,M548,MG20,False,False,True,False,False,False,False,0.25,0.63,59,미응답,수락,False,,,,응답 대기 종료
MT02851,2026-07-09,M851,M624,MG18,True,True,True,True,True,True,True,0.25,0.46,81,수락,거절,False,,,,추천 종료
MT02852,2026-07-15,M852,M038,MG07,True,True,True,True,True,False,False,0.25,0.7,79,수락,거절,False,,,,추천 종료
MT02853,2026-07-19,M853,M862,MG09,False,False,True,False,False,True,True,0.25,0.74,60,수락,거절,False,,,,추천 종료
MT02854,2026-07-14,M854,M875,MG12,False,False,True,True,False,True,True,0.25,0.7,63,거절,수락,False,,,,추천 종료
MT02855,2026-07-28,M855,M393,MG03,False,False,True,True,False,False,True,0.25,0.52,62,미응답,수락,False,,,,응답 대기 종료
MT02856,2026-07-26,M856,M474,MG05,True,False,True,False,False,False,True,0.25,0.59,54,거절,수락,False,,,,추천 종료
MT02857,2026-07-10,M857,M701,MG06,True,True,False,True,False,True,True,0.75,0.63,69,거절,미응답,False,,,,응답 대기 종료
MT02858,2026-07-25,M858,M101,MG19,False,False,True,True,False,False,True,0.5,0.65,77,거절,수락,False,,,,추천 종료
MT02859,2026-07-07,M859,M057,MG17,False,False,True,True,True,True,True,0.75,0.42,82,수락,수락,True,2026-07-15,서울,False,첫 만남 완료
MT02860,2026-07-24,M860,M661,MG05,True,True,True,True,False,False,False,0,0.24,55,수락,미응답,False,,,,응답 대기 종료
MT02861,2026-07-19,M861,M842,MG20,True,True,False,True,False,False,True,0.5,0.54,66,거절,미응답,False,,,,응답 대기 종료
MT02862,2026-07-02,M862,M100,MG16,True,True,True,True,False,True,True,0.25,0.88,80,수락,수락,True,2026-07-15,경기,True,애프터 성사
MT02863,2026-07-20,M863,M539,MG20,True,True,True,False,True,False,True,0.5,0.84,70,미응답,수락,False,,,,응답 대기 종료
MT02864,2026-07-03,M864,M402,MG06,False,False,True,False,True,True,False,0.25,0.61,65,수락,거절,False,,,,추천 종료
MT02865,2026-07-08,M865,M741,MG02,True,False,False,True,True,True,False,0.25,0.46,71,거절,거절,False,,,,추천 종료
MT02866,2026-07-07,M866,M597,MG20,False,True,True,True,False,True,True,0,0.49,58,거절,거절,False,,,,추천 종료
MT02867,2026-07-23,M867,M584,MG06,False,False,False,True,False,False,True,0.25,0.56,58,거절,거절,False,,,,추천 종료
MT02868,2026-07-23,M868,M116,MG02,False,False,False,True,True,True,True,0.5,0.74,71,거절,수락,False,,,,추천 종료
MT02869,2026-07-23,M869,M459,MG04,True,True,True,True,False,True,True,0.5,0.63,84,미응답,미응답,False,,,,응답 대기 종료
MT02870,2026-07-07,M870,M217,MG03,True,True,True,False,False,True,False,0.25,0.53,65,미응답,미응답,False,,,,응답 대기 종료
MT02871,2026-07-11,M871,M318,MG19,True,True,True,True,False,True,True,0.25,0.75,77,미응답,미응답,False,,,,응답 대기 종료
MT02872,2026-07-24,M872,M794,MG15,False,False,True,False,False,True,True,0.5,0.68,71,거절,미응답,False,,,,응답 대기 종료
MT02873,2026-07-25,M873,M422,MG12,False,False,True,True,True,False,False,0.5,0.59,71,거절,수락,False,,,,추천 종료
MT02874,2026-07-29,M874,M226,MG18,True,False,True,True,False,False,True,0,0.41,70,거절,수락,False,,,,추천 종료
MT02875,2026-07-13,M875,M363,MG18,True,True,True,False,False,True,True,0.5,0.98,80,거절,수락,False,,,,추천 종료
MT02876,2026-07-26,M876,M738,MG08,False,True,False,True,False,True,True,0.5,0.77,61,수락,거절,False,,,,추천 종료
MT02877,2026-07-18,M877,M517,MG15,True,True,True,True,True,False,True,0.25,0.46,77,거절,거절,False,,,,추천 종료
MT02878,2026-07-28,M878,M070,MG01,True,True,True,True,False,True,True,0.5,0.75,81,수락,미응답,False,,,,응답 대기 종료
MT02879,2026-07-28,M879,M149,MG09,False,False,True,True,False,False,True,0.5,0.4,53,거절,수락,False,,,,추천 종료
MT02880,2026-07-17,M880,M373,MG01,False,False,True,False,False,True,True,0,0.71,64,미응답,미응답,False,,,,응답 대기 종료
MT02881,2026-07-21,M881,M159,MG19,False,False,False,True,False,False,True,0.5,0.67,67,거절,거절,False,,,,추천 종료
MT02882,2026-07-20,M882,M281,MG05,True,True,False,True,False,False,False,0.25,0.69,60,거절,미응답,False,,,,응답 대기 종료
MT02883,2026-07-05,M883,M247,MG07,False,False,True,True,False,True,False,0.25,0.83,70,미응답,미응답,False,,,,응답 대기 종료
MT02884,2026-07-08,M884,M912,MG06,False,False,True,True,True,True,True,0.75,0.29,83,미응답,수락,False,,,,응답 대기 종료
MT02885,2026-07-15,M885,M324,MG01,False,False,True,False,False,True,True,0.75,0.4,69,수락,미응답,False,,,,응답 대기 종료
MT02886,2026-07-22,M886,M100,MG16,False,False,True,False,False,False,True,0.5,0.2,61,거절,거절,False,,,,추천 종료
MT02887,2026-07-08,M887,M029,MG10,True,True,True,True,False,False,False,0,0.53,56,거절,수락,False,,,,추천 종료
MT02888,2026-07-04,M888,M076,MG04,True,True,True,True,False,False,True,0,1,71,수락,거절,False,,,,추천 종료
MT02889,2026-07-14,M889,M804,MG19,True,True,True,True,False,False,False,0.5,0.58,68,거절,거절,False,,,,추천 종료
MT02890,2026-07-27,M890,M847,MG05,False,True,True,True,False,True,True,0.5,0.47,71,미응답,거절,False,,,,응답 대기 종료
MT02891,2026-07-19,M891,M375,MG04,False,False,True,True,False,False,True,0.5,0.78,71,거절,미응답,False,,,,응답 대기 종료
MT02892,2026-07-05,M892,M816,MG03,True,True,True,False,False,True,True,0.5,0.59,65,거절,미응답,False,,,,응답 대기 종료
MT02893,2026-07-22,M893,M442,MG11,True,True,True,False,True,True,True,0.25,0.58,81,수락,수락,True,2026-07-27,서울,True,애프터 성사
MT02894,2026-07-04,M894,M162,MG04,True,True,True,True,False,True,True,0.25,0.65,76,미응답,수락,False,,,,응답 대기 종료
MT02895,2026-07-20,M895,M548,MG13,True,False,True,False,True,False,True,0.25,0.54,64,거절,거절,False,,,,추천 종료
MT02896,2026-07-19,M896,M755,MG04,True,True,True,True,False,True,True,0.25,0.52,73,미응답,미응답,False,,,,응답 대기 종료
MT02897,2026-07-10,M897,M427,MG07,True,True,True,True,False,False,True,0.25,0.6,69,미응답,수락,False,,,,응답 대기 종료
MT02898,2026-07-05,M898,M859,MG12,False,False,True,True,True,False,True,0.75,0.87,84,수락,미응답,False,,,,응답 대기 종료
MT02899,2026-07-23,M899,M384,MG16,False,True,True,True,False,True,True,0.25,0.77,69,수락,거절,False,,,,추천 종료
MT02900,2026-07-13,M900,M442,MG09,True,True,True,False,True,False,True,0.25,0.86,76,수락,미응답,False,,,,응답 대기 종료
MT02901,2026-07-17,M901,M251,MG02,False,False,False,True,False,False,True,0,0.69,65,거절,미응답,False,,,,응답 대기 종료
MT02902,2026-07-28,M902,M896,MG09,False,False,True,True,True,True,False,0.5,0.47,71,미응답,수락,False,,,,응답 대기 종료
MT02903,2026-07-03,M903,M895,MG04,False,True,True,True,False,False,True,0.5,0.57,72,거절,미응답,False,,,,응답 대기 종료
MT02904,2026-07-30,M904,M822,MG04,False,False,False,True,False,True,True,0.75,0.56,68,수락,거절,False,,,,추천 종료
MT02905,2026-07-06,M905,M948,MG02,False,False,True,True,True,False,True,0.25,0.69,69,수락,미응답,False,,,,응답 대기 종료
MT02906,2026-07-09,M906,M094,MG17,False,False,True,True,False,True,False,0.25,0.67,66,미응답,거절,False,,,,응답 대기 종료
MT02907,2026-07-30,M907,M626,MG05,False,False,True,True,False,True,True,0.25,0.57,75,미응답,거절,False,,,,응답 대기 종료
MT02908,2026-07-29,M908,M239,MG18,False,False,False,True,False,False,True,0.25,0.65,63,미응답,미응답,False,,,,응답 대기 종료
MT02909,2026-07-28,M909,M630,MG18,False,False,True,True,False,True,True,0.5,0.4,62,미응답,거절,False,,,,응답 대기 종료
MT02910,2026-07-08,M910,M743,MG13,False,False,True,False,False,True,True,0.5,0.42,58,미응답,거절,False,,,,응답 대기 종료
MT02911,2026-07-29,M911,M670,MG14,True,True,True,True,True,True,True,1,0.67,91,수락,수락,True,2026-08-08,서울,True,애프터 성사
MT02912,2026-07-22,M912,M158,MG04,False,False,True,True,True,True,True,0.5,0.5,74,미응답,미응답,False,,,,응답 대기 종료
MT02913,2026-07-10,M913,M697,MG03,True,True,True,True,False,True,True,0.5,0.73,65,수락,거절,False,,,,추천 종료
MT02914,2026-07-05,M914,M097,MG01,True,True,True,True,False,True,True,0.25,0.66,82,미응답,미응답,False,,,,응답 대기 종료
MT02915,2026-07-09,M915,M397,MG03,False,True,True,True,False,True,True,0.25,0.43,69,수락,수락,False,,,,추천 종료
MT02916,2026-07-04,M916,M797,MG20,False,False,True,False,False,True,True,0.5,0.68,66,거절,미응답,False,,,,응답 대기 종료
MT02917,2026-07-19,M917,M564,MG07,False,True,False,True,False,False,True,0.5,0.85,63,수락,거절,False,,,,추천 종료
MT02918,2026-07-26,M918,M467,MG04,False,False,True,False,False,True,False,0.25,0.29,43,거절,거절,False,,,,추천 종료
MT02919,2026-07-30,M919,M592,MG03,True,True,True,True,False,False,True,0.5,0.57,79,수락,미응답,False,,,,응답 대기 종료
MT02920,2026-07-21,M920,M908,MG19,False,False,True,True,True,True,True,0.75,0.48,77,수락,미응답,False,,,,응답 대기 종료
MT02921,2026-07-02,M921,M800,MG02,False,True,True,True,False,False,False,0,0.53,55,수락,거절,False,,,,추천 종료
MT02922,2026-07-17,M922,M780,MG02,False,False,True,True,False,True,True,0.25,0.74,71,거절,수락,False,,,,추천 종료
MT02923,2026-07-18,M923,M324,MG02,False,True,True,False,False,True,True,0,0.55,65,거절,미응답,False,,,,응답 대기 종료
MT02924,2026-07-06,M924,M794,MG02,True,False,False,True,False,True,True,0.5,0.33,65,거절,거절,False,,,,추천 종료
MT02925,2026-07-15,M925,M272,MG08,False,False,True,False,False,True,True,0.5,0.76,71,거절,수락,False,,,,추천 종료
MT02926,2026-07-28,M926,M416,MG07,False,True,True,False,True,False,True,0.5,0.62,69,거절,수락,False,,,,추천 종료
MT02927,2026-07-30,M927,M688,MG05,True,True,True,True,False,True,True,0.25,0.79,74,수락,수락,True,2026-08-07,대구,True,애프터 성사
MT02928,2026-07-23,M928,M809,MG10,True,True,True,True,False,True,True,0.5,0.89,79,수락,수락,True,2026-08-01,서울,True,애프터 성사
MT02929,2026-07-22,M929,M908,MG05,True,True,True,True,False,True,True,0.75,0.81,80,수락,미응답,False,,,,응답 대기 종료
MT02930,2026-07-19,M930,M008,MG16,False,False,False,True,False,False,False,0.25,0.36,53,거절,거절,False,,,,추천 종료
MT02931,2026-07-03,M931,M346,MG12,False,False,True,False,False,False,True,0.5,0.49,68,수락,미응답,False,,,,응답 대기 종료
MT02932,2026-07-25,M932,M581,MG08,False,False,True,True,False,False,True,0.25,0.44,59,수락,거절,False,,,,추천 종료
MT02933,2026-07-28,M933,M363,MG06,False,False,True,False,True,True,True,0.25,0.38,69,거절,수락,False,,,,추천 종료
MT02934,2026-07-01,M934,M309,MG01,True,True,True,False,True,True,True,1,0.95,89,거절,수락,False,,,,추천 종료
MT02935,2026-07-08,M935,M896,MG05,False,False,True,True,False,True,True,0.25,0.48,70,거절,미응답,False,,,,응답 대기 종료
MT02936,2026-07-01,M936,M988,MG08,True,True,True,False,False,True,True,0.5,0.56,78,수락,수락,True,2026-07-10,광주,False,첫 만남 완료
MT02937,2026-07-01,M937,M827,MG19,True,True,True,True,False,False,True,0.5,0.63,77,미응답,미응답,False,,,,응답 대기 종료
MT02938,2026-07-07,M938,M954,MG01,True,True,False,False,False,True,True,0.5,0.56,62,수락,거절,False,,,,추천 종료
MT02939,2026-07-04,M939,M027,MG18,False,False,False,True,False,False,False,0.25,0.37,54,거절,거절,False,,,,추천 종료
MT02940,2026-07-10,M940,M817,MG19,True,True,False,True,False,True,True,0.25,0.47,66,거절,수락,False,,,,추천 종료
MT02941,2026-07-16,M941,M706,MG16,True,True,False,True,False,True,False,0.25,0.83,72,미응답,거절,False,,,,응답 대기 종료
MT02942,2026-07-16,M942,M483,MG17,False,True,True,True,True,True,True,0.75,0.65,90,미응답,미응답,False,,,,응답 대기 종료
MT02943,2026-07-13,M943,M187,MG07,False,False,False,True,True,True,True,0.25,0.72,72,수락,미응답,False,,,,응답 대기 종료
MT02944,2026-07-11,M944,M585,MG05,False,False,True,True,True,False,False,0.25,0.43,60,수락,미응답,False,,,,응답 대기 종료
MT02945,2026-07-29,M945,M610,MG13,False,False,False,True,True,True,False,0,0.49,60,거절,거절,False,,,,추천 종료
MT02946,2026-07-06,M946,M474,MG07,False,False,True,False,False,False,True,0.25,0.33,61,수락,수락,True,2026-07-20,서울,False,첫 만남 완료
MT02947,2026-07-01,M947,M241,MG18,True,True,False,True,False,True,True,0.25,0.44,58,거절,거절,False,,,,추천 종료
MT02948,2026-07-03,M948,M250,MG07,False,False,True,True,False,False,True,0.25,0.94,66,거절,미응답,False,,,,응답 대기 종료
MT02949,2026-07-02,M949,M222,MG10,False,False,False,True,True,False,True,0.25,0.63,71,수락,미응답,False,,,,응답 대기 종료
MT02950,2026-07-26,M950,M553,MG10,False,False,False,True,False,True,True,0.25,0.49,60,거절,수락,False,,,,추천 종료
MT02951,2026-07-27,M951,M491,MG12,True,True,True,True,False,True,True,0.5,0.63,82,수락,거절,False,,,,추천 종료
MT02952,2026-07-06,M952,M117,MG18,False,False,False,True,True,False,True,0.5,0.5,70,수락,수락,False,,,,추천 종료
MT02953,2026-07-27,M953,M693,MG01,True,True,True,True,False,False,True,0.5,0.66,76,미응답,거절,False,,,,응답 대기 종료
MT02954,2026-07-30,M954,M833,MG06,False,False,False,True,False,True,True,0.5,0.84,65,미응답,거절,False,,,,응답 대기 종료
MT02955,2026-07-12,M955,M511,MG13,True,True,True,True,False,False,False,0,0.71,66,수락,수락,True,2026-07-26,서울,True,애프터 성사
MT02956,2026-07-18,M956,M416,MG16,False,False,True,True,False,True,True,0.5,0.65,64,수락,수락,True,2026-07-20,서울,True,애프터 성사
MT02957,2026-07-30,M957,M388,MG20,False,True,True,True,False,False,False,0.25,0.72,68,거절,수락,False,,,,추천 종료
MT02958,2026-07-25,M958,M421,MG04,True,False,True,True,False,False,True,0.25,0.8,68,수락,미응답,False,,,,응답 대기 종료
MT02959,2026-07-03,M959,M586,MG16,False,False,True,True,False,False,True,0.5,0.57,65,수락,수락,True,2026-07-05,서울,True,애프터 성사
MT02960,2026-07-12,M960,M788,MG07,True,True,True,True,False,True,True,0.75,0.59,77,미응답,수락,False,,,,응답 대기 종료
MT02961,2026-07-03,M961,M653,MG18,True,False,True,True,False,False,False,0.5,0.69,74,수락,수락,True,2026-07-13,서울,False,첫 만남 완료
MT02962,2026-07-11,M962,M322,MG04,False,False,True,True,False,True,True,0.25,0.72,65,거절,수락,False,,,,추천 종료
MT02963,2026-07-21,M963,M303,MG09,True,False,True,False,True,True,True,0.75,0.51,83,수락,미응답,False,,,,응답 대기 종료
MT02964,2026-07-13,M964,M429,MG20,True,True,True,True,False,True,True,0.25,0.45,80,거절,미응답,False,,,,응답 대기 종료
MT02965,2026-07-12,M965,M399,MG18,True,False,True,True,False,True,True,0.75,0.81,75,수락,거절,False,,,,추천 종료
MT02966,2026-07-27,M966,M352,MG11,False,False,True,True,True,False,True,0.5,0.87,76,거절,미응답,False,,,,응답 대기 종료
MT02967,2026-07-14,M967,M782,MG10,True,True,True,True,False,True,False,0.25,0.73,73,거절,수락,False,,,,추천 종료
MT02968,2026-07-06,M968,M537,MG10,True,True,True,True,False,True,True,0.25,0.5,80,수락,수락,True,2026-07-15,서울,True,애프터 성사
MT02969,2026-07-07,M969,M077,MG03,False,False,False,True,False,True,True,0.25,0.78,60,미응답,수락,False,,,,응답 대기 종료
MT02970,2026-07-29,M970,M440,MG20,False,True,True,True,True,False,False,0.5,0.39,77,수락,수락,True,2026-08-02,경기,True,애프터 성사
MT02971,2026-07-13,M971,M380,MG08,False,False,True,True,False,False,True,0,0.65,57,거절,거절,False,,,,추천 종료
MT02972,2026-07-11,M972,M147,MG06,True,False,False,True,False,False,True,0.5,0.59,73,수락,미응답,False,,,,응답 대기 종료
MT02973,2026-07-23,M973,M001,MG04,False,True,False,True,False,False,True,0.25,0.81,66,미응답,미응답,False,,,,응답 대기 종료
MT02974,2026-07-20,M974,M735,MG16,False,False,True,True,True,False,False,0.25,0.49,72,미응답,수락,False,,,,응답 대기 종료
MT02975,2026-07-08,M975,M340,MG02,True,True,True,True,False,False,True,0.25,0.64,75,미응답,수락,False,,,,응답 대기 종료
MT02976,2026-07-06,M976,M673,MG14,True,True,True,True,True,True,True,0.25,0.37,74,거절,미응답,False,,,,응답 대기 종료
MT02977,2026-07-01,M977,M679,MG12,True,True,False,True,False,True,False,0.5,0.39,68,수락,수락,True,2026-07-13,전남,True,애프터 성사
MT02978,2026-07-06,M978,M433,MG15,False,False,True,False,False,False,True,0.5,0.61,63,수락,미응답,False,,,,응답 대기 종료
MT02979,2026-07-26,M979,M793,MG07,True,True,False,True,False,False,True,0.5,0.65,71,거절,수락,False,,,,추천 종료
MT02980,2026-07-22,M980,M830,MG09,True,True,True,False,True,False,True,0,0.59,74,수락,미응답,False,,,,응답 대기 종료
MT02981,2026-07-19,M981,M148,MG06,True,True,True,True,False,True,False,0.5,0.72,79,수락,미응답,False,,,,응답 대기 종료
MT02982,2026-07-18,M982,M908,MG06,True,True,True,True,False,False,True,0.75,0.55,79,수락,미응답,False,,,,응답 대기 종료
MT02983,2026-07-24,M983,M988,MG13,False,False,True,False,True,False,True,0.5,0.19,67,거절,거절,False,,,,추천 종료
MT02984,2026-07-05,M984,M680,MG01,True,False,True,False,False,True,True,0,0.61,64,거절,수락,False,,,,추천 종료
MT02985,2026-07-09,M985,M850,MG17,True,True,True,False,False,True,False,0,0.47,64,거절,수락,False,,,,추천 종료
MT02986,2026-07-19,M986,M582,MG02,True,True,False,True,False,False,True,0.25,0.99,63,거절,미응답,False,,,,응답 대기 종료
MT02987,2026-07-23,M987,M053,MG06,False,False,True,False,False,True,True,0.75,0.65,74,수락,거절,False,,,,추천 종료
MT02988,2026-07-16,M988,M070,MG11,True,True,False,True,False,True,True,0.25,0.76,76,수락,미응답,False,,,,응답 대기 종료
MT02989,2026-07-11,M989,M726,MG13,False,False,True,True,False,False,False,0.25,0.77,69,미응답,수락,False,,,,응답 대기 종료
MT02990,2026-07-20,M990,M913,MG08,True,True,True,True,True,True,False,0.25,0.6,66,미응답,미응답,False,,,,응답 대기 종료
MT02991,2026-07-04,M991,M319,MG06,False,False,False,True,False,True,True,0.5,0.53,64,미응답,수락,False,,,,응답 대기 종료
MT02992,2026-07-25,M992,M773,MG13,True,True,True,True,False,True,True,0.75,0.57,88,미응답,수락,False,,,,응답 대기 종료
MT02993,2026-07-21,M993,M798,MG03,True,True,True,True,False,True,True,0.5,0.71,82,수락,거절,False,,,,추천 종료
MT02994,2026-07-13,M994,M090,MG03,True,True,True,True,False,True,True,0.5,0.64,74,수락,수락,True,2026-07-17,경기,True,애프터 성사
MT02995,2026-07-04,M995,M458,MG20,False,False,False,True,False,False,True,0.5,0.64,60,수락,거절,False,,,,추천 종료
MT02996,2026-07-30,M996,M932,MG03,True,True,True,True,False,False,True,0.75,0.25,65,미응답,거절,False,,,,응답 대기 종료
MT02997,2026-07-22,M997,M258,MG06,True,True,True,False,False,True,True,0.5,0.45,71,미응답,미응답,False,,,,응답 대기 종료
MT02998,2026-07-22,M998,M115,MG05,True,True,True,False,False,True,True,0.25,0.51,58,거절,거절,False,,,,추천 종료
MT02999,2026-07-20,M999,M046,MG16,True,False,True,False,False,True,True,0.25,0.68,67,수락,거절,False,,,,추천 종료
MT03000,2026-07-27,M1000,M776,MG05,False,False,False,True,False,False,False,0.25,0.59,60,거절,미응답,False,,,,응답 대기 종료
MT03001,2026-07-28,M001,M733,MG16,True,True,False,True,False,False,True,0.25,0.46,64,거절,미응답,False,,,,응답 대기 종료
MT03002,2026-07-14,M002,M421,MG11,True,True,True,True,True,False,False,0.25,0.54,75,거절,미응답,False,,,,응답 대기 종료
MT03003,2026-07-13,M003,M822,MG19,False,False,True,True,False,True,True,0.5,0.67,69,수락,수락,True,2026-07-20,서울,True,애프터 성사
MT03004,2026-07-03,M004,M263,MG16,False,True,True,True,True,True,True,0.25,0.67,83,거절,수락,False,,,,추천 종료
MT03005,2026-07-04,M005,M343,MG13,True,True,True,True,True,True,True,0.5,0.73,90,수락,미응답,False,,,,응답 대기 종료
MT03006,2026-07-14,M006,M814,MG17,False,False,True,True,False,True,True,0.25,0.64,59,미응답,미응답,False,,,,응답 대기 종료
MT03007,2026-07-10,M007,M332,MG15,False,False,True,True,False,True,True,0.5,0.56,73,수락,미응답,False,,,,응답 대기 종료
MT03008,2026-07-29,M008,M831,MG05,False,False,True,False,False,True,False,0.25,0.63,61,거절,수락,False,,,,추천 종료
MT03009,2026-07-14,M009,M173,MG14,True,True,True,True,True,False,False,0.5,0.5,76,거절,거절,False,,,,추천 종료
MT03010,2026-07-19,M010,M374,MG07,False,True,True,False,False,False,True,0.75,0.58,76,미응답,수락,False,,,,응답 대기 종료
MT03011,2026-07-25,M011,M606,MG10,True,True,True,True,True,True,True,0.5,0.58,89,거절,수락,False,,,,추천 종료
MT03012,2026-07-23,M012,M500,MG20,True,True,True,True,False,True,True,0.25,0.88,84,거절,수락,False,,,,추천 종료
MT03013,2026-07-06,M013,M960,MG17,True,True,True,True,True,False,True,0.5,0.54,82,수락,미응답,False,,,,응답 대기 종료
MT03014,2026-07-19,M014,M526,MG12,True,False,True,True,True,False,False,0.25,0.36,69,수락,거절,False,,,,추천 종료
MT03015,2026-07-21,M015,M160,MG10,True,True,True,True,True,False,True,0.5,0.41,80,수락,거절,False,,,,추천 종료
MT03016,2026-07-07,M016,M313,MG03,True,True,True,True,False,False,True,0.75,0.6,75,거절,미응답,False,,,,응답 대기 종료
MT03017,2026-07-12,M017,M570,MG14,True,True,True,False,False,True,True,0.25,0.77,64,수락,수락,True,2026-07-15,서울,True,애프터 성사
MT03018,2026-07-07,M018,M065,MG18,True,True,False,True,False,False,True,0.5,0.6,72,미응답,미응답,False,,,,응답 대기 종료
MT03019,2026-07-22,M019,M385,MG06,True,True,False,True,False,True,True,0.5,0.44,72,미응답,미응답,False,,,,응답 대기 종료
MT03020,2026-07-01,M020,M727,MG15,True,True,True,True,False,True,True,1,0.3,88,수락,수락,True,2026-07-11,서울,True,애프터 성사
MT03021,2026-07-03,M021,M526,MG20,True,True,False,True,True,True,False,0,0.53,73,수락,거절,False,,,,추천 종료
MT03022,2026-07-06,M022,M495,MG15,True,True,True,False,False,True,True,0.25,0.2,66,수락,거절,False,,,,추천 종료
MT03023,2026-07-06,M023,M800,MG10,True,True,True,True,False,False,False,0.5,0.71,63,거절,수락,False,,,,추천 종료
MT03024,2026-07-20,M024,M920,MG03,False,False,True,False,True,True,True,0,0.5,69,미응답,거절,False,,,,응답 대기 종료
MT03025,2026-07-23,M025,M296,MG02,True,True,False,True,True,False,True,0.25,0.47,76,미응답,수락,False,,,,응답 대기 종료
MT03026,2026-07-25,M026,M151,MG14,True,True,False,True,True,False,False,0.25,0.56,67,거절,미응답,False,,,,응답 대기 종료
MT03027,2026-07-21,M027,M394,MG10,True,False,True,False,True,True,False,0.5,0.78,66,수락,거절,False,,,,추천 종료
MT03028,2026-07-26,M028,M353,MG20,True,True,True,True,True,False,False,0.5,0.46,57,거절,미응답,False,,,,응답 대기 종료
MT03029,2026-07-19,M029,M089,MG03,False,False,True,True,False,True,False,0.5,0.45,62,수락,미응답,False,,,,응답 대기 종료
MT03030,2026-07-29,M030,M210,MG16,True,True,True,True,False,False,True,0.5,0.53,66,거절,수락,False,,,,추천 종료
MT03031,2026-07-20,M031,M791,MG12,True,True,False,True,True,True,True,0.5,0.55,77,거절,거절,False,,,,추천 종료
MT03032,2026-07-30,M032,M462,MG11,True,True,True,True,False,True,True,0.25,0.37,75,거절,미응답,False,,,,응답 대기 종료
MT03033,2026-07-15,M033,M858,MG05,True,False,True,True,False,False,False,0.5,0.32,66,거절,미응답,False,,,,응답 대기 종료
MT03034,2026-07-10,M034,M796,MG05,True,True,False,True,True,False,True,0.25,0.31,74,수락,수락,True,2026-07-18,전북,True,애프터 성사
MT03035,2026-07-10,M035,M264,MG13,False,False,False,True,False,True,True,0.75,0.56,75,수락,미응답,False,,,,응답 대기 종료
MT03036,2026-07-02,M036,M618,MG20,True,True,True,False,True,False,False,0.25,0.6,71,거절,거절,False,,,,추천 종료
MT03037,2026-07-16,M037,M170,MG01,True,False,True,True,False,True,True,0.25,0.58,78,미응답,수락,False,,,,응답 대기 종료
MT03038,2026-07-07,M038,M579,MG13,False,False,True,True,False,False,False,0.25,0.75,61,거절,수락,False,,,,추천 종료
MT03039,2026-07-11,M039,M896,MG19,True,True,True,True,False,True,False,0.25,0.68,67,거절,미응답,False,,,,응답 대기 종료
MT03040,2026-07-25,M040,M109,MG08,True,True,True,True,False,True,False,0,0.66,67,미응답,거절,False,,,,응답 대기 종료
MT03041,2026-07-04,M041,M031,MG16,False,False,True,True,False,False,False,0,0.99,54,미응답,수락,False,,,,응답 대기 종료
MT03042,2026-07-03,M042,M007,MG06,True,True,True,True,False,False,True,1,0.58,83,수락,수락,True,2026-07-13,서울,True,애프터 성사
MT03043,2026-07-24,M043,M926,MG11,True,True,True,True,False,False,True,0.5,0.73,75,거절,미응답,False,,,,응답 대기 종료
MT03044,2026-07-19,M044,M581,MG12,False,False,True,True,False,True,True,0.25,0.42,69,거절,수락,False,,,,추천 종료
MT03045,2026-07-23,M045,M959,MG13,False,False,True,True,False,True,True,0.25,0.69,66,수락,거절,False,,,,추천 종료
MT03046,2026-07-12,M046,M961,MG20,False,True,True,True,False,True,True,0.75,0.51,84,수락,수락,True,2026-07-14,서울,False,첫 만남 완료
MT03047,2026-07-18,M047,M064,MG05,True,True,True,True,False,True,False,0.5,0.23,70,미응답,수락,False,,,,응답 대기 종료
MT03048,2026-07-30,M048,M223,MG01,True,False,True,True,False,True,True,0.5,0.59,81,수락,거절,False,,,,추천 종료
MT03049,2026-07-18,M049,M006,MG20,False,False,True,True,False,True,True,0.5,0.98,70,거절,미응답,False,,,,응답 대기 종료
MT03050,2026-07-27,M050,M564,MG14,False,False,False,True,False,True,True,0.25,0.48,72,거절,수락,False,,,,추천 종료
MT03051,2026-07-17,M051,M196,MG17,False,False,False,True,False,False,False,0,0.71,46,거절,미응답,False,,,,응답 대기 종료
MT03052,2026-07-12,M052,M690,MG13,False,False,True,True,True,True,False,0,0.58,62,수락,수락,True,2026-07-24,인천,True,애프터 성사
MT03053,2026-07-22,M053,M212,MG18,False,False,False,True,True,False,True,0.5,0.41,65,수락,미응답,False,,,,응답 대기 종료
MT03054,2026-07-06,M054,M646,MG10,True,True,False,True,False,False,False,0.25,0.18,51,거절,거절,False,,,,추천 종료
MT03055,2026-07-02,M055,M133,MG16,False,False,True,False,False,False,False,0.25,0.59,56,미응답,거절,False,,,,응답 대기 종료
MT03056,2026-07-26,M056,M263,MG06,False,False,True,True,True,False,True,0.25,0.54,73,거절,미응답,False,,,,응답 대기 종료
MT03057,2026-07-06,M057,M722,MG04,False,False,True,True,False,True,True,0.5,0.33,69,거절,거절,False,,,,추천 종료
MT03058,2026-07-18,M058,M452,MG09,False,False,True,False,False,False,True,0.25,0.58,70,수락,수락,True,2026-07-27,서울,True,애프터 성사
MT03059,2026-07-24,M059,M199,MG05,False,False,False,True,False,True,True,0.5,0.52,61,거절,수락,False,,,,추천 종료
MT03060,2026-07-15,M060,M352,MG03,False,False,True,False,False,False,True,0.25,0.88,64,수락,거절,False,,,,추천 종료
MT03061,2026-07-07,M061,M041,MG19,True,True,True,True,False,False,False,0.25,0.75,66,수락,미응답,False,,,,응답 대기 종료
MT03062,2026-07-02,M062,M217,MG08,True,True,True,False,False,True,False,0.25,0.45,66,미응답,미응답,False,,,,응답 대기 종료
MT03063,2026-07-25,M063,M159,MG01,False,False,False,True,False,True,True,0.25,0.7,68,미응답,거절,False,,,,응답 대기 종료
MT03064,2026-07-20,M064,M314,MG13,False,False,True,True,False,True,True,0.75,0.55,69,거절,거절,False,,,,추천 종료
MT03065,2026-07-14,M065,M601,MG17,True,True,True,True,False,False,False,0.25,0.51,70,수락,거절,False,,,,추천 종료
MT03066,2026-07-11,M066,M456,MG08,True,True,False,True,False,False,False,0,0.58,57,미응답,미응답,False,,,,응답 대기 종료
MT03067,2026-07-06,M067,M896,MG12,True,True,True,True,True,False,False,0.25,0.49,67,미응답,거절,False,,,,응답 대기 종료
MT03068,2026-07-15,M068,M528,MG02,True,True,True,False,False,True,True,0.25,0.77,55,미응답,미응답,False,,,,응답 대기 종료
MT03069,2026-07-25,M069,M094,MG19,False,False,True,True,True,False,True,0.75,0.47,82,거절,수락,False,,,,추천 종료
MT03070,2026-07-11,M070,M650,MG20,False,False,True,True,False,True,True,0.75,0.68,72,수락,수락,True,2026-07-19,서울,True,애프터 성사
MT03071,2026-07-13,M071,M780,MG08,False,False,True,True,False,True,True,0.25,0.54,62,거절,수락,False,,,,추천 종료
MT03072,2026-07-05,M072,M365,MG17,True,True,True,False,False,False,False,0.25,0.65,55,거절,미응답,False,,,,응답 대기 종료
MT03073,2026-07-21,M073,M268,MG19,True,True,False,True,False,True,False,0.5,0.27,72,수락,수락,True,2026-07-30,경기,False,첫 만남 완료
MT03074,2026-07-29,M074,M197,MG16,True,True,True,True,False,True,False,0.25,0.48,63,수락,거절,False,,,,추천 종료
MT03075,2026-07-17,M075,M847,MG02,True,True,True,False,True,True,True,0.25,0.71,76,거절,수락,False,,,,추천 종료
MT03076,2026-07-12,M076,M951,MG04,True,False,True,True,False,False,True,0.5,0.72,66,수락,거절,False,,,,추천 종료
MT03077,2026-07-02,M077,M866,MG04,False,True,True,True,False,True,True,0.25,0.26,65,수락,수락,True,2026-07-08,울산,True,애프터 성사
MT03078,2026-07-08,M078,M933,MG09,True,False,True,True,False,False,False,0.75,0.64,75,수락,미응답,False,,,,응답 대기 종료
MT03079,2026-07-24,M079,M647,MG03,True,False,True,False,False,False,True,0,0.75,65,거절,수락,False,,,,추천 종료
MT03080,2026-07-12,M080,M643,MG19,False,True,True,False,True,True,False,0.25,0.49,72,수락,미응답,False,,,,응답 대기 종료
MT03081,2026-07-28,M081,M763,MG12,False,False,True,False,False,True,True,0.75,0.43,72,수락,수락,True,2026-08-02,서울,True,애프터 성사
MT03082,2026-07-10,M082,M416,MG20,False,False,True,True,False,True,True,0.5,0.96,78,거절,수락,False,,,,추천 종료
MT03083,2026-07-23,M083,M844,MG05,False,False,True,True,False,False,True,0.5,0.32,67,거절,거절,False,,,,추천 종료
MT03084,2026-07-28,M084,M801,MG11,True,True,True,False,True,False,True,0.25,0.5,68,거절,수락,False,,,,추천 종료
MT03085,2026-07-26,M085,M912,MG11,True,True,True,True,False,True,True,0.5,0.59,80,미응답,수락,False,,,,응답 대기 종료
MT03086,2026-07-03,M086,M035,MG05,True,False,True,False,False,True,True,0.5,0.61,73,미응답,수락,False,,,,응답 대기 종료
MT03087,2026-07-21,M087,M861,MG13,True,True,True,False,True,False,True,0.5,0.98,80,미응답,미응답,False,,,,응답 대기 종료
MT03088,2026-07-08,M088,M852,MG06,True,True,True,False,False,False,False,0.25,0.34,62,미응답,거절,False,,,,응답 대기 종료
MT03089,2026-07-25,M089,M503,MG07,True,True,True,True,True,True,True,0.5,0.62,82,수락,미응답,False,,,,응답 대기 종료
MT03090,2026-07-04,M090,M493,MG03,False,True,False,True,False,False,True,0.5,0.41,67,수락,거절,False,,,,추천 종료
MT03091,2026-07-22,M091,M420,MG09,True,True,True,True,False,False,True,0.5,0.76,69,거절,거절,False,,,,추천 종료
MT03092,2026-07-14,M092,M907,MG04,True,False,True,True,True,True,True,0.25,0.73,74,거절,거절,False,,,,추천 종료
MT03093,2026-07-07,M093,M766,MG08,False,False,False,True,False,True,True,0.75,0.26,65,미응답,수락,False,,,,응답 대기 종료
MT03094,2026-07-17,M094,M439,MG11,False,False,True,True,False,False,False,0.25,0.7,68,수락,미응답,False,,,,응답 대기 종료
MT03095,2026-07-27,M095,M366,MG04,False,True,True,True,False,True,True,0.75,0.69,83,수락,수락,True,2026-07-30,강원,True,애프터 성사
MT03096,2026-07-24,M096,M115,MG02,False,False,True,False,False,True,True,0.25,0.48,55,거절,거절,False,,,,추천 종료
MT03097,2026-07-02,M097,M966,MG02,True,True,True,True,False,False,True,0.25,0.61,77,미응답,거절,False,,,,응답 대기 종료
MT03098,2026-07-20,M098,M334,MG06,False,False,True,True,False,True,True,0.25,0.63,66,수락,거절,False,,,,추천 종료
MT03099,2026-07-25,M099,M657,MG10,True,True,True,True,True,True,True,0.25,0.67,83,수락,수락,True,2026-07-31,경남,True,애프터 성사
MT03100,2026-07-27,M100,M538,MG18,False,False,True,True,False,True,True,0.25,0.67,65,수락,수락,True,2026-08-07,서울,True,애프터 성사
MT03101,2026-07-04,M101,M194,MG05,True,True,True,True,False,True,True,0.75,0.75,79,수락,미응답,False,,,,응답 대기 종료
MT03102,2026-07-06,M102,M936,MG10,False,False,True,True,False,True,True,0,0.81,63,거절,,False,,,,추천 종료
MT03103,2026-07-01,M103,M197,MG09,False,False,True,True,False,True,True,0.5,0.59,78,미응답,미응답,False,,,,응답 대기 종료
MT03104,2026-07-01,M104,M830,MG19,True,True,True,True,True,False,False,0.5,0.36,77,미응답,미응답,False,,,,응답 대기 종료
MT03105,2026-07-25,M105,M609,MG06,True,True,True,False,False,True,True,0.25,0.85,69,수락,수락,True,2026-08-05,서울,False,첫 만남 완료
MT03106,2026-07-20,M106,M728,MG10,False,True,False,True,False,True,True,0.5,0.7,73,미응답,거절,False,,,,응답 대기 종료
MT03107,2026-07-29,M107,M093,MG20,False,False,True,False,False,True,True,0,0.27,59,거절,거절,False,,,,추천 종료
MT03108,2026-07-27,M108,M440,MG07,True,True,True,True,False,False,False,0.5,0.81,69,미응답,수락,False,,,,응답 대기 종료
MT03109,2026-07-16,M109,M354,MG07,True,True,False,True,False,True,False,0.25,0.62,68,수락,수락,True,2026-07-21,서울,False,첫 만남 완료
MT03110,2026-07-20,M110,M887,MG09,True,True,True,True,False,True,False,0.5,0.58,70,수락,수락,True,2026-07-30,광주,False,첫 만남 완료
MT03111,2026-07-12,M111,M742,MG07,True,True,True,True,False,True,False,0.25,0.43,65,거절,거절,False,,,,추천 종료
MT03112,2026-07-05,M112,M005,MG01,False,False,True,False,False,True,True,0.5,0.75,78,미응답,미응답,False,,,,응답 대기 종료
MT03113,2026-07-11,M113,M834,MG15,True,True,True,False,False,False,True,0.25,0.67,70,거절,수락,False,,,,추천 종료
MT03114,2026-07-18,M114,M140,MG13,True,True,False,True,False,False,True,0.5,1,80,수락,수락,True,2026-07-31,대구,True,애프터 성사
MT03115,2026-07-08,M115,M201,MG01,True,False,False,True,False,False,True,0.25,0.83,55,미응답,미응답,False,,,,응답 대기 종료
MT03116,2026-07-14,M116,M517,MG11,True,False,True,False,False,True,True,0.25,0.96,71,수락,수락,True,2026-07-26,경기,True,애프터 성사
MT03117,2026-07-26,M117,M490,MG11,True,True,True,False,False,True,True,0.5,0.14,68,미응답,거절,False,,,,응답 대기 종료
MT03118,2026-07-23,M118,M010,MG08,False,False,True,True,False,True,True,0.5,0.86,77,거절,수락,False,,,,추천 종료
MT03119,2026-07-21,M119,M495,MG19,True,True,True,False,True,True,True,0.75,0.74,87,미응답,거절,False,,,,응답 대기 종료
MT03120,2026-07-01,M120,M129,MG05,False,False,True,True,True,True,True,0.5,0.44,74,미응답,미응답,False,,,,응답 대기 종료
MT03121,2026-07-14,M121,M164,MG03,False,False,False,True,True,True,True,0.25,0.68,71,수락,거절,False,,,,추천 종료
MT03122,2026-07-01,M122,M096,MG14,True,True,True,True,False,True,True,0.5,0.3,71,미응답,미응답,False,,,,응답 대기 종료
MT03123,2026-07-09,M123,M102,MG08,False,False,False,True,False,True,True,0.25,0.62,63,수락,미응답,False,,,,응답 대기 종료
MT03124,2026-07-26,M124,M799,MG11,True,True,True,True,False,False,True,0.25,0.84,76,거절,수락,False,,,,추천 종료
MT03125,2026-07-08,M125,M990,MG12,True,False,False,True,False,True,False,0.5,0.56,57,미응답,미응답,False,,,,응답 대기 종료
MT03126,2026-07-22,M126,M889,MG07,False,False,False,True,False,False,True,0.75,0.64,50,수락,거절,False,,,,추천 종료
MT03127,2026-07-15,M127,M901,MG02,False,False,False,True,False,True,True,0.25,0.89,71,수락,수락,True,2026-07-29,경기,True,애프터 성사
MT03128,2026-07-06,M128,M726,MG09,True,True,False,True,True,False,False,0,0.58,70,수락,수락,True,2026-07-13,제주,True,애프터 성사
MT03129,2026-07-04,M129,M004,MG15,True,False,True,True,True,True,True,0.5,0.88,82,미응답,미응답,False,,,,응답 대기 종료
MT03130,2026-07-21,M130,M178,MG03,False,False,True,False,False,True,True,0.25,0.85,67,미응답,수락,False,,,,응답 대기 종료
MT03131,2026-07-26,M131,M852,MG16,False,False,True,True,False,False,False,0.25,0.81,65,미응답,거절,False,,,,응답 대기 종료
MT03132,2026-07-01,M132,M920,MG17,True,True,True,False,False,False,True,0.5,0.6,67,수락,미응답,False,,,,응답 대기 종료
MT03133,2026-07-29,M133,M696,MG07,True,True,False,True,True,True,False,0.25,0.52,75,거절,거절,False,,,,추천 종료
MT03134,2026-07-11,M134,M294,MG02,False,False,True,False,False,True,True,0.5,1,70,거절,미응답,False,,,,응답 대기 종료
MT03135,2026-07-12,M135,M623,MG20,True,True,True,False,False,False,True,0.25,0.45,62,수락,미응답,False,,,,응답 대기 종료
MT03136,2026-07-07,M136,M289,MG02,False,False,True,False,False,True,False,0.75,0.76,68,거절,미응답,False,,,,응답 대기 종료
MT03137,2026-07-30,M137,M834,MG02,False,False,True,False,True,True,True,0.25,0.39,73,거절,거절,False,,,,추천 종료
MT03138,2026-07-29,M138,M697,MG11,False,False,False,True,True,True,True,0,0.57,53,거절,거절,False,,,,추천 종료
MT03139,2026-07-09,M139,M916,MG19,False,True,False,True,False,True,True,0.25,0.95,69,거절,거절,False,,,,추천 종료
MT03140,2026-07-21,M140,M174,MG17,True,False,True,True,False,True,True,0.25,0.42,73,미응답,수락,False,,,,응답 대기 종료
MT03141,2026-07-11,M141,M895,MG12,True,True,False,True,True,True,True,0,0.61,76,미응답,수락,False,,,,응답 대기 종료
MT03142,2026-07-07,M142,M524,MG17,True,False,True,True,True,True,False,0.75,0.33,80,미응답,수락,False,,,,응답 대기 종료
MT03143,2026-07-01,M143,M821,MG08,True,True,True,True,False,False,True,0.25,0.95,79,미응답,미응답,False,,,,응답 대기 종료
MT03144,2026-07-23,M144,M150,MG20,False,False,False,True,False,False,True,0.25,0.45,56,거절,거절,False,,,,추천 종료
MT03145,2026-07-01,M145,M603,MG05,True,True,True,True,True,True,True,0.5,0.46,88,수락,미응답,False,,,,응답 대기 종료
MT03146,2026-07-24,M146,M383,MG11,True,True,True,True,False,True,False,0.5,0.21,76,수락,미응답,False,,,,응답 대기 종료
MT03147,2026-07-03,M147,M905,MG02,True,True,True,True,False,False,True,0.75,0.52,77,수락,거절,False,,,,추천 종료
MT03148,2026-07-04,M148,M116,MG19,False,True,False,True,False,False,True,0.25,0.42,59,미응답,거절,False,,,,응답 대기 종료
MT03149,2026-07-28,M149,M009,MG12,False,False,True,False,False,True,False,0,0.5,44,거절,미응답,False,,,,응답 대기 종료
MT03150,2026-07-11,M150,M376,MG08,False,False,False,True,False,True,False,0.75,0.51,67,거절,미응답,False,,,,응답 대기 종료
MT03151,2026-07-24,M151,M292,MG10,False,False,True,False,False,True,False,0.25,0.83,70,미응답,거절,False,,,,응답 대기 종료
MT03152,2026-07-23,M152,M317,MG06,False,True,False,True,False,False,True,0.75,0.73,72,거절,수락,False,,,,추천 종료
MT03153,2026-07-04,M153,M447,MG08,True,True,True,False,False,False,True,0.25,0.77,74,미응답,미응답,False,,,,응답 대기 종료
MT03154,2026-07-18,M154,M551,MG13,False,False,True,True,False,False,True,0.25,0.57,68,수락,수락,True,2026-07-28,인천,True,애프터 성사
MT03155,2026-07-27,M155,M942,MG16,True,True,True,True,True,True,True,0.75,0.7,85,수락,미응답,False,,,,응답 대기 종료
MT03156,2026-07-07,M156,M784,MG09,True,True,False,True,True,False,True,0.75,0.53,84,거절,수락,False,,,,추천 종료
MT03157,2026-07-09,M157,M575,MG10,True,False,True,True,True,False,False,0.25,0.55,74,수락,수락,False,,,,추천 종료
MT03158,2026-07-29,M158,M011,MG09,True,True,True,False,False,False,False,0.25,0.65,62,거절,미응답,False,,,,응답 대기 종료
MT03159,2026-07-27,M159,M833,MG01,True,True,True,False,False,False,True,0.5,0.44,69,거절,거절,False,,,,추천 종료
MT03160,2026-07-09,M160,M128,MG20,False,False,True,False,True,False,True,0.25,0.64,73,수락,거절,False,,,,추천 종료
MT03161,2026-07-30,M161,M606,MG11,True,False,True,True,False,True,True,0.5,0.86,84,미응답,미응답,False,,,,응답 대기 종료
MT03162,2026-07-01,M162,M879,MG06,False,False,True,True,False,False,True,0,0.51,61,수락,거절,False,,,,추천 종료
MT03163,2026-07-14,M163,M174,MG14,True,True,True,True,False,False,True,0.25,0.43,69,미응답,거절,False,,,,응답 대기 종료
MT03164,2026-07-21,M164,M769,MG02,True,False,False,True,False,False,True,0.5,0.57,64,미응답,거절,False,,,,응답 대기 종료
MT03165,2026-07-17,M165,M183,MG14,False,False,True,True,False,False,False,0.25,0.57,65,거절,미응답,False,,,,응답 대기 종료
MT03166,2026-07-13,M166,M760,MG13,False,False,True,True,False,True,True,0.5,0.56,72,수락,미응답,False,,,,응답 대기 종료
MT03167,2026-07-11,M167,M485,MG15,True,True,True,False,False,True,False,0.5,0.56,70,미응답,거절,False,,,,응답 대기 종료
MT03168,2026-07-23,M168,M701,MG12,True,True,False,True,False,True,True,0.5,0.69,78,거절,미응답,False,,,,응답 대기 종료
MT03169,2026-07-26,M169,M782,MG16,True,False,True,True,True,True,True,0.5,0.51,85,수락,수락,True,2026-08-05,경기,True,애프터 성사
MT03170,2026-07-14,M170,M994,MG02,True,True,True,True,False,True,True,0.5,0.36,80,수락,수락,True,2026-07-23,서울,True,애프터 성사
MT03171,2026-07-12,M171,M407,MG02,False,False,True,True,False,True,True,0.5,0.32,63,거절,거절,False,,,,추천 종료
MT03172,2026-07-29,M172,M461,MG20,False,False,True,True,True,True,True,0.5,0.64,80,미응답,수락,False,,,,응답 대기 종료
MT03173,2026-07-25,M173,M504,MG16,True,False,True,False,False,False,True,0.25,0.36,62,수락,수락,True,2026-08-01,경기,False,첫 만남 완료
MT03174,2026-07-08,M174,M576,MG19,True,True,True,True,False,False,True,0.5,0.71,73,거절,미응답,False,,,,응답 대기 종료
MT03175,2026-07-07,M175,M683,MG02,False,True,False,True,False,True,False,0,0.33,55,미응답,미응답,False,,,,응답 대기 종료
MT03176,2026-07-16,M176,M587,MG03,False,False,False,True,True,False,True,0.5,0.54,68,수락,수락,False,,,,추천 종료
MT03177,2026-07-01,M177,M838,MG12,False,False,True,False,False,False,True,0.75,0.48,62,거절,수락,False,,,,추천 종료
MT03178,2026-07-16,M178,M298,MG07,False,False,False,True,False,True,True,0.25,0.44,62,수락,미응답,False,,,,응답 대기 종료
MT03179,2026-07-06,M179,M009,MG02,False,False,True,True,False,True,False,0.5,0.49,71,수락,거절,False,,,,추천 종료
MT03180,2026-07-29,M180,M373,MG13,False,False,True,True,False,False,True,0,0.56,63,수락,미응답,False,,,,응답 대기 종료
MT03181,2026-07-03,M181,M902,MG07,True,False,True,True,False,False,False,0,0.54,61,거절,거절,False,,,,추천 종료
MT03182,2026-07-15,M182,M993,MG07,False,True,True,False,False,False,True,0.5,0.8,75,거절,거절,False,,,,추천 종료
MT03183,2026-07-14,M183,M067,MG20,False,False,True,True,True,False,True,0.75,0.55,75,미응답,수락,False,,,,응답 대기 종료
MT03184,2026-07-14,M184,M733,MG10,False,True,False,True,False,False,True,0.25,0.93,60,미응답,미응답,False,,,,응답 대기 종료
MT03185,2026-07-02,M185,M053,MG04,True,True,True,True,False,True,True,0.25,0.68,73,미응답,수락,False,,,,응답 대기 종료
MT03186,2026-07-26,M186,M550,MG01,False,False,True,True,False,True,False,0.75,0.57,71,수락,미응답,False,,,,응답 대기 종료
MT03187,2026-07-05,M187,M008,MG06,False,False,False,True,True,False,True,0.25,0.27,65,미응답,수락,False,,,,응답 대기 종료
MT03188,2026-07-22,M188,M417,MG03,False,False,True,True,True,True,True,0.5,0.69,78,미응답,거절,False,,,,응답 대기 종료
MT03189,2026-07-06,M189,M972,MG12,False,True,True,True,True,False,True,0.25,0.41,75,미응답,수락,False,,,,응답 대기 종료
MT03190,2026-07-18,M190,M346,MG19,True,True,True,True,True,False,True,0.25,0.57,77,거절,거절,False,,,,추천 종료
MT03191,2026-07-30,M191,M035,MG13,False,False,True,False,True,True,True,0.75,0.83,80,거절,수락,False,,,,추천 종료
MT03192,2026-07-28,M192,M602,MG12,False,False,True,True,True,True,False,0,0.6,64,거절,미응답,False,,,,응답 대기 종료
MT03193,2026-07-14,M193,M582,MG01,True,True,True,True,False,False,True,0.5,0.84,80,거절,거절,False,,,,추천 종료
MT03194,2026-07-12,M194,M561,MG18,True,True,True,True,True,True,True,0.25,0.15,70,수락,수락,True,2026-07-18,서울,False,첫 만남 완료
MT03195,2026-07-30,M195,M995,MG18,True,True,True,True,False,False,True,0.75,0.51,78,미응답,미응답,False,,,,응답 대기 종료
MT03196,2026-07-04,M196,M709,MG18,False,False,True,True,False,False,True,0,0.52,58,거절,거절,False,,,,추천 종료
MT03197,2026-07-19,M197,M279,MG16,True,True,True,True,False,True,False,0,0.43,66,수락,미응답,False,,,,응답 대기 종료
MT03198,2026-07-17,M198,M727,MG14,True,False,True,True,False,True,True,0.25,0.37,76,미응답,거절,False,,,,응답 대기 종료
MT03199,2026-07-18,M199,M025,MG14,True,True,True,True,True,True,True,0.5,0.76,84,수락,미응답,False,,,,응답 대기 종료
MT03200,2026-07-21,M200,M923,MG11,False,False,True,True,False,True,True,0.25,0.95,75,거절,거절,False,,,,추천 종료
MT03201,2026-07-29,M201,M528,MG11,False,False,True,False,False,True,True,0.75,0.87,65,미응답,거절,False,,,,응답 대기 종료
MT03202,2026-07-06,M202,M238,MG04,False,True,True,False,False,True,False,0.25,0.8,58,거절,미응답,False,,,,응답 대기 종료
MT03203,2026-07-26,M203,M308,MG20,False,False,True,False,True,False,True,0.5,0.87,65,수락,미응답,False,,,,응답 대기 종료
MT03204,2026-07-29,M204,M298,MG11,True,True,True,True,False,False,True,0.25,0.57,63,수락,수락,True,2026-08-03,서울,True,애프터 성사
MT03205,2026-07-25,M205,M534,MG20,False,False,True,True,True,True,True,0.5,0.56,77,거절,수락,False,,,,추천 종료
MT03206,2026-07-26,M206,M509,MG09,False,False,True,True,True,True,True,0.5,0.66,77,수락,수락,True,2026-08-02,서울,True,애프터 성사
MT03207,2026-07-20,M207,M410,MG10,True,True,True,True,False,True,True,0.25,0.92,74,미응답,수락,False,,,,응답 대기 종료
MT03208,2026-07-21,M208,M336,MG06,True,True,True,True,True,False,True,0.25,0.52,71,수락,미응답,False,,,,응답 대기 종료
MT03209,2026-07-06,M209,M513,MG06,True,False,True,True,True,True,False,0.25,0.65,76,수락,거절,False,,,,추천 종료
MT03210,2026-07-10,M210,M442,MG10,True,True,True,True,True,False,True,0.5,0.51,82,수락,거절,False,,,,추천 종료
MT03211,2026-07-01,M211,M700,MG16,True,True,True,True,False,True,True,0.5,0.32,76,거절,거절,False,,,,추천 종료
MT03212,2026-07-16,M212,M714,MG15,False,False,True,False,False,False,True,0.75,0.35,62,수락,수락,True,2026-07-28,제주,True,애프터 성사
MT03213,2026-07-23,M213,M829,MG15,False,False,False,True,False,False,False,0.25,0.89,55,미응답,수락,False,,,,응답 대기 종료
MT03214,2026-07-24,M214,M110,MG20,True,True,True,False,False,False,False,0.5,0.36,61,거절,거절,False,,,,추천 종료
MT03215,2026-07-18,M215,M502,MG15,True,True,True,True,False,True,True,0.25,0.82,77,미응답,미응답,False,,,,응답 대기 종료
MT03216,2026-07-19,M216,M486,MG05,False,False,True,False,False,True,True,0.75,0.67,73,거절,미응답,False,,,,응답 대기 종료
MT03217,2026-07-04,M217,M686,MG11,False,False,True,True,False,False,True,0.5,0.54,74,미응답,미응답,False,,,,응답 대기 종료
MT03218,2026-07-25,M218,M943,MG13,False,False,True,True,False,True,True,0.5,0.63,79,미응답,수락,False,,,,응답 대기 종료
MT03219,2026-07-01,M219,M134,MG14,True,True,False,True,True,True,True,0.5,0.5,76,거절,수락,False,,,,추천 종료
MT03220,2026-07-18,M220,M553,MG09,True,False,True,True,True,False,False,0.25,0.41,62,거절,수락,False,,,,추천 종료
MT03221,2026-07-24,M221,M687,MG12,True,True,True,True,False,True,False,0,0.35,58,수락,수락,True,2026-08-01,서울,False,첫 만남 완료
MT03222,2026-07-01,M222,M462,MG19,False,False,True,True,False,True,True,0.5,0.63,68,거절,거절,False,,,,추천 종료
MT03223,2026-07-30,M223,M287,MG12,True,True,False,True,False,True,True,0.25,0.64,78,수락,수락,False,2026-07-00,,,추천 종료
MT03224,2026-07-15,M224,M575,MG06,True,True,True,True,False,False,False,0.25,0.83,68,거절,거절,False,,,,추천 종료
MT03225,2026-07-15,M225,M087,MG11,True,False,True,False,False,True,True,0.5,0.61,74,수락,수락,True,2026-07-29,서울,True,애프터 성사
MT03226,2026-07-30,M226,M309,MG07,False,True,True,False,False,True,True,0.5,0.63,74,수락,거절,False,,,,추천 종료
MT03227,2026-07-09,M227,M506,MG06,False,False,True,True,False,False,True,0.25,0.81,65,거절,거절,False,,,,추천 종료
MT03228,2026-07-05,M228,M070,MG06,True,True,True,True,False,True,True,0.25,0.77,73,수락,미응답,False,,,,응답 대기 종료
MT03229,2026-07-02,M229,M545,MG07,False,False,True,False,True,False,True,0.25,0.64,71,미응답,거절,False,,,,응답 대기 종료
MT03230,2026-07-29,M230,M612,MG18,True,True,False,True,True,False,True,0.25,0.42,66,거절,수락,False,,,,추천 종료
MT03231,2026-07-12,M231,M375,MG18,True,True,True,False,False,True,True,0.5,0.36,73,거절,거절,False,,,,추천 종료
MT03232,2026-07-20,M232,M659,MG15,True,True,True,True,True,True,False,0.25,0.63,72,미응답,거절,False,,,,응답 대기 종료
MT03233,2026-07-10,M233,M740,MG02,True,True,False,True,True,True,True,0.25,0.61,79,거절,수락,False,,,,추천 종료
MT03234,2026-07-03,M234,M289,MG05,False,True,True,True,False,False,False,0.25,0.52,57,미응답,미응답,False,,,,응답 대기 종료
MT03235,2026-07-05,M235,M584,MG15,True,True,False,True,False,True,False,0.25,0.62,68,거절,미응답,False,,,,응답 대기 종료
MT03236,2026-07-15,M236,M782,MG12,True,True,True,True,True,True,True,0.5,0.65,84,미응답,수락,False,,,,응답 대기 종료
MT03237,2026-07-16,M237,M596,MG19,True,True,True,False,False,True,True,0.25,0.72,75,수락,수락,True,2026-07-28,서울,False,첫 만남 완료
MT03238,2026-07-06,M238,M435,MG10,False,False,False,True,False,False,False,0.25,0.64,54,거절,미응답,False,,,,응답 대기 종료
MT03239,2026-07-24,M239,M991,MG08,False,False,True,False,False,True,True,0.5,0.62,68,미응답,수락,False,,,,응답 대기 종료
MT03240,2026-07-05,M240,M350,MG12,False,False,True,False,True,False,True,0.25,0.74,69,수락,미응답,False,,,,응답 대기 종료
MT03241,2026-07-09,M241,M550,MG15,False,False,False,True,False,False,False,0,0.88,46,거절,거절,False,,,,추천 종료
MT03242,2026-07-06,M242,M221,MG16,True,False,True,True,False,False,False,0.25,0.49,67,미응답,거절,False,,,,응답 대기 종료
MT03243,2026-07-06,M243,M267,MG01,False,True,False,True,True,True,True,0.25,0.64,74,거절,미응답,False,,,,응답 대기 종료
MT03244,2026-07-09,M244,M731,MG02,False,False,False,True,True,True,False,0.25,0.29,57,미응답,미응답,False,,,,응답 대기 종료
MT03245,2026-07-25,M245,M336,MG07,False,False,False,True,True,False,True,0.5,0.46,62,거절,거절,False,,,,추천 종료
MT03246,2026-07-05,M246,M225,MG10,True,True,False,True,False,True,True,0.5,0.41,69,거절,미응답,False,,,,응답 대기 종료
MT03247,2026-07-05,M247,M688,MG03,True,True,False,True,True,False,True,0.5,0.74,81,미응답,수락,False,,,,응답 대기 종료
MT03248,2026-07-08,M248,M084,MG18,False,False,True,True,True,True,True,1,0.32,87,거절,수락,False,,,,추천 종료
MT03249,2026-07-23,M249,M619,MG09,False,False,False,True,False,True,True,0.5,0.56,70,수락,거절,False,,,,추천 종료
MT03250,2026-07-21,M250,M121,MG17,True,True,True,True,True,False,True,0.25,0.72,80,수락,거절,False,,,,추천 종료
MT03251,2026-07-16,M251,M792,MG01,True,True,True,False,False,True,True,0.25,0.5,66,수락,거절,False,,,,추천 종료
MT03252,2026-07-01,M252,M491,MG12,False,False,True,True,True,True,True,0.25,0.61,77,미응답,미응답,False,,,,응답 대기 종료
MT03253,2026-07-21,M253,M767,MG20,True,True,True,True,True,False,True,0,0.31,76,거절,미응답,False,,,,응답 대기 종료
MT03254,2026-07-07,M254,M704,MG03,False,False,True,True,False,True,True,0.25,0.93,66,거절,미응답,False,,,,응답 대기 종료
MT03255,2026-07-10,M255,M915,MG17,True,False,True,False,False,True,True,0.25,0.44,61,거절,수락,False,,,,추천 종료
MT03256,2026-07-28,M256,M359,MG06,False,False,True,True,False,False,True,0.5,0.9,74,수락,거절,False,,,,추천 종료
MT03257,2026-07-14,M257,M827,MG07,True,True,True,False,False,False,True,0.5,0.42,58,수락,미응답,False,,,,응답 대기 종료
MT03258,2026-07-12,M258,M234,MG20,False,False,False,True,True,False,True,0.25,0.27,58,수락,거절,False,,,,추천 종료
MT03259,2026-07-28,M259,M558,MG11,False,False,True,True,False,False,True,0.25,0.29,63,거절,거절,False,,,,추천 종료
MT03260,2026-07-17,M260,M679,MG05,False,False,True,True,False,True,True,0.5,0.22,73,거절,미응답,False,,,,응답 대기 종료
MT03261,2026-07-28,M261,M593,MG01,True,True,False,True,False,False,True,0.5,0.45,69,거절,미응답,False,,,,응답 대기 종료
MT03262,2026-07-06,M262,M947,MG20,True,False,True,True,False,True,True,0.5,0.75,74,거절,거절,False,,,,추천 종료
MT03263,2026-07-03,M263,M215,MG16,True,False,True,True,True,False,True,0.25,0.72,67,거절,미응답,False,,,,응답 대기 종료
MT03264,2026-07-01,M264,M236,MG09,False,False,True,True,True,True,True,0.75,0.75,84,거절,거절,False,,,,추천 종료
MT03265,2026-07-15,M265,M955,MG05,True,False,True,True,False,True,False,0.25,0.62,75,수락,수락,True,2026-07-17,부산,False,첫 만남 완료
MT03266,2026-07-30,M266,M915,MG12,False,False,True,False,True,True,True,0,0.46,67,미응답,미응답,False,,,,응답 대기 종료
MT03267,2026-07-10,M267,M584,MG08,True,True,False,True,False,True,False,0.5,0.45,69,수락,수락,True,2026-07-22,서울,True,애프터 성사
MT03268,2026-07-29,M268,M883,MG19,False,False,True,True,False,True,True,0.5,0.59,75,미응답,거절,False,,,,응답 대기 종료
MT03269,2026-07-03,M269,M234,MG19,False,False,True,False,False,True,True,0.75,0.71,73,수락,거절,False,,,,추천 종료
MT03270,2026-07-23,M270,M662,MG06,False,False,True,False,False,True,True,0,0.59,60,거절,거절,False,,,,추천 종료
MT03271,2026-07-22,M271,M627,MG02,False,False,False,True,False,False,True,0.25,0.81,61,거절,수락,False,,,,추천 종료
MT03272,2026-07-25,M272,M229,MG07,False,False,False,True,False,True,True,0.25,0.85,72,거절,미응답,False,,,,응답 대기 종료
MT03273,2026-07-07,M273,M697,MG20,True,True,False,True,True,True,True,0.5,0.45,65,거절,수락,False,,,,추천 종료
MT03274,2026-07-24,M274,M330,MG05,True,True,False,True,False,False,True,0.5,0.53,68,미응답,미응답,False,,,,응답 대기 종료
MT03275,2026-07-30,M275,M869,MG10,True,True,True,True,False,True,True,0.25,0.61,82,수락,수락,True,2026-08-08,경기,True,애프터 성사
MT03276,2026-07-21,M276,M746,MG09,False,False,False,True,True,True,True,0.5,0.55,68,거절,거절,False,,,,추천 종료
MT03277,2026-07-22,M277,M101,MG02,True,True,True,False,False,True,True,0.25,0.79,69,미응답,거절,False,,,,응답 대기 종료
MT03278,2026-07-05,M278,M525,MG04,True,True,True,True,False,True,True,0.5,0.3,82,수락,수락,True,2026-07-09,서울,False,첫 만남 완료
MT03279,2026-07-07,M279,M712,MG16,True,True,True,True,True,True,False,0,0.54,71,거절,미응답,False,,,,응답 대기 종료
MT03280,2026-07-24,M280,M260,MG10,True,True,False,True,False,False,True,0.25,0.86,72,미응답,미응답,False,,,,응답 대기 종료
MT03281,2026-07-22,M281,M585,MG01,True,True,True,False,True,True,True,0.5,0.69,79,거절,미응답,False,,,,응답 대기 종료
MT03282,2026-07-28,M282,M613,MG14,False,False,True,False,False,False,True,0.75,0.66,60,거절,수락,False,,,,추천 종료
MT03283,2026-07-13,M283,M273,MG17,False,False,True,True,False,True,True,0.5,0.62,69,미응답,수락,False,,,,응답 대기 종료
MT03284,2026-07-21,M284,M597,MG15,False,True,True,True,True,True,False,0.25,0.62,74,거절,거절,False,,,,추천 종료
MT03285,2026-07-24,M285,M351,MG13,True,True,True,True,False,False,False,0.25,0.65,70,수락,미응답,False,,,,응답 대기 종료
MT03286,2026-07-16,M286,M377,MG09,False,True,True,True,True,False,False,0.25,0.58,64,수락,거절,False,,,,추천 종료
MT03287,2026-07-01,M287,M609,MG18,True,True,True,False,False,True,True,0.5,0.61,72,수락,미응답,False,,,,응답 대기 종료
MT03288,2026-07-25,M288,M091,MG18,False,False,False,True,False,True,True,0.25,0.53,57,거절,거절,False,,,,추천 종료
MT03289,2026-07-08,M289,M098,MG09,False,False,True,True,False,True,True,0.25,0.48,62,미응답,미응답,False,,,,응답 대기 종료
MT03290,2026-07-15,M290,M162,MG16,False,False,True,False,False,True,True,0.75,0.42,77,거절,수락,False,,,,추천 종료
MT03291,2026-07-29,M291,M974,MG07,False,False,True,True,False,False,True,0.25,0.73,66,거절,수락,False,,,,추천 종료
MT03292,2026-07-21,M292,M892,MG19,False,False,False,True,False,True,True,0.25,0.6,69,수락,수락,True,2026-07-31,충남,False,첫 만남 완료
MT03293,2026-07-13,M293,M225,MG07,True,True,False,True,False,True,True,0.5,0.81,73,수락,수락,True,2026-07-16,서울,False,첫 만남 완료
MT03294,2026-07-14,M294,M525,MG15,True,True,True,True,False,True,True,0.25,0.57,77,거절,수락,False,,,,추천 종료
MT03295,2026-07-24,M295,M511,MG13,False,True,False,True,False,False,True,0.5,0.53,67,수락,수락,True,2026-08-03,서울,True,애프터 성사
MT03296,2026-07-25,M296,M603,MG16,True,True,True,False,True,False,True,0.5,0.81,78,수락,거절,False,,,,추천 종료
MT03297,2026-07-04,M297,M219,MG08,True,True,True,False,False,False,True,0.75,0.79,71,미응답,거절,False,,,,응답 대기 종료
MT03298,2026-07-23,M298,M155,MG16,True,True,True,True,False,True,True,0.75,0.86,86,수락,수락,True,2026-07-27,경기,True,애프터 성사
MT03299,2026-07-10,M299,M111,MG09,False,False,False,True,False,False,True,0.5,0.63,63,거절,미응답,False,,,,응답 대기 종료
MT03300,2026-07-04,M300,M508,MG10,False,True,True,True,False,True,True,0.5,0.95,85,미응답,수락,False,,,,응답 대기 종료
MT03301,2026-07-17,M301,M905,MG03,False,True,False,True,False,True,True,0.25,0.57,71,미응답,미응답,False,,,,응답 대기 종료
MT03302,2026-07-25,M302,M511,MG11,True,True,False,True,False,False,True,1,0.75,75,수락,미응답,False,,,,응답 대기 종료
MT03303,2026-07-19,M303,M525,MG01,True,True,False,True,False,True,True,0.25,0.6,75,수락,수락,True,2026-07-25,충북,True,애프터 성사
MT03304,2026-07-09,M304,M443,MG07,False,True,False,True,False,True,True,0.5,0.34,65,거절,수락,False,,,,추천 종료
MT03305,2026-07-09,M305,M504,MG19,False,False,True,False,False,False,True,0.25,0.66,58,수락,거절,False,,,,추천 종료
MT03306,2026-07-05,M306,M917,MG19,False,False,False,True,False,True,True,0.25,0.62,62,미응답,거절,False,,,,응답 대기 종료
MT03307,2026-07-30,M307,M092,MG06,True,True,True,True,False,True,True,0.5,0.41,80,미응답,수락,False,,,,응답 대기 종료
MT03308,2026-07-15,M308,M679,MG20,False,False,True,True,False,True,True,0.25,0.59,66,미응답,거절,False,,,,응답 대기 종료
MT03309,2026-07-17,M309,M105,MG02,True,True,False,True,False,True,True,0.25,0.5,63,수락,수락,True,2026-07-24,서울,True,애프터 성사
MT03310,2026-07-26,M310,M938,MG08,True,True,True,False,True,True,False,0.5,0.65,74,수락,수락,True,2026-07-29,경기,False,첫 만남 완료
MT03311,2026-07-30,M311,M661,MG05,True,True,True,True,True,False,True,0.5,0.62,80,미응답,미응답,False,,,,응답 대기 종료
MT03312,2026-07-17,M312,M626,MG19,True,True,True,True,False,False,True,0.5,0.94,85,거절,미응답,False,,,,응답 대기 종료
MT03313,2026-07-28,M313,M958,MG07,False,False,True,True,False,False,True,0.25,0.95,62,거절,미응답,False,,,,응답 대기 종료
MT03314,2026-07-07,M314,M096,MG16,False,False,True,True,False,True,True,0.5,0.57,76,거절,거절,False,,,,추천 종료
MT03315,2026-07-28,M315,M056,MG11,False,False,False,True,False,True,True,0.75,0.55,70,수락,미응답,False,,,,응답 대기 종료
MT03316,2026-07-27,M316,M960,MG04,False,False,True,True,True,True,True,0.25,0.77,75,수락,미응답,False,,,,응답 대기 종료
MT03317,2026-07-29,M317,M724,MG11,False,False,True,True,True,False,True,0.25,0.47,69,거절,수락,False,,,,추천 종료
MT03318,2026-07-04,M318,M144,MG11,True,True,True,True,False,False,False,0.25,0.56,74,거절,수락,False,,,,추천 종료
MT03319,2026-07-26,M319,M558,MG01,False,False,False,True,False,True,True,0.75,0.67,73,수락,미응답,False,,,,응답 대기 종료
MT03320,2026-07-17,M320,M350,MG13,False,False,False,True,False,False,True,0.75,0.64,72,수락,미응답,False,,,,응답 대기 종료
MT03321,2026-07-05,M321,M656,MG19,True,True,True,True,False,False,False,0.25,0.95,66,수락,수락,True,2026-07-14,서울,True,애프터 성사
MT03322,2026-07-27,M322,M203,MG09,True,True,False,True,True,False,True,1,0.7,86,거절,거절,False,,,,추천 종료
MT03323,2026-07-27,M323,M418,MG15,True,True,False,True,False,True,True,0.25,0.95,73,미응답,수락,False,,,,응답 대기 종료
MT03324,2026-07-25,M324,M923,MG17,True,False,False,True,False,True,True,0,0.67,66,거절,미응답,False,,,,응답 대기 종료
MT03325,2026-07-07,M325,M977,MG01,True,True,True,True,True,False,True,0.25,0.59,82,거절,수락,False,,,,추천 종료
MT03326,2026-07-18,M326,M743,MG20,False,False,True,False,False,True,True,0.25,0.74,54,거절,미응답,False,,,,응답 대기 종료
MT03327,2026-07-17,M327,M168,MG09,True,True,True,False,True,True,True,0.25,0.88,82,미응답,미응답,False,,,,응답 대기 종료
MT03328,2026-07-01,M328,M455,MG12,True,True,True,True,False,True,False,0.25,0.56,74,미응답,수락,False,,,,응답 대기 종료
MT03329,2026-07-09,M329,M419,MG18,False,True,False,True,False,False,True,0.25,0.67,62,거절,거절,False,,,,추천 종료
MT03330,2026-07-20,M330,M470,MG16,False,False,True,True,False,False,True,0.5,0.43,66,거절,수락,False,,,,추천 종료
MT03331,2026-07-27,M331,M603,MG06,True,True,True,False,True,False,True,0.25,0.7,79,수락,미응답,False,,,,응답 대기 종료
MT03332,2026-07-12,M332,M550,MG20,False,False,True,True,False,True,False,0.5,0.65,68,미응답,거절,False,,,,응답 대기 종료
MT03333,2026-07-20,M333,M743,MG20,False,True,True,False,False,False,True,0.5,0.35,51,미응답,미응답,False,,,,응답 대기 종료
MT03334,2026-07-06,M334,M159,MG14,True,True,True,True,False,True,True,0.5,0.45,73,수락,미응답,False,,,,응답 대기 종료
MT03335,2026-07-27,M335,M841,MG20,True,False,True,False,False,True,True,0.75,0.79,81,수락,거절,False,,,,추천 종료
MT03336,2026-07-16,M336,M412,MG13,False,False,True,True,False,True,True,0.75,0.61,77,거절,거절,False,,,,추천 종료
MT03337,2026-07-16,M337,M493,MG14,True,True,False,True,False,False,True,0.25,0.74,68,미응답,수락,False,,,,응답 대기 종료
MT03338,2026-07-17,M338,M296,MG09,False,False,False,True,False,True,True,0.25,0.46,63,거절,거절,False,,,,추천 종료
MT03339,2026-07-28,M339,M794,MG05,False,False,True,False,False,True,True,0,0.69,62,수락,미응답,False,,,,응답 대기 종료
MT03340,2026-07-19,M340,M769,MG17,False,False,False,True,False,False,True,0.5,0.66,58,수락,수락,True,2026-07-26,서울,False,첫 만남 완료
MT03341,2026-07-29,M341,M703,MG18,True,True,True,True,True,False,True,0.5,0.25,82,미응답,거절,False,,,,응답 대기 종료
MT03342,2026-07-29,M342,M109,MG19,False,False,True,True,False,True,False,0,0.86,62,미응답,수락,False,,,,응답 대기 종료
MT03343,2026-07-17,M343,M394,MG06,True,True,True,True,True,True,False,0.25,0.93,74,미응답,거절,False,,,,응답 대기 종료
MT03344,2026-07-07,M344,M394,MG04,False,True,True,False,False,True,False,0.25,0.94,62,거절,수락,False,,,,추천 종료
MT03345,2026-07-30,M345,M807,MG19,False,True,True,True,False,True,False,0.25,0.59,74,거절,수락,False,,,,추천 종료
MT03346,2026-07-14,M346,M764,MG20,True,True,True,True,True,True,True,0.5,0.89,92,수락,수락,True,2026-07-27,세종,True,애프터 성사
MT03347,2026-07-16,M347,M331,MG16,True,True,False,True,True,True,True,1,0.85,90,수락,수락,True,2026-07-23,서울,True,애프터 성사
MT03348,2026-07-18,M348,M741,MG19,False,False,True,True,True,True,True,0.5,0.58,77,수락,미응답,False,,,,응답 대기 종료
MT03349,2026-07-25,M349,M937,MG18,True,True,True,False,True,False,True,0.5,0.57,76,수락,미응답,False,,,,응답 대기 종료
MT03350,2026-07-23,M350,M914,MG05,False,False,True,False,False,False,True,0.75,0.44,74,거절,거절,False,,,,추천 종료
MT03351,2026-07-08,M351,M683,MG04,False,True,True,True,False,False,False,0.5,0.54,70,거절,미응답,False,,,,응답 대기 종료
MT03352,2026-07-11,M352,M807,MG09,False,False,True,True,False,False,True,0,0.27,55,거절,미응답,False,,,,응답 대기 종료
MT03353,2026-07-10,M353,M654,MG20,True,True,True,True,True,True,False,0.5,0.62,71,미응답,거절,False,,,,응답 대기 종료
MT03354,2026-07-02,M354,M987,MG11,False,False,True,False,False,True,True,0.25,0.41,67,수락,미응답,False,,,,응답 대기 종료
MT03355,2026-07-01,M355,M237,MG19,False,False,True,False,True,False,True,0.25,0.69,69,수락,미응답,False,,,,응답 대기 종료
MT03356,2026-07-14,M356,M162,MG17,True,True,True,False,False,False,True,0.5,0.85,82,수락,수락,True,2026-07-18,경기,True,애프터 성사
MT03357,2026-07-15,M357,M747,MG17,False,False,False,True,False,False,True,0.25,0.95,66,미응답,거절,False,,,,응답 대기 종료
MT03358,2026-07-15,M358,M536,MG04,False,False,True,True,True,True,True,0.5,0.91,86,수락,거절,False,,,,추천 종료
MT03359,2026-07-20,M359,M183,MG20,True,True,False,True,True,True,False,0.5,0.52,77,수락,수락,True,2026-07-22,경기,True,애프터 성사
MT03360,2026-07-07,M360,M748,MG12,True,True,True,True,False,False,False,0.5,0.46,73,수락,거절,False,,,,추천 종료
MT03361,2026-07-21,M361,M748,MG14,False,False,True,True,True,False,True,0.25,0.57,73,수락,거절,False,,,,추천 종료
MT03362,2026-07-23,M362,M099,MG17,True,True,True,False,True,False,True,0.25,0.85,78,거절,거절,False,,,,추천 종료
MT03363,2026-07-04,M363,M628,MG08,False,True,False,True,True,False,True,0.25,0.87,74,거절,거절,False,,,,추천 종료
MT03364,2026-07-23,M364,M941,MG17,False,False,True,True,True,True,False,0.25,0.19,70,수락,거절,False,,,,추천 종료
MT03365,2026-07-17,M365,M969,MG11,True,True,False,True,False,False,True,0.25,0.32,59,미응답,미응답,False,,,,응답 대기 종료
MT03366,2026-07-18,M366,M512,MG09,True,True,False,True,True,True,True,0.25,0.63,80,수락,수락,True,2026-07-29,서울,False,첫 만남 완료
MT03367,2026-07-15,M367,M146,MG06,True,True,True,True,False,True,True,0.5,0.97,88,수락,수락,True,2026-07-22,대구,True,애프터 성사
MT03368,2026-07-17,M368,M527,MG14,True,True,True,True,False,True,True,0.5,0.63,81,미응답,거절,False,,,,응답 대기 종료
MT03369,2026-07-03,M369,M754,MG13,False,True,True,True,False,True,False,0.5,0.86,71,수락,거절,False,,,,추천 종료
MT03370,2026-07-16,M370,M801,MG02,True,False,True,True,False,False,True,0.25,0.95,65,거절,거절,False,,,,추천 종료
MT03371,2026-07-13,M371,M865,MG02,True,True,True,False,False,False,False,0.5,0.57,65,미응답,미응답,False,,,,응답 대기 종료
MT03372,2026-07-05,M372,M146,MG06,True,True,True,True,False,False,True,0.25,0.85,72,수락,거절,False,,,,추천 종료
MT03373,2026-07-09,M373,M231,MG11,False,False,False,True,True,True,True,0.25,0.33,68,거절,거절,False,,,,추천 종료
MT03374,2026-07-03,M374,M515,MG14,True,True,True,False,False,False,True,0.25,0.53,67,수락,거절,False,,,,추천 종료
MT03375,2026-07-13,M375,M065,MG13,False,False,True,True,False,True,True,0.5,1,74,미응답,미응답,False,,,,응답 대기 종료
MT03376,2026-07-08,M376,M252,MG19,False,False,True,True,True,True,False,0,0.59,60,거절,수락,False,,,,추천 종료
MT03377,2026-07-15,M377,M975,MG18,False,False,True,True,False,False,False,0.5,0.84,64,거절,거절,False,,,,추천 종료
MT03378,2026-07-30,M378,M010,MG01,False,False,False,True,False,True,True,0.25,0.5,60,미응답,미응답,False,,,,응답 대기 종료
MT03379,2026-07-29,M379,M728,MG18,True,True,False,True,False,True,True,0.5,0.75,62,거절,거절,False,,,,추천 종료
MT03380,2026-07-09,M380,M492,MG18,False,False,True,False,False,False,True,0.75,0.4,55,미응답,거절,False,,,,응답 대기 종료
MT03381,2026-07-17,M381,M674,MG11,True,True,True,True,True,True,True,0.25,0.66,83,거절,미응답,False,,,,응답 대기 종료
MT03382,2026-07-11,M382,M028,MG18,True,False,True,True,False,True,False,0,0.57,59,미응답,거절,False,,,,응답 대기 종료
MT03383,2026-07-20,M383,M312,MG13,False,False,False,True,True,False,False,0,0.66,57,미응답,미응답,False,,,,응답 대기 종료
MT03384,2026-07-09,M384,M229,MG04,False,False,False,True,False,True,True,0.5,0.64,70,수락,미응답,False,,,,응답 대기 종료
MT03385,2026-07-08,M385,M621,MG16,True,True,True,True,True,True,True,0.5,0.84,87,미응답,수락,False,,,,응답 대기 종료
MT03386,2026-07-06,M386,M561,MG09,False,False,True,True,True,True,True,1,0.73,91,수락,수락,True,2026-07-19,서울,True,애프터 성사
MT03387,2026-07-17,M387,M484,MG18,True,True,True,True,True,True,True,0.5,0.93,89,수락,수락,False,,,,추천 종료
MT03388,2026-07-24,M388,M854,MG01,False,True,False,True,False,True,False,0,0.66,57,거절,거절,False,,,,추천 종료
MT03389,2026-07-16,M389,M632,MG09,True,True,True,False,False,False,True,0.5,0.7,78,거절,수락,False,,,,추천 종료
MT03390,2026-07-13,M390,M668,MG20,True,True,True,True,False,True,True,0.5,0.67,74,수락,수락,True,2026-07-15,경기,False,첫 만남 완료
MT03391,2026-07-07,M391,M388,MG02,True,False,True,True,False,True,True,0.25,0.45,75,수락,거절,False,,,,추천 종료
MT03392,2026-07-02,M392,M557,MG08,False,False,True,False,False,False,True,0.5,0.52,58,거절,수락,False,,,,추천 종료
MT03393,2026-07-03,M393,M073,MG12,False,False,True,False,True,False,True,0.5,0.6,74,미응답,수락,False,,,,응답 대기 종료
MT03394,2026-07-19,M394,M915,MG17,True,True,True,True,False,True,False,0,0.31,60,미응답,미응답,False,,,,응답 대기 종료
MT03395,2026-07-20,M395,M937,MG13,False,False,True,False,True,False,True,0.75,0.51,70,미응답,거절,False,,,,응답 대기 종료
MT03396,2026-07-17,M396,M105,MG02,True,True,True,True,False,True,True,0.5,0.72,69,거절,미응답,False,,,,응답 대기 종료
MT03397,2026-07-28,M397,M311,MG06,True,False,True,True,True,True,True,0.25,0.83,80,미응답,수락,False,,,,응답 대기 종료
MT03398,2026-07-17,M398,M339,MG13,False,False,False,True,True,True,True,0.5,1,82,수락,거절,False,,,,추천 종료
MT03399,2026-07-25,M399,M786,MG16,False,True,False,True,False,True,True,0.75,0.29,62,거절,미응답,False,,,,응답 대기 종료
MT03400,2026-07-24,M400,M131,MG04,True,True,True,True,False,False,False,0.25,0.71,66,거절,미응답,False,,,,응답 대기 종료
MT03401,2026-07-19,M401,M423,MG18,False,True,True,True,False,False,True,0.5,0.89,75,미응답,수락,False,,,,응답 대기 종료
MT03402,2026-07-05,M402,M964,MG19,True,False,False,True,True,True,False,0,0.75,63,거절,미응답,False,,,,응답 대기 종료
MT03403,2026-07-18,M403,M006,MG20,False,False,True,True,False,True,True,0.25,0.45,57,거절,거절,False,,,,추천 종료
MT03404,2026-07-22,M404,M660,MG20,True,True,False,True,False,True,True,0.25,0.6,66,거절,미응답,False,,,,응답 대기 종료
MT03405,2026-07-20,M405,M479,MG01,False,False,True,False,True,True,True,0.75,0.49,78,미응답,미응답,False,,,,응답 대기 종료
MT03406,2026-07-24,M406,M524,MG07,True,True,True,True,False,True,False,0,0.83,61,거절,거절,False,,,,추천 종료
MT03407,2026-07-01,M407,M559,MG18,True,True,True,True,False,True,True,0.25,0.66,78,거절,거절,False,,,,추천 종료
MT03408,2026-07-26,M408,M940,MG16,False,True,True,False,False,True,False,0,0.53,48,거절,미응답,False,,,,응답 대기 종료
MT03409,2026-07-07,M409,M525,MG05,False,False,True,True,False,False,True,0.5,0.52,76,수락,거절,False,,,,추천 종료
MT03410,2026-07-01,M410,M188,MG15,False,False,True,False,False,True,False,0,0.77,63,수락,거절,False,,,,추천 종료
MT03411,2026-07-24,M411,M947,MG05,True,True,True,False,False,True,True,0.25,0.23,64,미응답,거절,False,,,,응답 대기 종료
MT03412,2026-07-15,M412,M141,MG19,True,True,True,False,True,False,True,0.5,0.98,81,거절,거절,False,,,,추천 종료
MT03413,2026-07-12,M413,M900,MG18,False,True,False,False,True,True,True,0.25,0.52,69,미응답,거절,False,,,,응답 대기 종료
MT03414,2026-07-22,M414,M905,MG09,True,True,True,True,False,False,True,0.25,0.51,64,수락,거절,False,,,,추천 종료
MT03415,2026-07-14,M415,M019,MG15,True,True,True,True,False,True,True,0.25,0.47,69,수락,미응답,False,,,,응답 대기 종료
MT03416,2026-07-01,M416,M917,MG03,False,False,True,False,False,False,True,0.25,0.49,55,거절,수락,False,,,,추천 종료
MT03417,2026-07-10,M417,M483,MG02,False,True,True,True,True,True,False,0.5,0.67,82,거절,거절,False,,,,추천 종료
MT03418,2026-07-24,M418,M962,MG06,True,False,True,False,False,True,True,0.25,0.38,60,거절,미응답,False,,,,응답 대기 종료
MT03419,2026-07-03,M419,M808,MG11,True,True,True,False,False,False,True,0.25,0.45,64,미응답,미응답,False,,,,응답 대기 종료
MT03420,2026-07-15,M420,M998,MG12,False,True,True,True,False,False,True,0.25,0.73,59,수락,거절,False,,,,추천 종료
MT03421,2026-07-22,M421,M084,MG11,False,False,True,True,True,False,True,0.75,0.7,78,미응답,수락,False,,,,응답 대기 종료
MT03422,2026-07-18,M422,M696,MG06,False,False,False,True,True,False,False,0.25,0.65,67,거절,거절,False,,,,추천 종료
MT03423,2026-07-26,M423,M499,MG01,False,False,True,True,False,True,True,0.25,0.68,77,미응답,수락,False,,,,응답 대기 종료
MT03424,2026-07-19,M424,M246,MG03,False,False,True,False,False,True,True,0.5,0.79,70,거절,수락,False,,,,추천 종료
MT03425,2026-07-01,M425,M858,MG10,False,False,True,True,False,True,True,0.5,0.93,78,거절,미응답,False,,,,응답 대기 종료
MT03426,2026-07-15,M426,M560,MG12,True,True,True,True,False,True,False,0.25,0.56,73,거절,거절,False,,,,추천 종료
MT03427,2026-07-01,M427,M569,MG08,False,False,True,True,True,False,True,0.5,0.92,80,수락,수락,True,2026-07-03,서울,True,애프터 성사
MT03428,2026-07-15,M428,M902,MG15,False,True,True,True,True,True,False,0,0.77,77,수락,미응답,False,,,,응답 대기 종료
MT03429,2026-07-19,M429,M928,MG05,True,True,True,True,False,False,True,0.25,0.64,79,수락,거절,False,,,,추천 종료
MT03430,2026-07-12,M430,M087,MG13,False,False,True,True,False,False,True,0.5,0.78,69,미응답,거절,False,,,,응답 대기 종료
MT03431,2026-07-10,M431,M817,MG17,True,False,True,True,False,True,False,0,0.64,61,거절,수락,False,,,,추천 종료
MT03432,2026-07-20,M432,M511,MG11,False,False,True,False,False,False,True,0.25,0.72,53,거절,거절,False,,,,추천 종료
MT03433,2026-07-01,M433,M788,MG08,False,False,False,True,False,True,True,0.25,0.51,63,수락,거절,False,,,,추천 종료
MT03434,2026-07-05,M434,M788,MG19,False,False,True,True,False,False,True,0.5,0.78,76,수락,수락,True,2026-07-16,부산,True,애프터 성사
MT03435,2026-07-19,M435,M142,MG11,False,True,True,False,False,True,False,0,0.83,63,거절,미응답,False,,,,응답 대기 종료
MT03436,2026-07-21,M436,M199,MG20,True,True,True,True,True,False,False,0,0.68,70,수락,수락,True,2026-07-31,서울,False,첫 만남 완료
MT03437,2026-07-10,M437,M676,MG13,False,False,True,False,False,True,False,0.25,0.51,65,수락,미응답,False,,,,응답 대기 종료
MT03438,2026-07-23,M438,M794,MG02,True,True,True,True,False,True,True,1,0.68,87,미응답,미응답,False,,,,응답 대기 종료
MT03439,2026-07-26,M439,M198,MG13,False,False,True,False,False,False,False,0.25,0.37,60,거절,거절,False,,,,추천 종료
MT03440,2026-07-14,M440,M372,MG05,True,True,True,True,False,False,False,0.5,0.35,63,미응답,거절,False,,,,응답 대기 종료
MT03441,2026-07-20,M441,M373,MG18,False,True,True,False,True,False,True,0.5,0.41,72,거절,미응답,False,,,,응답 대기 종료
MT03442,2026-07-20,M442,M027,MG14,False,False,False,True,True,False,True,0,0.38,63,미응답,수락,False,,,,응답 대기 종료
MT03443,2026-07-06,M443,M382,MG05,True,True,True,True,False,True,True,0.5,0.22,72,수락,미응답,False,,,,응답 대기 종료
MT03444,2026-07-11,M444,M456,MG15,False,False,True,True,True,True,False,0.25,0.79,70,거절,수락,False,,,,추천 종료
MT03445,2026-07-24,M445,M009,MG13,False,False,True,False,True,True,False,0.5,0.68,70,수락,거절,False,,,,추천 종료
MT03446,2026-07-27,M446,M476,MG05,False,False,False,True,False,True,True,0.5,0.71,72,수락,거절,False,,,,추천 종료
MT03447,2026-07-04,M447,M145,MG18,True,True,False,True,False,True,True,0.5,0.7,77,거절,수락,False,,,,추천 종료
MT03448,2026-07-03,M448,M461,MG02,False,False,True,False,False,True,True,1,0.58,76,수락,수락,False,,,,추천 종료
MT03449,2026-07-06,M449,M090,MG09,True,True,True,False,False,True,False,0,0.6,58,미응답,수락,False,,,,응답 대기 종료
MT03450,2026-07-13,M450,M267,MG20,True,True,False,True,True,False,True,0.25,0.89,80,수락,미응답,False,,,,응답 대기 종료
MT03451,2026-07-06,M451,M305,MG05,True,True,True,True,False,True,True,0.25,0.34,70,거절,수락,False,,,,추천 종료
MT03452,2026-07-26,M452,M819,MG12,True,True,False,True,False,False,True,0.75,0.64,68,거절,거절,False,,,,추천 종료
MT03453,2026-07-07,M453,M191,MG02,True,True,True,False,False,False,True,0.5,0.9,61,거절,거절,False,,,,추천 종료
MT03454,2026-07-26,M454,M772,MG17,True,True,True,True,False,False,True,0.25,0.85,74,거절,거절,False,,,,추천 종료
MT03455,2026-07-05,M455,M331,MG04,True,True,False,True,False,True,True,0.75,0.59,83,수락,거절,False,,,,추천 종료
MT03456,2026-07-16,M456,M108,MG06,True,False,True,True,False,True,False,0,0.67,61,미응답,미응답,False,,,,응답 대기 종료
MT03457,2026-07-13,M457,M634,MG09,True,True,True,True,False,True,True,0.75,0.55,82,거절,수락,False,,,,추천 종료
MT03458,2026-07-05,M458,M466,MG08,False,False,True,True,True,False,True,0.25,0.71,73,거절,거절,False,,,,추천 종료
MT03459,2026-07-07,M459,M253,MG18,True,True,True,True,False,True,True,0.5,0.87,83,미응답,수락,False,,,,응답 대기 종료
MT03460,2026-07-25,M460,M908,MG16,True,True,False,True,False,True,False,0.25,0.23,63,거절,미응답,False,,,,응답 대기 종료
MT03461,2026-07-07,M461,M420,MG19,False,True,True,True,False,False,True,0.5,0.72,70,수락,수락,True,2026-07-09,서울,True,애프터 성사
MT03462,2026-07-12,M462,M663,MG03,True,True,True,True,False,True,False,0.25,0.58,66,미응답,거절,False,,,,응답 대기 종료
MT03463,2026-07-13,M463,M097,MG08,True,True,True,True,True,False,True,0.5,0.59,80,수락,수락,True,2026-07-23,인천,True,애프터 성사
MT03464,2026-07-03,M464,M162,MG04,True,True,True,True,False,True,True,0.25,0.37,76,미응답,수락,False,,,,응답 대기 종료
MT03465,2026-07-26,M465,M538,MG06,False,False,True,True,False,False,True,0.25,0.86,69,미응답,미응답,False,,,,응답 대기 종료
MT03466,2026-07-03,M466,M096,MG11,False,False,True,True,False,True,True,0.75,0.61,82,거절,수락,False,,,,추천 종료
MT03467,2026-07-22,M467,M506,MG07,False,False,True,True,False,False,False,0.25,0.39,48,미응답,수락,False,,,,응답 대기 종료
MT03468,2026-07-10,M468,M910,MG05,True,True,True,True,True,True,False,0,0.66,79,거절,거절,False,,,,추천 종료
MT03469,2026-07-30,M469,M541,MG18,False,False,True,False,False,False,True,0.75,0.95,64,수락,거절,False,,,,추천 종료
MT03470,2026-07-04,M470,M898,MG04,True,True,True,True,False,True,True,0.5,0.58,73,수락,수락,True,2026-07-09,서울,False,첫 만남 완료
MT03471,2026-07-20,M471,M868,MG10,True,True,True,True,False,True,True,0,0.89,80,거절,수락,False,,,,추천 종료
MT03472,2026-07-13,M472,M688,MG01,True,True,True,True,False,False,True,0.25,0.61,64,거절,거절,False,,,,추천 종료
MT03473,2026-07-01,M473,M602,MG06,False,False,True,False,False,True,True,0,0.71,56,미응답,수락,False,,,,응답 대기 종료
MT03474,2026-07-30,M474,M638,MG01,False,False,False,True,False,True,True,0.75,0.72,75,수락,수락,True,2026-08-09,강원,True,애프터 성사
MT03475,2026-07-18,M475,M255,MG14,False,False,True,True,False,False,False,0.25,0.55,58,수락,수락,True,2026-07-31,서울,True,애프터 성사
MT03476,2026-07-24,M476,M385,MG02,False,False,True,True,False,True,False,0.5,0.4,71,미응답,거절,False,,,,응답 대기 종료
MT03477,2026-07-04,M477,M732,MG13,False,False,True,True,False,False,True,0.25,0.69,63,미응답,미응답,False,,,,응답 대기 종료
MT03478,2026-07-11,M478,M667,MG05,False,False,True,False,False,True,True,0.5,0.72,70,미응답,거절,False,,,,응답 대기 종료
MT03479,2026-07-06,M479,M451,MG12,True,False,True,True,False,True,True,0.5,0.9,81,거절,수락,False,,,,추천 종료
MT03480,2026-07-25,M480,M083,MG02,False,False,True,True,False,True,True,0.5,0.36,72,미응답,미응답,False,,,,응답 대기 종료
MT03481,2026-07-28,M481,M931,MG06,True,True,False,True,False,False,True,0.5,0.64,75,수락,수락,True,2026-07-30,경기,True,애프터 성사
MT03482,2026-07-12,M482,M188,MG10,False,False,True,True,True,True,False,0.75,0.51,81,미응답,미응답,False,,,,응답 대기 종료
MT03483,2026-07-15,M483,M908,MG08,False,False,True,False,True,True,False,0.25,0.26,70,거절,미응답,False,,,,응답 대기 종료
MT03484,2026-07-09,M484,M429,MG01,True,False,True,True,False,True,True,0.75,0.51,84,수락,수락,True,2026-07-19,서울,True,애프터 성사
MT03485,2026-07-05,M485,M658,MG07,True,True,True,True,False,False,False,0.25,0.83,70,수락,수락,False,,,,추천 종료
MT03486,2026-07-12,M486,M761,MG05,False,False,True,True,False,False,True,0.5,0.55,65,미응답,거절,False,,,,응답 대기 종료
MT03487,2026-07-24,M487,M746,MG09,False,True,False,True,True,False,True,0.25,0.56,65,거절,거절,False,,,,추천 종료
MT03488,2026-07-28,M488,M806,MG04,False,False,True,False,True,True,True,0.75,0.45,77,미응답,미응답,False,,,,응답 대기 종료
MT03489,2026-07-26,M489,M722,MG05,False,False,True,True,False,False,True,0.25,0.42,56,거절,수락,False,,,,추천 종료
MT03490,2026-07-17,M490,M729,MG17,False,True,True,False,False,True,True,0.5,1,67,수락,거절,False,,,,추천 종료
MT03491,2026-07-19,M491,M105,MG06,False,False,True,False,False,True,True,0.25,0.45,57,미응답,거절,False,,,,응답 대기 종료
MT03492,2026-07-04,M492,M188,MG20,False,False,False,True,False,False,True,0.25,0.71,49,거절,거절,False,,,,추천 종료
MT03493,2026-07-22,M493,M389,MG07,True,True,False,True,False,True,True,0.5,0.32,70,미응답,거절,False,,,,응답 대기 종료
MT03494,2026-07-30,M494,M639,MG03,False,True,True,True,True,False,True,0.25,0.84,72,거절,거절,False,,,,추천 종료
MT03495,2026-07-23,M495,M550,MG08,True,True,True,True,False,True,False,0.25,0.44,69,거절,미응답,False,,,,응답 대기 종료
MT03496,2026-07-25,M496,M209,MG20,False,False,True,True,False,True,False,0.5,0.62,68,미응답,거절,False,,,,응답 대기 종료
MT03497,2026-07-23,M497,M168,MG15,False,False,True,False,True,True,True,0.25,0.62,73,미응답,거절,False,,,,응답 대기 종료
MT03498,2026-07-22,M498,M322,MG05,False,False,True,True,True,False,True,0.25,0.77,71,미응답,거절,False,,,,응답 대기 종료
MT03499,2026-07-01,M499,M509,MG01,False,False,True,True,False,True,True,0.25,0.74,70,거절,거절,False,,,,추천 종료
MT03500,2026-07-19,M500,M490,MG04,False,False,True,True,False,True,True,0.25,0.74,67,수락,거절,False,,,,추천 종료
MT03501,2026-07-08,M501,M566,MG04,False,False,True,True,False,True,False,0,0.72,49,거절,미응답,False,,,,응답 대기 종료
MT03502,2026-07-21,M502,M867,MG14,False,False,True,False,False,True,False,0.25,0.83,54,미응답,거절,False,,,,응답 대기 종료
MT03503,2026-07-18,M503,M548,MG07,True,True,True,False,False,False,True,0,0.85,66,미응답,수락,False,,,,응답 대기 종료
MT03504,2026-07-21,M504,M102,MG14,True,True,False,True,True,True,True,0.25,0.57,71,미응답,미응답,False,,,,응답 대기 종료
MT03505,2026-07-26,M505,M788,MG15,False,False,True,False,False,True,True,0.25,0.66,62,거절,수락,False,,,,추천 종료
MT03506,2026-07-04,M506,M216,MG01,True,True,False,True,True,False,False,0,0.64,62,거절,미응답,False,,,,응답 대기 종료
MT03507,2026-07-15,M507,M340,MG12,True,True,False,True,False,True,True,0.5,1,76,거절,수락,False,,,,추천 종료
MT03508,2026-07-12,M508,M527,MG03,False,False,True,True,False,True,True,0.25,0.86,65,미응답,거절,False,,,,응답 대기 종료
MT03509,2026-07-19,M509,M922,MG07,True,True,True,True,False,True,True,0.25,0.4,75,수락,거절,False,,,,추천 종료
MT03510,2026-07-22,M510,M264,MG01,False,False,True,False,False,True,True,0.75,0.63,73,미응답,미응답,False,,,,응답 대기 종료
MT03511,2026-07-17,M511,M012,MG01,False,True,True,False,False,False,True,0.5,0.82,71,수락,수락,True,2026-07-21,서울,False,첫 만남 완료
MT03512,2026-07-15,M512,M102,MG12,True,True,True,True,False,True,False,0,0.81,65,미응답,미응답,False,,,,응답 대기 종료
MT03513,2026-07-22,M513,M993,MG17,True,True,True,True,True,True,False,0.25,0.5,80,거절,미응답,False,,,,응답 대기 종료
MT03514,2026-07-28,M514,M989,MG10,True,True,True,True,False,True,True,0.25,0.55,75,미응답,수락,False,,,,응답 대기 종료
MT03515,2026-07-22,M515,M008,MG15,False,False,False,True,False,False,False,0.25,0.69,59,거절,거절,False,,,,추천 종료
MT03516,2026-07-21,M516,M265,MG20,True,True,False,True,False,True,True,0.75,0.69,85,미응답,수락,False,,,,응답 대기 종료
MT03517,2026-07-24,M517,M163,MG01,True,True,True,True,False,False,True,0.5,0.67,81,수락,미응답,False,,,,응답 대기 종료
MT03518,2026-07-12,M518,M075,MG20,False,False,True,True,False,True,True,0.25,0.54,74,미응답,수락,False,,,,응답 대기 종료
MT03519,2026-07-05,M519,M807,MG04,True,True,True,False,False,True,True,0,0.48,63,미응답,거절,False,,,,응답 대기 종료
MT03520,2026-07-01,M520,M071,MG09,True,False,False,True,False,True,True,0.5,0.59,61,거절,수락,False,,,,추천 종료
MT03521,2026-07-15,M521,M825,MG02,False,False,True,True,False,False,True,0.75,0.55,79,미응답,거절,False,,,,응답 대기 종료
MT03522,2026-07-07,M522,M553,MG19,False,False,False,True,False,False,True,0.25,0.63,63,미응답,수락,False,,,,응답 대기 종료
MT03523,2026-07-02,M523,M833,MG12,False,False,True,False,False,True,True,0,0.49,53,거절,거절,False,,,,추천 종료
MT03524,2026-07-21,M524,M215,MG08,False,False,True,True,True,False,False,0.25,0.49,64,거절,미응답,False,,,,응답 대기 종료
MT03525,2026-07-09,M525,M719,MG05,False,True,True,True,False,True,True,0.5,0.55,72,미응답,수락,False,,,,응답 대기 종료
MT03526,2026-07-14,M526,M799,MG05,True,True,False,True,False,False,False,0,0.9,68,미응답,수락,False,,,,응답 대기 종료
MT03527,2026-07-20,M527,M011,MG10,False,False,True,True,False,True,False,0.5,0.71,67,거절,미응답,False,,,,응답 대기 종료
MT03528,2026-07-10,M528,M028,MG11,False,False,True,True,False,True,False,0.25,0.86,68,거절,수락,False,,,,추천 종료
MT03529,2026-07-15,M529,M424,MG05,False,False,True,True,False,False,True,0.25,0.26,64,거절,수락,False,,,,추천 종료
MT03530,2026-07-15,M530,M979,MG09,False,False,True,False,True,True,True,0.75,0.69,78,수락,미응답,False,,,,응답 대기 종료
MT03531,2026-07-02,M531,M318,MG19,True,True,True,False,False,True,False,0.25,0.48,73,거절,미응답,False,,,,응답 대기 종료
MT03532,2026-07-14,M532,M612,MG04,False,False,False,True,True,False,True,0.25,0.93,67,미응답,미응답,False,,,,응답 대기 종료
MT03533,2026-07-19,M533,M524,MG13,True,True,True,True,False,True,False,0.5,0.5,66,수락,수락,False,,,,추천 종료
MT03534,2026-07-27,M534,M850,MG17,False,False,True,True,False,True,True,0.5,0.73,75,미응답,거절,False,,,,응답 대기 종료
MT03535,2026-07-24,M535,M230,MG06,False,True,True,True,False,True,False,0.25,0.59,70,수락,수락,True,2026-07-27,충북,False,첫 만남 완료
MT03536,2026-07-28,M536,M293,MG13,False,False,True,False,True,True,True,0.5,0.68,74,미응답,거절,False,,,,응답 대기 종료
MT03537,2026-07-30,M537,M804,MG11,True,True,True,True,False,True,False,0.25,1,73,수락,수락,True,2026-08-01,서울,True,애프터 성사
MT03538,2026-07-18,M538,M202,MG09,False,False,True,True,False,False,True,0.5,0.77,67,거절,미응답,False,,,,응답 대기 종료
MT03539,2026-07-19,M539,M833,MG16,False,False,True,False,False,True,True,0.75,0.44,70,거절,거절,False,,,,추천 종료
MT03540,2026-07-04,M540,M925,MG16,True,True,True,True,True,True,True,0.5,0.76,86,수락,거절,False,,,,추천 종료
MT03541,2026-07-30,M541,M321,MG07,False,False,True,True,True,True,True,0.5,0.51,72,수락,미응답,False,,,,응답 대기 종료
MT03542,2026-07-08,M542,M999,MG10,False,False,True,True,False,True,False,0.25,0.79,66,거절,미응답,False,,,,응답 대기 종료
MT03543,2026-07-28,M543,M252,MG15,True,False,True,True,True,True,True,0.25,0.31,80,미응답,미응답,False,,,,응답 대기 종료
MT03544,2026-07-18,M544,M821,MG20,True,True,True,True,True,True,True,0.5,0.21,78,거절,미응답,False,,,,응답 대기 종료
MT03545,2026-07-20,M545,M597,MG16,False,False,True,True,True,True,True,0.5,0.42,67,거절,수락,False,,,,추천 종료
MT03546,2026-07-05,M546,M182,MG14,False,False,False,True,False,False,True,0.5,0.9,71,수락,수락,True,2026-07-08,전북,True,애프터 성사
MT03547,2026-07-19,M547,M328,MG17,True,True,True,True,False,True,False,0.25,0.87,79,수락,거절,False,,,,추천 종료
MT03548,2026-07-08,M548,M556,MG02,False,False,False,True,False,False,False,0.25,0.44,61,수락,거절,False,,,,추천 종료
MT03549,2026-07-10,M549,M188,MG03,True,True,True,True,False,False,True,0.25,0.56,75,거절,수락,False,,,,추천 종료
MT03550,2026-07-16,M550,M034,MG09,True,True,True,False,False,False,False,0,0.78,56,수락,미응답,False,,,,응답 대기 종료
MT03551,2026-07-18,M551,M788,MG06,True,True,True,True,False,True,True,0.25,0.78,78,수락,수락,True,2026-07-30,부산,True,애프터 성사
MT03552,2026-07-16,M552,M006,MG13,False,False,True,False,False,True,True,0.5,0.32,57,거절,거절,False,,,,추천 종료
MT03553,2026-07-13,M553,M212,MG17,False,True,False,True,True,False,True,0.25,0.68,70,거절,수락,False,,,,추천 종료
MT03554,2026-07-11,M554,M673,MG15,True,True,True,False,True,False,True,0.25,0.49,75,미응답,미응답,False,,,,응답 대기 종료
MT03555,2026-07-27,M555,M171,MG12,False,False,True,False,False,False,True,0.75,0.58,71,거절,수락,False,,,,추천 종료
MT03556,2026-07-21,M556,M066,MG16,False,False,True,False,False,False,False,0.25,0.84,57,거절,거절,False,,,,추천 종료
MT03557,2026-07-30,M557,M986,MG17,True,True,True,False,False,False,True,0.5,0.58,71,미응답,미응답,False,,,,응답 대기 종료
MT03558,2026-07-07,M558,M479,MG08,False,False,True,False,True,True,True,0.25,0.52,74,거절,미응답,False,,,,응답 대기 종료
MT03559,2026-07-04,M559,M226,MG14,False,False,True,True,False,True,True,0.5,0.92,77,거절,미응답,False,,,,응답 대기 종료
MT03560,2026-07-08,M560,M882,MG16,False,True,True,True,True,False,False,0,0.64,69,미응답,미응답,False,,,,응답 대기 종료
MT03561,2026-07-15,M561,M079,MG08,True,True,False,True,False,False,True,0.75,0.51,74,수락,수락,True,2026-07-18,경기,True,애프터 성사
MT03562,2026-07-29,M562,M844,MG17,True,True,True,True,False,False,False,0.25,0.61,68,미응답,거절,False,,,,응답 대기 종료
MT03563,2026-07-16,M563,M442,MG11,True,True,True,False,True,True,True,0.5,0.65,80,미응답,수락,False,,,,응답 대기 종료
MT03564,2026-07-20,M564,M374,MG06,False,False,True,True,True,True,True,0.5,0.8,85,미응답,미응답,False,,,,응답 대기 종료
MT03565,2026-07-26,M565,M553,MG09,False,True,True,False,False,True,True,0.25,0.73,65,미응답,수락,False,,,,응답 대기 종료
MT03566,2026-07-02,M566,M827,MG09,False,True,True,False,False,False,False,0,1,55,거절,거절,False,,,,추천 종료
MT03567,2026-07-29,M567,M448,MG04,False,False,False,True,False,False,False,0.25,0.84,65,수락,수락,True,2026-08-05,서울,False,첫 만남 완료
MT03568,2026-07-26,M568,M545,MG12,True,True,True,True,False,False,True,0.5,0.52,74,미응답,수락,False,,,,응답 대기 종료
MT03569,2026-07-19,M569,M690,MG18,True,True,False,True,False,False,True,0.5,0.75,73,거절,미응답,False,,,,응답 대기 종료
MT03570,2026-07-09,M570,M525,MG10,False,False,True,True,False,True,True,0.5,0.77,71,수락,거절,False,,,,추천 종료
MT03571,2026-07-01,M571,M924,MG05,False,True,True,False,False,True,True,0.25,0.36,61,거절,미응답,False,,,,응답 대기 종료
MT03572,2026-07-23,M572,M332,MG06,True,True,True,True,False,False,True,0.5,0.47,81,미응답,미응답,False,,,,응답 대기 종료
MT03573,2026-07-14,M573,M922,MG16,False,False,False,True,False,False,True,0.5,0.83,67,거절,수락,False,,,,추천 종료
MT03574,2026-07-28,M574,M880,MG05,True,True,True,True,False,True,True,0.25,0.41,69,거절,미응답,False,,,,응답 대기 종료
MT03575,2026-07-24,M575,M807,MG09,True,True,True,True,True,True,False,0.5,0.67,77,수락,미응답,False,,,,응답 대기 종료
MT03576,2026-07-19,M576,M505,MG11,False,False,False,True,False,False,True,0.25,0.77,55,거절,수락,False,,,,추천 종료
MT03577,2026-07-04,M577,M145,MG17,True,True,True,False,False,False,True,0.5,0.54,65,거절,미응답,False,,,,응답 대기 종료
MT03578,2026-07-11,M578,M713,MG06,True,True,False,True,False,True,True,0.25,0.74,79,미응답,미응답,False,,,,응답 대기 종료
MT03579,2026-07-11,M579,M109,MG03,False,False,True,False,False,False,True,0.75,0.61,58,거절,수락,False,,,,추천 종료
MT03580,2026-07-24,M580,M290,MG14,True,False,False,True,False,False,True,0.5,0.52,67,미응답,거절,False,,,,응답 대기 종료
MT03581,2026-07-09,M581,M721,MG03,True,True,True,True,False,False,True,0,0.56,70,수락,거절,False,,,,추천 종료
MT03582,2026-07-18,M582,M714,MG12,True,True,True,True,False,False,True,0.25,0.58,72,미응답,수락,False,,,,응답 대기 종료
MT03583,2026-07-22,M583,M233,MG09,False,True,True,False,False,True,True,0.25,0.81,75,수락,미응답,False,,,,응답 대기 종료
MT03584,2026-07-30,M584,M766,MG11,True,True,True,True,False,False,False,0,0.6,66,수락,수락,True,2026-08-11,충북,True,애프터 성사
MT03585,2026-07-02,M585,M289,MG03,False,True,True,True,False,True,False,0.5,0.56,68,미응답,미응답,False,,,,응답 대기 종료
MT03586,2026-07-23,M586,M093,MG18,True,False,True,True,False,True,True,0.5,0.86,79,미응답,거절,False,,,,응답 대기 종료
MT03587,2026-07-17,M587,M331,MG15,True,True,True,False,True,True,True,1,0.63,85,수락,수락,True,2026-07-22,서울,True,애프터 성사
MT03588,2026-07-26,M588,M777,MG20,True,True,True,True,False,True,True,0.5,0.65,80,거절,수락,False,,,,추천 종료
MT03589,2026-07-03,M589,M390,MG10,True,True,True,True,False,True,True,0.25,0.84,75,거절,수락,False,,,,추천 종료
MT03590,2026-07-07,M590,M104,MG02,True,True,True,False,False,False,True,0.5,0.92,69,수락,거절,False,,,,추천 종료
MT03591,2026-07-21,M591,M020,MG13,True,True,True,True,False,False,True,0.5,0.88,74,수락,수락,True,2026-07-26,전남,True,애프터 성사
MT03592,2026-07-05,M592,M423,MG08,False,False,True,True,False,False,True,0.5,0.29,71,미응답,수락,False,,,,응답 대기 종료
MT03593,2026-07-23,M593,M656,MG13,True,True,True,False,False,False,True,0.25,0.51,64,미응답,수락,False,,,,응답 대기 종료
MT03594,2026-07-25,M594,M436,MG12,False,True,True,True,True,False,False,0.25,0.43,74,미응답,수락,False,,,,응답 대기 종료
MT03595,2026-07-23,M595,M350,MG10,True,True,False,True,True,False,True,0.5,0.6,77,거절,미응답,False,,,,응답 대기 종료
MT03596,2026-07-25,M596,M902,MG09,True,True,False,True,True,True,False,0,0.85,70,수락,거절,False,,,,추천 종료
MT03597,2026-07-15,M597,M044,MG08,True,True,True,True,False,False,True,0.5,0.71,70,수락,미응답,False,,,,응답 대기 종료
MT03598,2026-07-29,M598,M890,MG07,True,True,True,True,True,False,False,0.5,0.59,81,수락,수락,True,2026-08-03,부산,False,첫 만남 완료
MT03599,2026-07-27,M599,M170,MG15,True,True,True,True,False,False,True,0.5,0.34,74,거절,수락,False,,,,추천 종료
MT03600,2026-07-16,M600,M264,MG03,False,False,True,False,False,True,True,0.5,0.38,63,미응답,거절,False,,,,응답 대기 종료
MT03601,2026-07-19,M601,M393,MG01,False,True,False,True,False,True,False,0,0.54,53,미응답,거절,False,,,,응답 대기 종료
MT03602,2026-07-12,M602,M359,MG05,False,True,True,True,True,True,False,0.25,0.52,68,미응답,,False,,,,응답 대기 종료
MT03603,2026-07-16,M603,M346,MG19,True,False,True,True,True,False,True,0.5,0.56,75,미응답,수락,False,,,,응답 대기 종료
MT03604,2026-07-19,M604,M409,MG18,True,False,True,True,False,False,True,0.5,0.61,70,수락,수락,True,2026-07-22,광주,False,첫 만남 완료
MT03605,2026-07-10,M605,M479,MG14,True,True,True,True,False,False,True,0.5,0.55,75,미응답,거절,False,,,,응답 대기 종료
MT03606,2026-07-13,M606,M053,MG08,False,False,True,True,True,True,True,0.5,0.76,77,수락,미응답,False,,,,응답 대기 종료
MT03607,2026-07-11,M607,M705,MG08,True,True,True,False,False,False,True,0.5,0.98,75,미응답,거절,False,,,,응답 대기 종료
MT03608,2026-07-02,M608,M257,MG01,False,False,False,True,False,True,True,0.75,0.9,64,거절,미응답,False,,,,응답 대기 종료
MT03609,2026-07-25,M609,M728,MG16,True,True,False,True,False,False,True,0.25,0.74,67,미응답,거절,False,,,,응답 대기 종료
MT03610,2026-07-10,M610,M614,MG18,False,False,True,False,False,True,True,0.75,0.77,74,미응답,미응답,False,,,,응답 대기 종료
MT03611,2026-07-23,M611,M918,MG17,False,False,True,True,False,True,False,0.5,0.63,67,거절,수락,False,,,,추천 종료
MT03612,2026-07-09,M612,M166,MG08,True,True,True,False,True,False,True,0.25,0.48,71,수락,거절,False,,,,추천 종료
MT03613,2026-07-15,M613,M692,MG08,False,False,True,False,False,True,True,0,0.59,60,거절,미응답,False,,,,응답 대기 종료
MT03614,2026-07-03,M614,M475,MG02,False,False,False,True,False,False,False,0,0.44,55,미응답,수락,False,,,,응답 대기 종료
MT03615,2026-07-12,M615,M867,MG08,True,True,True,True,False,False,True,0.25,0.68,69,미응답,거절,False,,,,응답 대기 종료
MT03616,2026-07-08,M616,M866,MG13,True,True,True,True,False,False,True,0,0.82,70,미응답,수락,False,,,,응답 대기 종료
MT03617,2026-07-08,M617,M609,MG02,True,True,True,False,False,True,True,0.75,0.28,73,수락,거절,False,,,,추천 종료
MT03618,2026-07-03,M618,M452,MG17,False,False,True,False,False,False,True,0.75,0.81,77,수락,수락,True,2026-07-09,경기,True,애프터 성사
MT03619,2026-07-28,M619,M068,MG02,True,True,True,True,False,True,True,0.25,0.27,71,미응답,미응답,False,,,,응답 대기 종료
MT03620,2026-07-14,M620,M875,MG17,False,False,True,True,True,False,True,0.25,1,67,수락,거절,False,,,,추천 종료
MT03621,2026-07-15,M621,M626,MG06,True,True,True,True,False,True,True,0.75,0.71,85,수락,거절,False,,,,추천 종료
MT03622,2026-07-24,M622,M811,MG02,False,False,True,True,True,False,True,0.75,0.62,77,거절,거절,False,,,,추천 종료
MT03623,2026-07-17,M623,M150,MG01,False,False,False,True,False,False,True,0.75,0.69,63,미응답,거절,False,,,,응답 대기 종료
MT03624,2026-07-01,M624,M809,MG01,True,True,True,False,False,True,True,0.25,0.82,79,미응답,수락,False,,,,응답 대기 종료
MT03625,2026-07-26,M625,M454,MG10,False,False,True,False,False,False,True,0.5,0.67,68,거절,미응답,False,,,,응답 대기 종료
MT03626,2026-07-18,M626,M758,MG04,True,True,True,False,False,True,True,0.25,0.34,73,거절,거절,False,,,,추천 종료
MT03627,2026-07-13,M627,M191,MG11,False,False,True,False,False,False,True,0.5,0.7,69,미응답,거절,False,,,,응답 대기 종료
MT03628,2026-07-21,M628,M201,MG20,True,True,True,True,True,True,True,0.5,0.54,76,수락,미응답,False,,,,응답 대기 종료
MT03629,2026-07-23,M629,M258,MG01,False,False,True,False,True,True,True,0.5,0.6,65,미응답,수락,False,,,,응답 대기 종료
MT03630,2026-07-17,M630,M361,MG13,False,False,True,True,False,True,True,0.75,0.42,67,수락,수락,True,2026-07-30,세종,True,애프터 성사
MT03631,2026-07-13,M631,M301,MG13,False,False,True,True,False,True,True,0.5,0.61,71,거절,미응답,False,,,,응답 대기 종료
MT03632,2026-07-29,M632,M879,MG01,True,True,True,True,False,True,True,0.25,0.57,78,수락,거절,False,,,,추천 종료
MT03633,2026-07-14,M633,M227,MG17,False,False,True,False,False,True,False,0.25,0.59,58,미응답,거절,False,,,,응답 대기 종료
MT03634,2026-07-26,M634,M782,MG12,True,True,True,True,True,True,True,0.75,0.53,83,수락,수락,True,2026-07-28,경기,True,애프터 성사
MT03635,2026-07-11,M635,M854,MG05,True,True,False,True,False,True,True,0.25,0.47,66,거절,거절,False,,,,추천 종료
MT03636,2026-07-28,M636,M252,MG14,False,False,True,True,False,False,True,0.75,0.15,67,거절,거절,False,,,,추천 종료
MT03637,2026-07-10,M637,M937,MG02,False,False,True,False,True,False,True,0.75,0.72,80,거절,거절,False,,,,추천 종료
MT03638,2026-07-17,M638,M376,MG12,False,False,False,True,True,False,True,0,0.59,65,미응답,거절,False,,,,응답 대기 종료
MT03639,2026-07-18,M639,M425,MG06,False,False,True,True,False,False,True,0.5,0.83,70,수락,거절,False,,,,추천 종료
MT03640,2026-07-29,M640,M255,MG16,True,True,False,True,False,False,True,0.75,0.42,67,거절,거절,False,,,,추천 종료
MT03641,2026-07-05,M641,M830,MG12,False,False,True,True,False,True,False,0,0.47,61,미응답,수락,False,,,,응답 대기 종료
MT03642,2026-07-20,M642,M923,MG01,False,False,True,False,False,True,True,0,0.62,61,거절,거절,False,,,,추천 종료
MT03643,2026-07-09,M643,M108,MG04,True,False,True,True,False,True,False,0,0.74,64,거절,미응답,False,,,,응답 대기 종료
MT03644,2026-07-04,M644,M528,MG02,False,False,True,False,False,False,True,0.25,0.39,45,거절,수락,False,,,,추천 종료
MT03645,2026-07-30,M645,M855,MG15,True,True,True,True,False,False,True,0.5,0.75,66,거절,거절,False,,,,추천 종료
MT03646,2026-07-12,M646,M229,MG10,True,True,True,True,True,True,True,0.5,0.78,88,수락,거절,False,,,,추천 종료
MT03647,2026-07-07,M647,M479,MG04,True,True,True,True,True,True,False,0,0.85,80,수락,미응답,False,,,,응답 대기 종료
MT03648,2026-07-02,M648,M708,MG19,False,False,True,False,False,True,True,0.25,0.61,66,거절,거절,False,,,,추천 종료
MT03649,2026-07-17,M649,M735,MG08,False,False,True,False,False,True,False,0.5,0.28,64,거절,거절,False,,,,추천 종료
MT03650,2026-07-16,M650,M051,MG20,False,False,True,False,False,False,True,0.25,0.47,55,거절,거절,False,,,,추천 종료
MT03651,2026-07-12,M651,M079,MG12,False,False,False,True,False,False,True,1,0.47,75,미응답,미응답,False,,,,응답 대기 종료
MT03652,2026-07-14,M652,M107,MG20,True,True,False,True,True,True,False,0,0.54,72,미응답,수락,False,,,,응답 대기 종료
MT03653,2026-07-29,M653,M953,MG12,True,True,True,True,True,False,True,0.25,0.56,72,수락,수락,True,2026-08-04,대구,True,애프터 성사
MT03654,2026-07-05,M654,M205,MG11,True,True,True,True,False,False,False,0,0.46,59,거절,거절,False,,,,추천 종료
MT03655,2026-07-21,M655,M721,MG08,True,True,False,True,False,True,True,0.25,0.57,70,거절,미응답,False,,,,응답 대기 종료
MT03656,2026-07-14,M656,M663,MG20,False,True,True,True,False,True,True,0.75,0.54,80,수락,수락,False,,,,추천 종료
MT03657,2026-07-04,M657,M837,MG08,True,True,True,True,False,False,True,0.5,0.61,76,수락,거절,False,,,,추천 종료
MT03658,2026-07-16,M658,M240,MG08,True,False,False,True,False,True,True,0.5,0.6,74,수락,수락,True,2026-07-19,경기,False,첫 만남 완료
MT03659,2026-07-01,M659,M432,MG06,False,False,False,True,False,True,True,0.75,0.32,71,미응답,거절,False,,,,응답 대기 종료
MT03660,2026-07-20,M660,M594,MG06,False,False,True,True,False,True,True,0.5,0.8,72,미응답,미응답,False,,,,응답 대기 종료
MT03661,2026-07-20,M661,M685,MG13,True,True,True,True,False,False,False,0.5,0.97,71,거절,수락,False,,,,추천 종료
MT03662,2026-07-09,M662,M464,MG03,False,True,True,True,True,True,True,0.5,0.47,78,거절,거절,False,,,,추천 종료
MT03663,2026-07-16,M663,M852,MG18,True,True,True,True,True,False,True,0.5,0.65,87,수락,미응답,False,,,,응답 대기 종료
MT03664,2026-07-22,M664,M230,MG05,True,True,True,True,True,False,False,0.25,0.47,77,미응답,미응답,False,,,,응답 대기 종료
MT03665,2026-07-03,M665,M690,MG18,False,False,False,True,False,False,True,0.25,0.76,64,수락,거절,False,,,,추천 종료
MT03666,2026-07-09,M666,M567,MG19,False,False,True,True,False,True,True,0.5,0.28,73,수락,수락,True,2026-07-12,서울,True,애프터 성사
MT03667,2026-07-09,M667,M049,MG15,True,False,True,False,True,True,True,0.25,0.61,73,미응답,수락,False,,,,응답 대기 종료
MT03668,2026-07-10,M668,M998,MG07,False,False,True,False,False,True,True,0.5,0.5,63,거절,미응답,False,,,,응답 대기 종료
MT03669,2026-07-06,M669,M466,MG16,False,False,True,False,True,True,True,0.5,0.61,77,미응답,거절,False,,,,응답 대기 종료
MT03670,2026-07-05,M670,M878,MG16,True,True,False,True,True,True,True,0.5,1,88,미응답,미응답,False,,,,응답 대기 종료
MT03671,2026-07-23,M671,M440,MG09,False,False,True,True,False,False,False,0,0.73,59,거절,거절,False,,,,추천 종료
MT03672,2026-07-04,M672,M403,MG12,False,False,True,False,False,False,True,0.75,0.7,68,거절,미응답,False,,,,응답 대기 종료
MT03673,2026-07-19,M673,M303,MG12,True,True,True,True,True,False,True,0.5,0.65,78,미응답,미응답,False,,,,응답 대기 종료
MT03674,2026-07-22,M674,M294,MG18,True,True,True,False,True,True,True,0.25,0.7,80,미응답,미응답,False,,,,응답 대기 종료
MT03675,2026-07-29,M675,M542,MG02,False,False,False,True,False,False,True,0.75,0.39,61,미응답,거절,False,,,,응답 대기 종료
MT03676,2026-07-04,M676,M206,MG08,False,False,True,True,False,False,True,0.25,0.32,61,수락,수락,True,2026-07-13,서울,True,애프터 성사
MT03677,2026-07-16,M677,M312,MG16,True,True,False,True,True,False,True,0.5,0.51,78,수락,미응답,False,,,,응답 대기 종료
MT03678,2026-07-07,M678,M686,MG05,False,True,True,True,True,True,False,0,0.73,72,미응답,미응답,False,,,,응답 대기 종료
MT03679,2026-07-10,M679,M067,MG16,False,False,False,True,False,False,False,0.25,0.3,51,거절,미응답,False,,,,응답 대기 종료
MT03680,2026-07-11,M680,M735,MG13,False,False,True,True,False,False,True,0,0.8,71,미응답,미응답,False,,,,응답 대기 종료
MT03681,2026-07-21,M681,M898,MG05,False,False,False,True,True,False,True,0.5,0.65,73,수락,수락,True,2026-07-24,서울,True,애프터 성사
MT03682,2026-07-04,M682,M252,MG10,True,True,False,True,True,False,True,0.5,0.37,75,미응답,미응답,False,,,,응답 대기 종료
MT03683,2026-07-14,M683,M592,MG11,True,True,False,True,False,False,True,0.25,0.85,71,미응답,수락,False,,,,응답 대기 종료
MT03684,2026-07-24,M684,M020,MG08,True,True,True,True,False,True,True,0.25,0.66,74,거절,거절,False,,,,추천 종료
MT03685,2026-07-27,M685,M849,MG19,False,True,True,False,False,False,True,0.25,0.65,53,거절,수락,False,,,,추천 종료
MT03686,2026-07-21,M686,M064,MG12,False,False,False,True,False,True,False,0.25,0.77,68,미응답,거절,False,,,,응답 대기 종료
MT03687,2026-07-23,M687,M965,MG10,True,True,True,True,True,True,False,0.25,0.68,73,수락,수락,True,2026-07-28,서울,True,애프터 성사
MT03688,2026-07-20,M688,M404,MG06,False,True,True,False,True,False,True,0.5,0.83,83,수락,거절,False,,,,추천 종료
MT03689,2026-07-29,M689,M811,MG06,False,False,False,True,True,False,True,0.25,0.5,59,거절,거절,False,,,,추천 종료
MT03690,2026-07-26,M690,M425,MG20,False,False,True,False,False,True,True,0.5,0.43,69,수락,미응답,False,,,,응답 대기 종료
MT03691,2026-07-06,M691,M480,MG15,True,True,True,True,False,True,True,0.75,0.76,87,수락,수락,True,2026-07-19,서울,True,애프터 성사
MT03692,2026-07-24,M692,M108,MG15,False,False,True,True,False,False,True,0,0.61,63,미응답,수락,False,,,,응답 대기 종료
MT03693,2026-07-07,M693,M880,MG12,False,False,True,True,False,False,True,0.5,0.75,68,수락,미응답,False,,,,응답 대기 종료
MT03694,2026-07-06,M694,M215,MG01,True,True,True,True,True,False,True,0.25,0.71,71,수락,미응답,False,,,,응답 대기 종료
MT03695,2026-07-13,M695,M156,MG19,True,False,True,True,True,False,True,0.75,0.66,86,미응답,수락,False,,,,응답 대기 종료
MT03696,2026-07-23,M696,M078,MG02,True,True,True,True,False,True,True,0.25,0.79,79,수락,거절,False,,,,추천 종료
MT03697,2026-07-04,M697,M690,MG04,True,True,True,True,True,False,True,0.25,0.28,62,거절,미응답,False,,,,응답 대기 종료
MT03698,2026-07-16,M698,M025,MG11,True,True,True,False,True,True,True,0.25,1,79,거절,수락,False,,,,추천 종료
MT03699,2026-07-02,M699,M335,MG17,True,True,False,True,False,False,True,0.5,0.45,71,수락,수락,True,2026-07-13,대전,True,애프터 성사
MT03700,2026-07-16,M700,M831,MG08,False,False,True,False,False,True,True,0.5,0.88,71,거절,거절,False,,,,추천 종료
MT03701,2026-07-15,M701,M634,MG20,True,True,True,False,True,True,True,0.25,0.94,84,거절,수락,False,,,,추천 종료
MT03702,2026-07-10,M702,M835,MG09,False,True,True,False,True,False,True,0.25,0.61,65,미응답,거절,False,,,,응답 대기 종료
MT03703,2026-07-15,M703,M878,MG09,True,True,False,True,True,True,True,0,0.57,80,수락,수락,True,2026-07-25,경기,True,애프터 성사
MT03704,2026-07-01,M704,M614,MG18,False,True,True,True,True,False,True,0.5,0.33,77,수락,미응답,False,,,,응답 대기 종료
MT03705,2026-07-16,M705,M413,MG07,False,False,False,True,False,False,False,0.25,0.93,63,수락,미응답,False,,,,응답 대기 종료
MT03706,2026-07-06,M706,M515,MG12,False,False,True,False,True,True,True,0.75,0.78,75,미응답,수락,False,,,,응답 대기 종료
MT03707,2026-07-07,M707,M583,MG16,False,False,True,True,False,False,True,0.25,0.4,64,미응답,미응답,False,,,,응답 대기 종료
MT03708,2026-07-27,M708,M585,MG19,False,False,True,True,True,False,True,0,0.62,69,수락,거절,False,,,,추천 종료
MT03709,2026-07-21,M709,M972,MG19,True,True,True,False,True,False,True,0.5,0.23,65,거절,거절,False,,,,추천 종료
MT03710,2026-07-17,M710,M353,MG19,True,True,True,True,False,False,False,0.25,0.72,59,미응답,수락,False,,,,응답 대기 종료
MT03711,2026-07-19,M711,M030,MG09,False,True,True,True,False,False,True,0.5,0.52,61,거절,미응답,False,,,,응답 대기 종료
MT03712,2026-07-06,M712,M228,MG18,True,False,True,True,False,True,True,0.25,0.6,72,미응답,수락,False,,,,응답 대기 종료
MT03713,2026-07-24,M713,M020,MG13,True,True,True,False,False,True,True,0.5,0.76,80,수락,거절,False,,,,추천 종료
MT03714,2026-07-23,M714,M058,MG20,True,True,True,True,True,True,True,0.5,0.55,83,수락,거절,False,,,,추천 종료
MT03715,2026-07-17,M715,M194,MG18,True,False,True,False,False,False,True,0.25,0.68,61,미응답,거절,False,,,,응답 대기 종료
MT03716,2026-07-12,M716,M318,MG06,False,True,True,True,False,False,False,0.25,0.64,71,수락,미응답,False,,,,응답 대기 종료
MT03717,2026-07-17,M717,M197,MG02,False,False,False,True,False,True,True,0.5,0.55,74,수락,거절,False,,,,추천 종료
MT03718,2026-07-05,M718,M952,MG18,False,False,True,True,False,False,True,0.5,0.52,71,수락,수락,True,2026-07-17,경기,False,첫 만남 완료
MT03719,2026-07-14,M719,M720,MG13,False,False,True,True,False,True,True,0.5,0.78,69,수락,미응답,False,,,,응답 대기 종료
MT03720,2026-07-19,M720,M278,MG19,False,False,True,False,False,True,True,0.5,0.71,67,거절,수락,False,,,,추천 종료
MT03721,2026-07-25,M721,M137,MG18,True,True,True,True,True,True,True,0,0.62,79,수락,거절,False,,,,추천 종료
MT03722,2026-07-30,M722,M584,MG10,False,True,False,True,False,False,False,0.25,0.91,66,수락,수락,True,2026-08-04,서울,True,애프터 성사
MT03723,2026-07-26,M723,M994,MG07,False,False,False,True,False,False,True,0.5,0.76,68,거절,거절,False,,,,추천 종료
MT03724,2026-07-12,M724,M987,MG04,True,True,True,False,False,True,True,0.5,0.33,76,거절,수락,False,,,,추천 종료
MT03725,2026-07-16,M725,M119,MG17,False,False,False,True,False,True,True,0,0.84,64,거절,거절,False,,,,추천 종료
MT03726,2026-07-20,M726,M549,MG17,False,False,True,True,True,True,False,0,0.61,72,거절,거절,False,,,,추천 종료
MT03727,2026-07-08,M727,M303,MG02,False,True,True,True,True,True,True,0.75,0.35,87,미응답,미응답,False,,,,응답 대기 종료
MT03728,2026-07-18,M728,M142,MG04,False,False,True,False,False,True,True,0.25,0.3,64,거절,미응답,False,,,,응답 대기 종료
MT03729,2026-07-26,M729,M291,MG01,False,False,False,True,False,False,True,0.25,0.56,60,미응답,거절,False,,,,응답 대기 종료
MT03730,2026-07-30,M730,M333,MG14,True,True,True,True,False,False,True,0.5,0.66,64,미응답,미응답,False,,,,응답 대기 종료
MT03731,2026-07-09,M731,M614,MG17,False,False,True,True,False,True,False,0.25,0.39,60,미응답,미응답,False,,,,응답 대기 종료
MT03732,2026-07-10,M732,M851,MG09,True,True,True,False,True,True,True,0,0.9,79,미응답,미응답,False,,,,응답 대기 종료
MT03733,2026-07-25,M733,M759,MG11,True,True,True,False,False,True,True,0.75,0.5,77,미응답,거절,False,,,,응답 대기 종료
MT03734,2026-07-14,M734,M244,MG02,True,True,True,False,False,True,True,0.25,0.42,66,미응답,거절,False,,,,응답 대기 종료
MT03735,2026-07-24,M735,M558,MG05,True,True,False,True,True,False,False,0.25,0.68,68,미응답,수락,False,,,,응답 대기 종료
MT03736,2026-07-27,M736,M411,MG03,True,True,True,True,False,True,True,0.5,0.51,81,수락,미응답,False,,,,응답 대기 종료
MT03737,2026-07-25,M737,M136,MG18,True,True,False,True,False,True,False,0,0.53,56,거절,수락,False,,,,추천 종료
MT03738,2026-07-20,M738,M412,MG16,False,True,True,False,False,False,True,0.25,0.85,63,수락,거절,False,,,,추천 종료
MT03739,2026-07-02,M739,M010,MG20,False,False,False,True,False,True,True,0.5,0.6,71,거절,거절,False,,,,추천 종료
MT03740,2026-07-19,M740,M350,MG14,True,False,True,True,True,False,True,0,0.38,69,수락,미응답,False,,,,응답 대기 종료
MT03741,2026-07-13,M741,M417,MG15,False,False,True,True,True,True,True,0.75,0.57,84,수락,수락,True,2026-07-24,서울,False,첫 만남 완료
MT03742,2026-07-17,M742,M187,MG05,True,True,True,True,False,False,True,0.5,0.47,72,수락,미응답,False,,,,응답 대기 종료
MT03743,2026-07-28,M743,M505,MG12,True,True,False,True,False,True,True,0.5,0.67,61,거절,수락,False,,,,추천 종료
MT03744,2026-07-05,M744,M265,MG10,False,False,True,True,True,False,True,0.5,0.57,69,미응답,미응답,False,,,,응답 대기 종료
MT03745,2026-07-09,M745,M620,MG13,True,True,False,True,False,False,True,0.75,0.56,71,미응답,거절,False,,,,응답 대기 종료
MT03746,2026-07-08,M746,M132,MG20,True,True,True,True,False,False,True,0.5,0.55,69,수락,거절,False,,,,추천 종료
MT03747,2026-07-07,M747,M021,MG01,False,True,True,False,False,True,True,0.5,0.34,74,수락,미응답,False,,,,응답 대기 종료
MT03748,2026-07-15,M748,M978,MG18,True,True,True,True,False,False,True,0.75,0.46,81,미응답,수락,False,,,,응답 대기 종료
MT03749,2026-07-04,M749,M208,MG01,False,False,True,True,True,True,True,0,0.63,63,미응답,수락,False,,,,응답 대기 종료
MT03750,2026-07-30,M750,M924,MG11,False,False,True,False,False,True,False,0.25,0.53,57,수락,거절,False,,,,추천 종료
MT03751,2026-07-02,M751,M068,MG06,False,False,True,True,False,True,False,0.25,0.62,67,거절,미응답,False,,,,응답 대기 종료
MT03752,2026-07-06,M752,M711,MG14,True,True,True,True,False,False,True,0.5,0.6,71,거절,수락,False,,,,추천 종료
MT03753,2026-07-08,M753,M850,MG08,False,False,True,False,False,True,True,0.25,0.53,70,수락,거절,False,,,,추천 종료
MT03754,2026-07-17,M754,M396,MG06,False,False,True,False,False,True,False,0.75,0.31,63,거절,거절,False,,,,추천 종료
MT03755,2026-07-03,M755,M206,MG17,False,True,True,False,False,True,True,0.25,0.94,72,수락,수락,True,2026-07-12,서울,True,애프터 성사
MT03756,2026-07-18,M756,M757,MG20,True,True,False,True,False,False,True,0.75,0.76,75,미응답,거절,False,,,,응답 대기 종료
MT03757,2026-07-06,M757,M516,MG14,True,True,True,True,False,True,True,1,0.51,86,미응답,미응답,False,,,,응답 대기 종료
MT03758,2026-07-04,M758,M338,MG04,True,True,False,True,False,True,True,1,0.74,82,수락,수락,True,2026-07-09,서울,True,애프터 성사
MT03759,2026-07-19,M759,M087,MG11,True,False,True,False,False,True,True,0.75,0.53,77,거절,수락,False,,,,추천 종료
MT03760,2026-07-05,M760,M191,MG05,False,False,True,True,False,True,True,0.5,0.78,77,미응답,미응답,False,,,,응답 대기 종료
MT03761,2026-07-16,M761,M111,MG05,False,False,False,True,False,False,True,0.75,0.71,70,미응답,수락,False,,,,응답 대기 종료
MT03762,2026-07-30,M762,M696,MG10,True,True,False,True,False,False,False,0.5,0.5,65,수락,거절,False,,,,추천 종료
MT03763,2026-07-24,M763,M945,MG04,False,False,True,True,True,False,False,0.25,0.73,59,거절,거절,False,,,,추천 종료
MT03764,2026-07-16,M764,M907,MG07,True,False,True,True,True,False,True,0.25,0.69,77,수락,수락,True,2026-07-18,서울,True,애프터 성사
MT03765,2026-07-12,M765,M261,MG12,False,False,True,True,False,True,True,0.25,0.36,67,수락,미응답,False,,,,응답 대기 종료
MT03766,2026-07-24,M766,M344,MG07,True,True,True,True,False,True,True,0.75,0.61,76,수락,수락,False,,,,추천 종료
MT03767,2026-07-22,M767,M364,MG03,False,False,True,True,False,False,False,0,0.72,59,미응답,미응답,False,,,,응답 대기 종료
MT03768,2026-07-20,M768,M291,MG09,False,True,True,True,False,False,True,0.75,0.85,71,미응답,거절,False,,,,응답 대기 종료
MT03769,2026-07-17,M769,M583,MG07,False,False,True,True,False,True,True,0.75,0.7,78,수락,미응답,False,,,,응답 대기 종료
MT03770,2026-07-15,M770,M142,MG09,False,False,False,True,False,False,True,0.5,0.78,71,수락,미응답,False,,,,응답 대기 종료
MT03771,2026-07-30,M771,M948,MG11,True,False,False,True,False,False,True,0.5,0.67,74,수락,거절,False,,,,추천 종료
MT03772,2026-07-14,M772,M535,MG03,True,False,True,True,False,True,False,0.5,0.59,69,수락,수락,True,2026-07-18,경기,False,첫 만남 완료
MT03773,2026-07-25,M773,M742,MG06,True,True,False,True,False,True,False,0.5,0.25,68,거절,거절,False,,,,추천 종료
MT03774,2026-07-15,M774,M132,MG02,True,False,False,True,False,False,True,0.25,0.49,56,거절,거절,False,,,,추천 종료
MT03775,2026-07-21,M775,M496,MG10,False,False,True,True,False,True,True,0.25,0.7,69,거절,수락,False,,,,추천 종료
MT03776,2026-07-24,M776,M799,MG13,True,True,True,True,False,False,True,0.5,0.86,78,수락,거절,False,,,,추천 종료
MT03777,2026-07-05,M777,M975,MG01,True,False,False,True,True,True,True,0.25,0.76,79,수락,거절,False,,,,추천 종료
MT03778,2026-07-30,M778,M039,MG18,False,False,True,True,False,True,False,0.5,0.46,61,미응답,거절,False,,,,응답 대기 종료
MT03779,2026-07-18,M779,M007,MG15,True,True,False,True,True,True,True,0.25,0.83,78,거절,수락,False,,,,추천 종료
MT03780,2026-07-13,M780,M417,MG08,False,False,True,True,False,True,True,0.75,0.39,75,미응답,수락,False,,,,응답 대기 종료
MT03781,2026-07-22,M781,M085,MG03,True,True,True,True,False,True,False,0,0.6,57,미응답,거절,False,,,,응답 대기 종료
MT03782,2026-07-19,M782,M173,MG15,True,True,True,True,True,False,True,0.5,0.63,86,거절,거절,False,,,,추천 종료
MT03783,2026-07-23,M783,M881,MG05,False,False,True,False,True,False,True,1,1,82,수락,수락,True,2026-07-28,서울,True,애프터 성사
MT03784,2026-07-05,M784,M615,MG18,False,False,True,False,False,True,True,0.75,0.61,76,수락,거절,False,,,,추천 종료
MT03785,2026-07-26,M785,M802,MG20,False,False,True,True,False,True,True,0.25,0.7,68,거절,미응답,False,,,,응답 대기 종료
MT03786,2026-07-03,M786,M686,MG02,True,True,True,False,True,False,True,0,0.76,71,미응답,거절,False,,,,응답 대기 종료
MT03787,2026-07-15,M787,M174,MG19,False,False,True,True,False,True,True,0.5,0.36,73,미응답,거절,False,,,,응답 대기 종료
MT03788,2026-07-30,M788,M071,MG04,False,False,False,True,False,True,True,0.5,0.85,63,미응답,거절,False,,,,응답 대기 종료
MT03789,2026-07-22,M789,M640,MG15,True,True,True,False,False,False,True,0.5,0.65,74,거절,수락,False,,,,추천 종료
MT03790,2026-07-07,M790,M580,MG05,False,False,True,False,False,False,True,0.75,0.46,72,미응답,거절,False,,,,응답 대기 종료
MT03791,2026-07-19,M791,M338,MG15,False,False,True,False,False,True,True,0.75,0.8,73,수락,수락,True,2026-07-24,경기,False,첫 만남 완료
MT03792,2026-07-08,M792,M973,MG10,False,False,True,True,True,True,True,0.25,0.66,60,미응답,거절,False,,,,응답 대기 종료
MT03793,2026-07-26,M793,M656,MG13,True,False,True,True,False,False,True,0.25,1,79,수락,수락,True,2026-07-29,부산,True,애프터 성사
MT03794,2026-07-10,M794,M881,MG06,False,False,True,True,False,False,True,1,0.48,76,거절,거절,False,,,,추천 종료
MT03795,2026-07-06,M795,M357,MG14,True,True,True,True,True,False,True,0.5,0.76,80,미응답,수락,False,,,,응답 대기 종료
MT03796,2026-07-28,M796,M460,MG05,True,True,True,False,False,True,True,0.5,0.65,70,수락,거절,False,,,,추천 종료
MT03797,2026-07-25,M797,M473,MG14,False,False,False,True,False,True,True,0.75,0.84,75,거절,수락,False,,,,추천 종료
MT03798,2026-07-30,M798,M009,MG20,False,False,True,True,False,True,False,0.5,0.75,72,거절,수락,False,,,,추천 종료
MT03799,2026-07-28,M799,M516,MG10,True,True,True,True,False,False,True,0.75,0.76,79,수락,미응답,False,,,,응답 대기 종료
MT03800,2026-07-08,M800,M865,MG06,True,True,True,False,False,True,True,0.25,0.72,67,거절,미응답,False,,,,응답 대기 종료
MT03801,2026-07-30,M801,M298,MG07,True,True,True,True,False,True,True,1,0.64,84,거절,수락,False,,,,추천 종료
MT03802,2026-07-27,M802,M136,MG17,False,True,False,True,False,False,False,0.25,0.56,52,거절,거절,False,,,,추천 종료
MT03803,2026-07-07,M803,M884,MG05,False,False,False,True,False,False,True,0.25,0.49,65,미응답,미응답,False,,,,응답 대기 종료
MT03804,2026-07-30,M804,M675,MG19,True,False,True,False,False,True,False,0,0.44,57,거절,거절,False,,,,추천 종료
MT03805,2026-07-19,M805,M228,MG04,False,False,False,True,False,False,True,0.25,0.69,61,미응답,미응답,False,,,,응답 대기 종료
MT03806,2026-07-30,M806,M147,MG09,False,False,False,True,False,True,True,0.25,0.46,67,수락,수락,True,2026-08-13,서울,True,애프터 성사
MT03807,2026-07-04,M807,M991,MG20,False,False,True,False,False,True,False,0.25,0.62,58,미응답,수락,False,,,,응답 대기 종료
MT03808,2026-07-07,M808,M145,MG16,True,True,False,True,False,True,True,0.25,0.59,68,미응답,수락,False,,,,응답 대기 종료
MT03809,2026-07-17,M809,M156,MG06,False,True,True,True,True,False,True,0.5,0.44,68,수락,수락,False,,,,추천 종료
MT03810,2026-07-30,M810,M536,MG19,True,True,False,True,True,True,True,0.75,0.38,87,거절,미응답,False,,,,응답 대기 종료
MT03811,2026-07-21,M811,M998,MG19,False,False,True,False,False,False,True,0.25,0.49,60,거절,수락,False,,,,추천 종료
MT03812,2026-07-22,M812,M949,MG13,False,False,True,False,False,True,True,0.75,0.61,71,미응답,수락,False,,,,응답 대기 종료
MT03813,2026-07-25,M813,M324,MG08,False,True,True,False,False,True,True,0.5,0.7,75,미응답,미응답,False,,,,응답 대기 종료
MT03814,2026-07-24,M814,M354,MG07,False,False,False,True,False,True,True,0.5,0.83,74,미응답,수락,False,,,,응답 대기 종료
MT03815,2026-07-21,M815,M832,MG17,False,False,True,False,False,True,True,0.25,0.65,56,거절,거절,False,,,,추천 종료
MT03816,2026-07-27,M816,M470,MG08,False,False,True,True,False,True,True,0.5,0.59,67,수락,수락,False,,,,추천 종료
MT03817,2026-07-08,M817,M567,MG14,False,False,True,False,True,True,True,0.5,0.87,81,거절,거절,False,,,,추천 종료
MT03818,2026-07-11,M818,M188,MG13,False,False,False,True,True,True,True,0.25,0.75,66,거절,거절,False,,,,추천 종료
MT03819,2026-07-18,M819,M205,MG04,True,True,True,False,False,False,True,1,0.51,71,미응답,미응답,False,,,,응답 대기 종료
MT03820,2026-07-20,M820,M963,MG13,False,False,True,True,False,False,True,0.75,0.9,82,미응답,수락,False,,,,응답 대기 종료
MT03821,2026-07-13,M821,M113,MG04,True,True,True,True,False,True,True,0.5,0.5,77,거절,거절,False,,,,추천 종료
MT03822,2026-07-28,M822,M376,MG13,False,False,False,True,False,True,False,0.25,0.69,62,수락,미응답,False,,,,응답 대기 종료
MT03823,2026-07-18,M823,M186,MG07,False,False,True,True,False,True,False,0.5,0.51,75,거절,미응답,False,,,,응답 대기 종료
MT03824,2026-07-03,M824,M646,MG08,False,False,True,True,False,True,True,0.25,0.59,63,수락,거절,False,,,,추천 종료
MT03825,2026-07-20,M825,M840,MG06,False,False,True,True,True,False,True,0.5,0.43,77,미응답,미응답,False,,,,응답 대기 종료
MT03826,2026-07-20,M826,M415,MG09,True,True,True,True,False,True,True,0.5,0.24,71,수락,수락,True,2026-07-30,제주,True,애프터 성사
MT03827,2026-07-20,M827,M209,MG03,False,True,False,True,False,False,True,0.5,0.1,64,미응답,거절,False,,,,응답 대기 종료
MT03828,2026-07-17,M828,M094,MG04,True,True,True,True,False,False,True,0.25,0.33,64,수락,미응답,False,,,,응답 대기 종료
MT03829,2026-07-15,M829,M659,MG09,True,False,True,False,False,True,False,0.25,0.46,53,수락,미응답,False,,,,응답 대기 종료
MT03830,2026-07-21,M830,M565,MG13,False,False,False,True,False,True,False,0.25,0.71,68,거절,미응답,False,,,,응답 대기 종료
MT03831,2026-07-13,M831,M416,MG02,True,True,True,True,True,False,True,0.5,0.62,82,수락,거절,False,,,,추천 종료
MT03832,2026-07-30,M832,M564,MG18,False,False,True,True,False,True,True,0.5,0.82,68,거절,미응답,False,,,,응답 대기 종료
MT03833,2026-07-13,M833,M265,MG19,True,True,False,True,False,True,True,0.25,0.38,76,미응답,수락,False,,,,응답 대기 종료
MT03834,2026-07-12,M834,M420,MG04,True,False,False,True,False,False,True,0.5,0.49,54,미응답,거절,False,,,,응답 대기 종료
MT03835,2026-07-16,M835,M693,MG02,False,False,False,True,False,False,True,0.75,0.51,70,수락,수락,True,2026-07-29,서울,True,애프터 성사
MT03836,2026-07-02,M836,M336,MG03,True,True,True,False,False,False,True,0.75,0.75,79,거절,수락,False,,,,추천 종료
MT03837,2026-07-13,M837,M758,MG11,True,True,True,True,False,True,True,0.5,1,83,수락,거절,False,,,,추천 종료
MT03838,2026-07-02,M838,M430,MG15,False,False,False,True,False,False,True,0.5,0.61,56,거절,수락,False,,,,추천 종료
MT03839,2026-07-17,M839,M608,MG17,True,True,True,True,False,True,True,0.25,0.53,77,수락,미응답,False,,,,응답 대기 종료
MT03840,2026-07-09,M840,M907,MG14,False,True,False,True,True,True,True,0.5,0.69,73,미응답,수락,False,,,,응답 대기 종료
MT03841,2026-07-21,M841,M183,MG16,False,False,True,True,False,False,False,0,0.41,53,거절,미응답,False,,,,응답 대기 종료
MT03842,2026-07-22,M842,M404,MG15,True,True,True,False,False,False,True,0.75,0.78,77,미응답,수락,False,,,,응답 대기 종료
MT03843,2026-07-05,M843,M946,MG10,True,True,True,True,False,True,True,0.75,0.43,81,미응답,거절,False,,,,응답 대기 종료
MT03844,2026-07-16,M844,M096,MG05,False,False,True,True,False,False,False,0,0.37,55,미응답,미응답,False,,,,응답 대기 종료
MT03845,2026-07-23,M845,M395,MG16,False,False,True,True,True,True,True,0.75,0.23,78,수락,수락,True,2026-07-28,경기,True,애프터 성사
MT03846,2026-07-26,M846,M044,MG07,True,True,True,True,False,False,True,0.75,0.47,81,수락,미응답,False,,,,응답 대기 종료
MT03847,2026-07-15,M847,M423,MG14,False,True,True,True,True,False,True,0.25,0.5,68,미응답,미응답,False,,,,응답 대기 종료
MT03848,2026-07-14,M848,M375,MG09,False,False,False,True,False,True,False,0.25,0.46,62,수락,수락,False,,,,추천 종료
MT03849,2026-07-11,M849,M378,MG01,False,False,False,True,False,True,True,0.75,0.56,64,미응답,미응답,False,,,,응답 대기 종료
MT03850,2026-07-30,M850,M773,MG20,True,True,True,False,False,False,True,0.5,0.61,72,수락,수락,True,2026-08-08,전남,True,애프터 성사
MT03851,2026-07-08,M851,M378,MG18,True,True,True,True,True,False,True,0.25,0.73,77,수락,수락,True,2026-07-12,서울,True,애프터 성사
MT03852,2026-07-19,M852,M351,MG07,False,False,True,True,False,False,True,0.75,0.63,74,미응답,수락,False,,,,응답 대기 종료
MT03853,2026-07-16,M853,M086,MG09,True,True,True,True,False,True,True,0.25,0.78,65,수락,거절,False,,,,추천 종료
MT03854,2026-07-14,M854,M373,MG12,False,True,True,False,False,True,True,0.5,0.81,76,수락,미응답,False,,,,응답 대기 종료
MT03855,2026-07-07,M855,M221,MG03,False,False,True,True,False,True,True,0.5,0.65,75,미응답,미응답,False,,,,응답 대기 종료
MT03856,2026-07-30,M856,M729,MG05,True,True,True,False,False,True,True,0.75,0.1,63,수락,미응답,False,,,,응답 대기 종료
MT03857,2026-07-12,M857,M307,MG06,True,True,False,True,False,False,True,0.25,0.53,63,수락,미응답,False,,,,응답 대기 종료
MT03858,2026-07-05,M858,M211,MG19,False,False,True,True,False,False,True,0.5,0.69,76,수락,거절,False,,,,추천 종료
MT03859,2026-07-07,M859,M772,MG17,False,True,True,True,False,False,True,0.5,0.5,75,수락,수락,True,2026-07-15,서울,True,애프터 성사
MT03860,2026-07-17,M860,M451,MG05,True,True,True,False,False,True,True,0.25,0.57,74,거절,수락,False,,,,추천 종료
MT03861,2026-07-13,M861,M481,MG20,False,False,False,True,True,True,True,0.5,0.67,78,거절,미응답,False,,,,응답 대기 종료
MT03862,2026-07-07,M862,M892,MG16,False,True,False,True,False,True,True,0.75,0.81,79,수락,미응답,False,,,,응답 대기 종료
MT03863,2026-07-22,M863,M050,MG20,False,True,True,False,False,True,True,0.5,0.59,76,수락,수락,True,2026-07-27,서울,False,첫 만남 완료
MT03864,2026-07-10,M864,M284,MG06,False,False,True,True,True,True,False,0.25,0.64,76,거절,거절,False,,,,추천 종료
MT03865,2026-07-18,M865,M718,MG02,True,True,False,True,False,True,False,0.25,0.85,61,미응답,거절,False,,,,응답 대기 종료
MT03866,2026-07-11,M866,M116,MG20,False,False,False,True,False,True,True,0,0.74,55,수락,거절,False,,,,추천 종료
MT03867,2026-07-08,M867,M056,MG06,False,False,False,True,False,True,False,0,0.59,53,거절,미응답,False,,,,응답 대기 종료
MT03868,2026-07-12,M868,M929,MG02,True,True,False,True,False,False,True,0,0.77,65,미응답,거절,False,,,,응답 대기 종료
MT03869,2026-07-18,M869,M530,MG04,True,True,True,True,True,True,True,0.5,0.83,87,거절,수락,False,,,,추천 종료
MT03870,2026-07-04,M870,M623,MG03,True,True,True,False,False,False,True,0.5,0.67,68,거절,미응답,False,,,,응답 대기 종료
MT03871,2026-07-16,M871,M710,MG19,True,True,True,True,False,True,True,1,0.39,80,미응답,미응답,False,,,,응답 대기 종료
MT03872,2026-07-22,M872,M447,MG15,True,True,True,False,False,True,True,0.5,0.45,78,거절,미응답,False,,,,응답 대기 종료
MT03873,2026-07-15,M873,M161,MG12,True,True,False,True,False,True,False,0.25,0.76,68,수락,거절,False,,,,추천 종료
MT03874,2026-07-28,M874,M307,MG18,True,True,True,True,False,False,False,0.5,0.77,80,수락,미응답,False,,,,응답 대기 종료
MT03875,2026-07-25,M875,M030,MG18,True,True,True,True,False,False,True,0.5,0.13,55,미응답,거절,False,,,,응답 대기 종료
MT03876,2026-07-04,M876,M472,MG08,True,True,False,True,False,False,True,0.5,0.55,63,거절,거절,False,,,,추천 종료
MT03877,2026-07-23,M877,M318,MG15,True,True,True,False,False,False,False,0.25,0.98,65,거절,거절,False,,,,추천 종료
MT03878,2026-07-20,M878,M661,MG01,False,False,True,True,True,False,False,0,0.41,59,수락,거절,False,,,,추천 종료
MT03879,2026-07-27,M879,M303,MG09,True,False,True,True,False,False,True,0,0.38,60,미응답,거절,False,,,,응답 대기 종료
MT03880,2026-07-16,M880,M845,MG01,True,True,True,True,False,False,True,0.5,0.61,70,미응답,거절,False,,,,응답 대기 종료
MT03881,2026-07-03,M881,M983,MG19,False,False,False,True,True,False,True,0.75,0.66,69,거절,거절,False,,,,추천 종료
MT03882,2026-07-12,M882,M572,MG05,False,False,True,False,False,False,True,0.5,0.62,62,거절,거절,False,,,,추천 종료
MT03883,2026-07-16,M883,M002,MG07,False,False,True,True,False,True,True,0.25,0.63,73,거절,거절,False,,,,추천 종료
MT03884,2026-07-20,M884,M412,MG06,False,False,True,False,False,False,True,0.5,0.68,63,미응답,수락,False,,,,응답 대기 종료
MT03885,2026-07-15,M885,M363,MG01,False,False,True,False,True,True,True,0.25,0.7,72,미응답,수락,False,,,,응답 대기 종료
MT03886,2026-07-30,M886,M483,MG16,True,True,True,True,False,False,False,0,0.74,66,수락,미응답,False,,,,응답 대기 종료
MT03887,2026-07-10,M887,M827,MG10,True,True,True,False,False,True,False,0,0.84,62,수락,수락,True,2026-07-18,경기,True,애프터 성사
MT03888,2026-07-27,M888,M659,MG04,True,True,True,False,False,True,True,0,0.49,72,거절,거절,False,,,,추천 종료
MT03889,2026-07-13,M889,M924,MG19,True,True,True,False,False,True,False,0.25,0.68,64,미응답,거절,False,,,,응답 대기 종료
MT03890,2026-07-29,M890,M746,MG05,False,True,True,True,False,False,True,0.5,0.44,77,수락,수락,True,2026-08-02,서울,True,애프터 성사
MT03891,2026-07-18,M891,M676,MG04,True,False,True,True,False,False,True,0.25,0.41,69,거절,거절,False,,,,추천 종료
MT03892,2026-07-03,M892,M308,MG03,False,False,True,False,True,True,True,0.75,0.43,69,거절,미응답,False,,,,응답 대기 종료
MT03893,2026-07-13,M893,M731,MG11,False,False,True,False,False,True,False,0,0.86,53,거절,거절,False,,,,추천 종료
MT03894,2026-07-03,M894,M893,MG04,True,True,True,True,False,False,True,0.25,0.28,72,거절,거절,False,,,,추천 종료
MT03895,2026-07-13,M895,M176,MG13,True,False,True,False,True,True,True,0.25,0.39,72,수락,거절,False,,,,추천 종료
MT03896,2026-07-14,M896,M451,MG04,False,False,True,True,False,True,True,0.25,0.87,74,수락,수락,True,2026-07-20,서울,True,애프터 성사
MT03897,2026-07-21,M897,M456,MG07,True,True,True,True,False,True,False,0,0.78,60,미응답,거절,False,,,,응답 대기 종료
MT03898,2026-07-14,M898,M257,MG12,True,False,False,True,True,True,True,0.5,0.92,73,거절,거절,False,,,,추천 종료
MT03899,2026-07-07,M899,M568,MG16,True,True,True,True,False,False,True,0.5,0.57,75,거절,거절,False,,,,추천 종료
MT03900,2026-07-22,M900,M710,MG09,True,True,True,True,False,False,True,0.5,0.56,71,거절,거절,False,,,,추천 종료
MT03901,2026-07-14,M901,M214,MG02,False,False,True,True,False,False,True,0.5,0.68,68,거절,수락,False,,,,추천 종료
MT03902,2026-07-05,M902,M208,MG09,False,False,True,True,True,True,False,0.25,0.71,66,미응답,미응답,False,,,,응답 대기 종료
MT03903,2026-07-22,M903,M428,MG04,True,True,True,True,False,False,True,0.25,0.8,80,미응답,미응답,False,,,,응답 대기 종료
MT03904,2026-07-21,M904,M921,MG04,True,True,False,True,False,False,True,0.25,0.63,67,거절,미응답,False,,,,응답 대기 종료
MT03905,2026-07-08,M905,M959,MG02,False,False,True,True,False,False,True,0,0.66,52,수락,미응답,False,,,,응답 대기 종료
MT03906,2026-07-22,M906,M468,MG17,True,True,True,True,True,False,False,0.25,0.86,77,미응답,수락,False,,,,응답 대기 종료
MT03907,2026-07-09,M907,M029,MG05,True,True,True,True,False,False,True,0,0.96,71,수락,거절,False,,,,추천 종료
MT03908,2026-07-08,M908,M364,MG18,False,False,False,True,False,False,False,0.5,0.5,58,미응답,거절,False,,,,응답 대기 종료
MT03909,2026-07-08,M909,M748,MG18,False,False,False,True,False,False,True,0.25,0.64,66,미응답,미응답,False,,,,응답 대기 종료
MT03910,2026-07-14,M910,M997,MG13,False,False,False,True,False,True,True,0.5,0.73,68,미응답,미응답,False,,,,응답 대기 종료
MT03911,2026-07-18,M911,M991,MG14,False,False,True,True,False,True,True,0.25,0.45,74,미응답,수락,False,,,,응답 대기 종료
MT03912,2026-07-05,M912,M337,MG04,True,True,True,False,False,True,True,0.25,0.87,75,수락,미응답,False,,,,응답 대기 종료
MT03913,2026-07-19,M913,M415,MG03,True,True,True,True,True,True,True,0.5,0.93,87,미응답,미응답,False,,,,응답 대기 종료
MT03914,2026-07-19,M914,M848,MG01,True,True,True,True,False,True,False,0.25,0.52,70,수락,수락,False,,,,추천 종료
MT03915,2026-07-18,M915,M175,MG03,False,False,False,True,False,True,False,0.25,0.74,64,수락,거절,False,,,,추천 종료
MT03916,2026-07-13,M916,M134,MG20,True,True,True,True,False,True,True,0.5,0.78,73,수락,수락,True,2026-07-20,경기,False,첫 만남 완료
MT03917,2026-07-13,M917,M776,MG07,False,False,False,True,False,False,True,0.25,0.74,50,미응답,거절,False,,,,응답 대기 종료
MT03918,2026-07-07,M918,M014,MG04,True,True,True,True,False,False,False,0.25,0.23,63,수락,수락,True,2026-07-20,서울,True,애프터 성사
MT03919,2026-07-17,M919,M962,MG03,False,False,True,False,True,False,True,0.5,0.6,69,미응답,거절,False,,,,응답 대기 종료
MT03920,2026-07-08,M920,M185,MG19,False,False,True,True,False,True,False,0.25,0.91,72,수락,미응답,False,,,,응답 대기 종료
MT03921,2026-07-19,M921,M812,MG02,False,True,True,True,False,True,True,0.5,1,78,미응답,수락,False,,,,응답 대기 종료
MT03922,2026-07-16,M922,M140,MG02,False,False,True,True,False,True,True,0,0.71,70,거절,거절,False,,,,추천 종료
MT03923,2026-07-23,M923,M008,MG02,True,True,False,True,False,False,True,0.25,0.61,73,거절,수락,False,,,,추천 종료
MT03924,2026-07-09,M924,M537,MG02,False,True,False,True,False,True,False,0,0.52,59,수락,거절,False,,,,추천 종료
MT03925,2026-07-15,M925,M121,MG08,True,True,True,False,True,True,True,0.75,0.54,86,수락,거절,False,,,,추천 종료
MT03926,2026-07-02,M926,M716,MG07,False,False,True,False,False,False,True,0.5,0.7,58,미응답,수락,False,,,,응답 대기 종료
MT03927,2026-07-21,M927,M365,MG05,True,True,True,False,False,False,False,0.25,0.59,58,수락,미응답,False,,,,응답 대기 종료
MT03928,2026-07-23,M928,M346,MG10,False,False,True,False,False,False,True,0.25,0.56,67,수락,거절,False,,,,추천 종료
MT03929,2026-07-04,M929,M142,MG05,True,True,True,True,False,False,True,0.25,0.54,74,거절,미응답,False,,,,응답 대기 종료
MT03930,2026-07-22,M930,M896,MG16,False,False,False,True,False,False,True,0.75,0.83,58,거절,미응답,False,,,,응답 대기 종료
MT03931,2026-07-27,M931,M119,MG12,True,False,True,False,True,False,True,0.5,0.85,75,수락,거절,False,,,,추천 종료
MT03932,2026-07-28,M932,M577,MG08,False,True,False,True,False,False,True,0.5,0.42,55,수락,수락,False,,,,추천 종료
MT03933,2026-07-25,M933,M664,MG06,False,False,True,True,True,False,False,0.5,0.72,70,거절,미응답,False,,,,응답 대기 종료
MT03934,2026-07-08,M934,M164,MG01,False,False,False,True,False,False,True,0.5,0.72,68,거절,미응답,False,,,,응답 대기 종료
MT03935,2026-07-26,M935,M279,MG05,False,False,True,True,True,True,False,0.75,0.57,81,수락,미응답,False,,,,응답 대기 종료
MT03936,2026-07-28,M936,M871,MG08,False,True,True,True,False,True,True,0.75,0.74,79,미응답,미응답,False,,,,응답 대기 종료
MT03937,2026-07-08,M937,M863,MG19,False,True,True,True,True,True,True,0.5,1,80,거절,수락,False,,,,추천 종료
MT03938,2026-07-21,M938,M914,MG01,True,False,True,True,False,True,True,0.5,0.95,86,수락,수락,True,2026-07-28,서울,True,애프터 성사
MT03939,2026-07-04,M939,M104,MG18,True,True,True,True,False,True,True,0.25,0.62,72,거절,미응답,False,,,,응답 대기 종료
MT03940,2026-07-20,M940,M244,MG19,True,True,True,True,False,False,False,0.5,0.81,73,거절,수락,False,,,,추천 종료
MT03941,2026-07-28,M941,M094,MG16,False,False,True,True,False,True,False,0,0.78,63,미응답,미응답,False,,,,응답 대기 종료
MT03942,2026-07-15,M942,M412,MG17,True,True,True,False,False,False,True,0.25,0.33,61,미응답,미응답,False,,,,응답 대기 종료
MT03943,2026-07-06,M943,M344,MG07,False,False,False,True,False,True,True,0.75,0.63,72,미응답,수락,False,,,,응답 대기 종료
MT03944,2026-07-17,M944,M485,MG05,False,False,True,True,True,False,False,0.5,0.94,69,거절,미응답,False,,,,응답 대기 종료
MT03945,2026-07-18,M945,M381,MG13,False,True,False,True,False,False,False,0.5,0.35,64,거절,수락,False,,,,추천 종료
MT03946,2026-07-20,M946,M225,MG07,False,False,True,True,False,True,True,0.25,0.32,68,수락,거절,False,,,,추천 종료
MT03947,2026-07-30,M947,M860,MG18,True,True,False,True,False,True,True,0.5,0.82,73,거절,미응답,False,,,,응답 대기 종료
MT03948,2026-07-07,M948,M644,MG07,False,True,True,True,False,False,True,0.5,0.83,62,거절,거절,False,,,,추천 종료
MT03949,2026-07-16,M949,M808,MG10,True,False,False,False,False,False,True,0.25,0.67,57,거절,거절,False,,,,추천 종료
MT03950,2026-07-02,M950,M501,MG10,False,False,False,True,False,True,True,0.5,0.49,59,미응답,미응답,False,,,,응답 대기 종료
MT03951,2026-07-05,M951,M900,MG12,False,True,True,False,True,False,True,0.75,0.69,79,수락,미응답,False,,,,응답 대기 종료
MT03952,2026-07-06,M952,M920,MG18,False,False,True,False,True,True,True,0.5,0.82,81,거절,수락,False,,,,추천 종료
MT03953,2026-07-16,M953,M670,MG01,True,False,True,False,False,True,True,0.75,0.77,77,미응답,수락,False,,,,응답 대기 종료
MT03954,2026-07-16,M954,M868,MG06,True,True,False,True,False,True,True,0.75,0.75,78,미응답,수락,False,,,,응답 대기 종료
MT03955,2026-07-29,M955,M099,MG13,True,True,True,False,False,True,False,0.25,1,75,수락,미응답,False,,,,응답 대기 종료
MT03956,2026-07-07,M956,M363,MG16,False,False,True,True,False,True,True,0.25,0.95,70,수락,수락,True,2026-07-18,경기,True,애프터 성사
MT03957,2026-07-24,M957,M674,MG20,True,True,False,True,False,False,True,0.25,0.77,70,거절,수락,False,,,,추천 종료
MT03958,2026-07-07,M958,M183,MG04,True,False,True,True,False,False,False,0,0.49,50,미응답,거절,False,,,,응답 대기 종료
MT03959,2026-07-24,M959,M537,MG16,False,False,True,True,False,True,True,0,0.54,67,거절,수락,False,,,,추천 종료
MT03960,2026-07-06,M960,M386,MG07,False,False,True,True,True,True,True,0.5,0.85,76,미응답,수락,False,,,,응답 대기 종료
MT03961,2026-07-15,M961,M686,MG18,False,True,True,False,True,True,False,0.75,0.83,85,거절,미응답,False,,,,응답 대기 종료
MT03962,2026-07-04,M962,M260,MG04,False,False,True,True,False,True,True,0.25,0.68,66,거절,거절,False,,,,추천 종료
MT03963,2026-07-28,M963,M866,MG09,True,True,True,True,False,True,True,0.25,0.73,76,거절,수락,False,,,,추천 종료
MT03964,2026-07-05,M964,M932,MG20,True,False,True,True,False,True,True,0.25,0.71,71,거절,거절,False,,,,추천 종료
MT03965,2026-07-27,M965,M175,MG18,True,True,True,False,False,True,False,0.5,0.56,67,거절,수락,False,,,,추천 종료
MT03966,2026-07-22,M966,M638,MG11,True,True,True,False,False,True,True,0.75,0.84,84,수락,미응답,False,,,,응답 대기 종료
MT03967,2026-07-28,M967,M167,MG10,True,True,True,True,False,False,False,0.25,0.65,74,미응답,수락,False,,,,응답 대기 종료
MT03968,2026-07-09,M968,M961,MG10,True,True,True,True,True,True,True,0.25,0.52,85,미응답,거절,False,,,,응답 대기 종료
MT03969,2026-07-25,M969,M736,MG03,True,False,True,True,False,True,True,0.25,0.36,72,수락,미응답,False,,,,응답 대기 종료
MT03970,2026-07-10,M970,M933,MG20,False,True,False,True,False,False,False,0.25,0.82,63,수락,미응답,False,,,,응답 대기 종료
MT03971,2026-07-12,M971,M228,MG08,False,False,True,False,False,True,True,0,0.62,59,거절,거절,False,,,,추천 종료
MT03972,2026-07-11,M972,M727,MG06,True,True,True,True,True,False,True,0.75,0.81,86,수락,미응답,False,,,,응답 대기 종료
MT03973,2026-07-14,M973,M338,MG04,False,False,False,True,False,False,True,0,0.56,46,미응답,거절,False,,,,응답 대기 종료
MT03974,2026-07-13,M974,M666,MG16,False,False,True,False,False,False,False,0.25,0.57,54,수락,미응답,False,,,,응답 대기 종료
MT03975,2026-07-07,M975,M590,MG02,True,True,False,True,False,False,True,0.5,0.91,74,거절,거절,False,,,,추천 종료
MT03976,2026-07-20,M976,M654,MG14,True,True,True,True,False,False,False,0,0.25,56,미응답,수락,False,,,,응답 대기 종료
MT03977,2026-07-24,M977,M595,MG12,False,True,True,False,True,True,True,0.25,1,81,미응답,수락,False,,,,응답 대기 종료
MT03978,2026-07-27,M978,M588,MG15,True,True,True,False,False,False,True,0.25,0.66,70,수락,미응답,False,,,,응답 대기 종료
MT03979,2026-07-08,M979,M950,MG07,True,True,True,False,False,True,True,0.25,0.29,60,거절,거절,False,,,,추천 종료
MT03980,2026-07-22,M980,M076,MG09,True,True,True,True,False,True,True,0,0.44,72,수락,거절,False,,,,추천 종료
MT03981,2026-07-12,M981,M802,MG06,False,False,True,False,False,False,False,0.25,0.44,52,수락,미응답,False,,,,응답 대기 종료
MT03982,2026-07-15,M982,M185,MG06,True,True,True,True,False,False,False,0.5,0.68,79,수락,미응답,False,,,,응답 대기 종료
MT03983,2026-07-11,M983,M553,MG13,True,True,True,False,True,False,True,0.5,0.43,73,미응답,수락,False,,,,응답 대기 종료
MT03984,2026-07-27,M984,M301,MG01,False,False,True,False,False,False,True,0,0.69,59,수락,미응답,False,,,,응답 대기 종료
MT03985,2026-07-14,M985,M726,MG17,True,False,True,True,True,False,True,0.75,0.38,84,수락,수락,True,2026-07-22,서울,True,애프터 성사
MT03986,2026-07-08,M986,M074,MG02,True,True,False,True,False,True,False,0.5,0.59,67,수락,수락,True,2026-07-14,서울,False,첫 만남 완료
MT03987,2026-07-02,M987,M100,MG06,False,False,False,True,False,True,True,0.25,0.59,64,수락,수락,True,2026-07-05,서울,True,애프터 성사
MT03988,2026-07-12,M988,M890,MG11,True,False,False,True,False,True,True,0.5,0.62,75,미응답,수락,False,,,,응답 대기 종료
MT03989,2026-07-18,M989,M242,MG13,True,True,True,True,False,True,False,0.25,0.5,72,미응답,거절,False,,,,응답 대기 종료
MT03990,2026-07-20,M990,M122,MG08,False,False,True,True,True,True,True,0.25,0.72,74,거절,미응답,False,,,,응답 대기 종료
MT03991,2026-07-26,M991,M355,MG06,False,True,False,True,True,False,True,0.5,0.96,80,수락,수락,True,2026-07-30,경남,False,첫 만남 완료
MT03992,2026-07-30,M992,M450,MG13,True,True,True,True,False,False,True,0.25,0.48,70,미응답,수락,False,,,,응답 대기 종료
MT03993,2026-07-20,M993,M353,MG03,True,True,False,False,True,True,False,0.25,0.84,67,수락,미응답,False,,,,응답 대기 종료
MT03994,2026-07-04,M994,M466,MG03,False,False,True,True,False,True,True,0.5,0.57,68,거절,거절,False,,,,추천 종료
MT03995,2026-07-13,M995,M615,MG20,True,True,True,True,False,False,False,0.25,0.78,59,거절,수락,False,,,,추천 종료
MT03996,2026-07-25,M996,M027,MG03,False,False,False,True,True,True,True,0.5,0.53,73,미응답,미응답,False,,,,응답 대기 종료
MT03997,2026-07-07,M997,M607,MG06,False,False,True,False,False,True,True,0.25,0.45,54,미응답,거절,False,,,,응답 대기 종료
MT03998,2026-07-02,M998,M558,MG05,False,False,False,True,False,True,True,0.5,0.55,73,거절,거절,False,,,,추천 종료
MT03999,2026-07-07,M999,M459,MG16,True,True,True,False,True,False,False,0.5,0.68,77,수락,수락,True,2026-07-18,제주,True,애프터 성사
MT04000,2026-07-20,M1000,M187,MG05,False,False,False,True,True,False,True,0.25,0.68,71,수락,미응답,False,,,,응답 대기 종료
MT04001,2026-07-22,M001,M088,MG16,True,True,False,True,False,True,True,0.5,0.59,76,거절,미응답,False,,,,응답 대기 종료
MT04002,2026-07-18,M002,M640,MG11,True,True,True,False,False,True,False,0.5,0.61,74,거절,거절,False,,,,추천 종료
MT04003,2026-07-06,M003,M755,MG19,False,False,False,True,False,True,True,0.25,0.66,65,수락,수락,True,2026-07-08,서울,False,첫 만남 완료
MT04004,2026-07-13,M004,M216,MG16,False,True,True,True,True,False,True,0.25,0.77,69,거절,미응답,False,,,,응답 대기 종료
MT04005,2026-07-18,M005,M809,MG13,False,False,True,True,False,True,True,0.5,0.47,72,미응답,수락,False,,,,응답 대기 종료
MT04006,2026-07-25,M006,M898,MG17,False,False,True,True,False,False,True,0.5,0.56,63,거절,수락,False,,,,추천 종료
MT04007,2026-07-05,M007,M042,MG15,True,True,True,True,False,False,True,1,0.38,81,수락,거절,False,,,,추천 종료
MT04008,2026-07-24,M008,M923,MG05,True,True,True,False,False,False,True,0.25,0.65,73,수락,미응답,False,,,,응답 대기 종료
MT04009,2026-07-02,M009,M177,MG14,False,False,True,False,False,False,False,0.25,0.65,57,수락,미응답,False,,,,응답 대기 종료
MT04010,2026-07-11,M010,M458,MG07,False,False,True,True,False,True,True,0.5,0.61,78,수락,수락,True,2026-07-22,경기,False,첫 만남 완료
MT04011,2026-07-15,M011,M134,MG10,True,True,False,True,False,True,False,0.25,0.92,68,미응답,거절,False,,,,응답 대기 종료
MT04012,2026-07-29,M012,M385,MG20,False,False,False,True,False,True,True,0.75,0.36,68,수락,수락,True,2026-08-09,서울,False,첫 만남 완료
MT04013,2026-07-12,M013,M296,MG17,True,True,True,True,False,True,True,0.5,0.6,80,수락,거절,False,,,,추천 종료
MT04014,2026-07-06,M014,M478,MG12,False,True,True,True,False,False,True,0.5,0.63,80,수락,미응답,False,,,,응답 대기 종료
MT04015,2026-07-30,M015,M430,MG10,False,False,True,True,False,False,True,0.5,0.41,67,거절,수락,False,,,,추천 종료
MT04016,2026-07-15,M016,M638,MG03,False,False,True,False,True,False,True,0.5,0.48,68,미응답,미응답,False,,,,응답 대기 종료
MT04017,2026-07-20,M017,M244,MG14,False,False,True,False,False,True,True,0.5,0.76,69,미응답,거절,False,,,,응답 대기 종료
MT04018,2026-07-16,M018,M996,MG18,True,True,False,True,False,False,True,0.25,0.5,63,거절,거절,False,,,,추천 종료
MT04019,2026-07-28,M019,M978,MG06,True,True,True,True,False,True,True,0.75,0.68,80,수락,수락,True,2026-08-10,서울,False,첫 만남 완료
MT04020,2026-07-28,M020,M922,MG15,True,True,True,True,False,True,True,0.25,0.79,76,거절,수락,False,,,,추천 종료
MT04021,2026-07-10,M021,M879,MG20,True,False,True,True,False,True,True,0.25,0.45,74,미응답,거절,False,,,,응답 대기 종료
MT04022,2026-07-14,M022,M743,MG15,False,False,True,False,False,False,True,0.25,0.55,51,미응답,거절,False,,,,응답 대기 종료
MT04023,2026-07-25,M023,M105,MG10,False,False,True,False,False,False,True,0.25,0.6,53,거절,거절,False,,,,추천 종료
MT04024,2026-07-19,M024,M156,MG03,False,False,True,False,True,True,True,0,0.53,69,거절,수락,False,,,,추천 종료
MT04025,2026-07-04,M025,M369,MG02,True,True,False,True,False,True,False,0.25,0.51,68,거절,수락,False,,,,추천 종료
MT04026,2026-07-03,M026,M536,MG14,False,False,False,True,True,False,True,0.75,0.58,72,수락,거절,False,,,,추천 종료
MT04027,2026-07-07,M027,M412,MG10,False,False,True,False,False,False,True,0,0.98,57,거절,거절,False,,,,추천 종료
MT04028,2026-07-16,M028,M274,MG20,True,False,True,True,True,False,False,0,0.5,69,거절,수락,False,,,,추천 종료
MT04029,2026-07-01,M029,M756,MG03,False,True,True,False,False,False,True,0,0.46,54,미응답,미응답,False,,,,응답 대기 종료
MT04030,2026-07-29,M030,M547,MG16,False,False,True,True,False,True,True,0.25,0.58,67,거절,수락,False,,,,추천 종료
MT04031,2026-07-17,M031,M557,MG12,True,True,True,True,False,False,True,0.5,0.5,71,미응답,거절,False,,,,응답 대기 종료
MT04032,2026-07-07,M032,M204,MG11,False,False,True,True,True,False,True,1,0.63,76,미응답,거절,False,,,,응답 대기 종료
MT04033,2026-07-21,M033,M583,MG05,False,True,False,True,False,True,False,0.5,0.83,62,수락,거절,False,,,,추천 종료
MT04034,2026-07-14,M034,M207,MG05,False,False,False,True,False,False,True,0.5,0.37,58,수락,거절,False,,,,추천 종료
MT04035,2026-07-18,M035,M663,MG13,False,True,True,True,False,False,False,0,0.48,60,거절,미응답,False,,,,응답 대기 종료
MT04036,2026-07-26,M036,M653,MG20,False,False,True,True,False,False,True,0.5,0.48,75,수락,수락,True,2026-07-30,서울,False,첫 만남 완료
MT04037,2026-07-09,M037,M645,MG01,True,True,True,True,False,False,True,0.25,0.48,69,거절,거절,False,,,,추천 종료
MT04038,2026-07-21,M038,M880,MG13,False,True,True,True,False,True,True,0.25,0.45,64,미응답,미응답,False,,,,응답 대기 종료
MT04039,2026-07-08,M039,M377,MG19,False,False,True,False,False,True,False,0.25,0.64,62,수락,거절,False,,,,추천 종료
MT04040,2026-07-27,M040,M782,MG08,True,True,False,True,False,True,True,0.5,0.63,65,미응답,거절,False,,,,응답 대기 종료
MT04041,2026-07-24,M041,M032,MG16,False,False,True,True,False,False,False,0.25,0.75,70,수락,수락,True,2026-08-07,경기,True,애프터 성사
MT04042,2026-07-09,M042,M844,MG06,False,False,True,True,False,False,True,0.5,0.73,71,미응답,거절,False,,,,응답 대기 종료
MT04043,2026-07-08,M043,M652,MG11,False,False,True,False,False,False,True,0.5,0.41,65,거절,미응답,False,,,,응답 대기 종료
MT04044,2026-07-20,M044,M154,MG12,True,True,True,True,False,False,True,0.25,0.72,75,미응답,수락,False,,,,응답 대기 종료
MT04045,2026-07-11,M045,M084,MG13,False,False,False,True,False,False,True,1,0.48,72,거절,거절,False,,,,추천 종료
MT04046,2026-07-21,M046,M904,MG20,True,True,True,True,False,True,True,0.5,0.86,78,수락,수락,True,2026-08-03,서울,False,첫 만남 완료
MT04047,2026-07-02,M047,M374,MG05,False,False,True,True,True,False,False,0.25,0.43,71,미응답,수락,False,,,,응답 대기 종료
MT04048,2026-07-09,M048,M712,MG01,True,True,True,True,False,True,True,0.75,0.57,88,수락,미응답,False,,,,응답 대기 종료
MT04049,2026-07-02,M049,M285,MG20,True,True,True,True,True,False,True,0.25,0.4,78,거절,수락,False,,,,추천 종료
MT04050,2026-07-08,M050,M566,MG14,False,False,False,True,False,True,False,0.25,1,68,수락,미응답,False,,,,응답 대기 종료
MT04051,2026-07-14,M051,M455,MG17,False,True,True,False,False,True,True,0.25,0.57,64,수락,수락,True,2026-07-21,강원,False,첫 만남 완료
MT04052,2026-07-30,M052,M110,MG13,False,False,True,True,False,False,False,0.25,0.89,71,수락,수락,True,2026-08-04,인천,False,첫 만남 완료
MT04053,2026-07-27,M053,M772,MG18,False,False,False,True,False,True,True,0.5,0.59,64,미응답,수락,False,,,,응답 대기 종료
MT04054,2026-07-19,M054,M894,MG10,False,True,True,True,False,False,True,0.75,0.66,71,수락,수락,False,,,,추천 종료
MT04055,2026-07-22,M055,M458,MG16,False,False,True,True,False,False,True,0.5,0.43,70,거절,수락,False,,,,추천 종료
MT04056,2026-07-05,M056,M820,MG06,True,True,True,True,False,False,True,0.5,0.7,76,미응답,미응답,False,,,,응답 대기 종료
MT04057,2026-07-04,M057,M171,MG04,True,True,True,True,False,True,True,0.5,0.4,83,수락,수락,False,,,,추천 종료
MT04058,2026-07-16,M058,M503,MG09,True,True,True,True,False,False,True,0.5,0.62,72,수락,미응답,False,,,,응답 대기 종료
MT04059,2026-07-10,M059,M914,MG05,False,False,True,True,False,True,True,0.25,0.66,72,거절,거절,False,,,,추천 종료
MT04060,2026-07-27,M060,M575,MG03,False,False,True,False,False,True,True,0.5,0.83,71,거절,미응답,False,,,,응답 대기 종료
MT04061,2026-07-19,M061,M303,MG19,False,False,True,True,False,False,True,0.75,0.69,76,미응답,수락,False,,,,응답 대기 종료
MT04062,2026-07-04,M062,M496,MG08,False,False,True,True,False,True,False,0.25,0.38,53,거절,거절,False,,,,추천 종료
MT04063,2026-07-01,M063,M899,MG01,False,False,True,True,False,True,True,0.5,0.37,70,수락,미응답,False,,,,응답 대기 종료
MT04064,2026-07-29,M064,M114,MG13,False,False,True,True,False,False,True,0.5,0.73,71,거절,거절,False,,,,추천 종료
MT04065,2026-07-27,M065,M169,MG17,False,True,True,True,False,True,True,0.5,0.8,80,수락,거절,False,,,,추천 종료
MT04066,2026-07-20,M066,M864,MG08,False,False,True,True,False,False,False,0.25,0.56,68,미응답,거절,False,,,,응답 대기 종료
MT04067,2026-07-11,M067,M642,MG12,False,False,True,False,True,False,False,0.25,0.62,70,미응답,거절,False,,,,응답 대기 종료
MT04068,2026-07-28,M068,M092,MG02,False,False,True,True,False,True,True,0.75,0.57,71,거절,미응답,False,,,,응답 대기 종료
MT04069,2026-07-16,M069,M192,MG19,False,True,True,True,False,False,True,0.25,0.83,77,수락,수락,True,2026-07-30,서울,False,첫 만남 완료
MT04070,2026-07-16,M070,M036,MG20,True,False,True,True,False,True,True,0.25,0.51,77,거절,거절,False,,,,추천 종료
MT04071,2026-07-13,M071,M155,MG08,False,False,True,True,True,True,True,0.25,0.79,57,수락,미응답,False,,,,응답 대기 종료
MT04072,2026-07-14,M072,M554,MG17,True,True,False,True,False,False,False,0.5,0.52,68,거절,수락,False,,,,추천 종료
MT04073,2026-07-04,M073,M713,MG19,True,True,False,True,True,True,True,0.25,1,84,수락,수락,True,2026-07-15,서울,True,애프터 성사
MT04074,2026-07-19,M074,M569,MG16,False,True,True,False,False,True,False,0.25,0.14,52,수락,수락,True,2026-07-29,서울,True,애프터 성사
MT04075,2026-07-06,M075,M140,MG02,True,True,True,True,False,True,True,0.5,0.62,85,수락,미응답,False,,,,응답 대기 종료
MT04076,2026-07-11,M076,M088,MG04,True,True,True,True,False,True,True,0.25,0.36,67,미응답,미응답,False,,,,응답 대기 종료
MT04077,2026-07-16,M077,M349,MG04,True,True,False,True,False,True,True,0.25,0.52,67,수락,미응답,False,,,,응답 대기 종료
MT04078,2026-07-19,M078,M736,MG09,True,True,True,True,False,False,True,0.5,0.94,78,수락,미응답,False,,,,응답 대기 종료
MT04079,2026-07-07,M079,M651,MG03,False,False,True,False,False,False,True,1,0.42,75,수락,미응답,False,,,,응답 대기 종료
MT04080,2026-07-30,M080,M572,MG19,True,True,True,False,True,False,True,0.5,0.6,75,수락,수락,True,2026-08-06,서울,False,첫 만남 완료
MT04081,2026-07-26,M081,M841,MG12,True,False,True,True,False,False,True,0.25,0.55,70,수락,수락,True,2026-08-04,부산,False,첫 만남 완료
MT04082,2026-07-01,M082,M374,MG20,True,True,True,False,True,False,True,0.5,0.68,74,미응답,수락,False,,,,응답 대기 종료
MT04083,2026-07-06,M083,M252,MG05,False,False,True,True,False,True,True,0.25,0.68,70,수락,수락,True,2026-07-14,서울,True,애프터 성사
MT04084,2026-07-12,M084,M306,MG11,True,False,True,False,False,True,True,0.5,0.44,76,거절,거절,False,,,,추천 종료
MT04085,2026-07-30,M085,M967,MG11,True,True,True,True,False,False,False,0.75,0.56,80,수락,거절,False,,,,추천 종료
MT04086,2026-07-21,M086,M204,MG05,False,False,True,True,False,False,True,0.5,0.5,58,거절,수락,False,,,,추천 종료
MT04087,2026-07-20,M087,M806,MG13,True,True,True,False,True,True,True,0.5,0.5,74,미응답,미응답,False,,,,응답 대기 종료
MT04088,2026-07-03,M088,M750,MG06,False,False,True,False,False,True,True,0.5,0.5,62,거절,거절,False,,,,추천 종료
MT04089,2026-07-30,M089,M473,MG07,False,False,True,True,False,True,True,0.25,0.59,74,수락,수락,False,,,,추천 종료
MT04090,2026-07-03,M090,M539,MG03,True,True,True,True,False,True,True,1,1,90,미응답,수락,False,,,,응답 대기 종료
MT04091,2026-07-22,M091,M161,MG09,True,True,True,True,False,True,True,0.25,0.55,73,미응답,미응답,False,,,,응답 대기 종료
MT04092,2026-07-07,M092,M356,MG04,False,False,True,True,False,False,True,0.5,0.84,76,수락,미응답,False,,,,응답 대기 종료
MT04093,2026-07-15,M093,M394,MG08,True,True,True,True,False,True,True,0,0.56,71,거절,미응답,False,,,,응답 대기 종료
MT04094,2026-07-01,M094,M565,MG11,False,False,True,True,False,False,True,0.5,0.91,68,수락,거절,False,,,,추천 종료
MT04095,2026-07-14,M095,M239,MG04,True,True,False,True,False,True,True,0.25,0.69,74,수락,수락,True,2026-07-26,서울,True,애프터 성사
MT04096,2026-07-21,M096,M017,MG02,True,True,True,True,False,True,True,0.5,0.42,73,수락,거절,False,,,,추천 종료
MT04097,2026-07-12,M097,M824,MG02,True,True,False,True,False,False,True,0.25,0.45,69,거절,거절,False,,,,추천 종료
MT04098,2026-07-07,M098,M817,MG06,False,False,True,True,True,True,True,0.5,0.78,82,미응답,수락,False,,,,응답 대기 종료
MT04099,2026-07-02,M099,M638,MG10,True,True,True,True,True,True,True,0.75,0.49,91,수락,수락,False,,,,추천 종료
MT04100,2026-07-27,M100,M442,MG18,True,False,True,True,False,True,True,0.75,0.42,80,수락,미응답,False,,,,응답 대기 종료
MT04101,2026-07-26,M101,M014,MG05,True,True,True,True,False,False,True,0.25,0.92,72,수락,수락,True,2026-07-30,강원,True,애프터 성사
MT04102,2026-07-10,M102,M119,MG10,False,False,True,True,False,True,True,0,0.42,63,미응답,,False,,,,응답 대기 종료
MT04103,2026-07-10,M103,M937,MG09,False,False,True,False,True,True,True,0.5,0.63,75,미응답,거절,False,,,,응답 대기 종료
MT04104,2026-07-16,M104,M531,MG19,True,True,False,True,False,False,True,0.25,0.46,65,미응답,거절,False,,,,응답 대기 종료
MT04105,2026-07-07,M105,M710,MG06,True,True,True,True,False,True,True,0.5,0.86,73,거절,미응답,False,,,,응답 대기 종료
MT04106,2026-07-04,M106,M419,MG10,False,False,False,True,False,False,True,0.5,0.83,67,거절,수락,False,,,,추천 종료
MT04107,2026-07-05,M107,M397,MG20,True,True,True,True,False,False,False,0.5,0.8,76,수락,거절,False,,,,추천 종료
MT04108,2026-07-14,M108,M968,MG07,False,False,True,True,False,True,True,0.5,0.69,80,거절,미응답,False,,,,응답 대기 종료
MT04109,2026-07-02,M109,M229,MG07,True,False,False,True,False,True,True,0,0.55,68,거절,미응답,False,,,,응답 대기 종료
MT04110,2026-07-08,M110,M701,MG09,True,False,False,True,False,True,True,0.25,0.45,60,거절,거절,False,,,,추천 종료
MT04111,2026-07-15,M111,M324,MG07,True,True,True,False,False,False,True,0.5,0.67,73,미응답,미응답,False,,,,응답 대기 종료
MT04112,2026-07-28,M112,M184,MG01,False,False,True,True,True,False,True,0.5,0.69,81,미응답,미응답,False,,,,응답 대기 종료
MT04113,2026-07-15,M113,M405,MG15,True,True,False,True,False,True,True,0.75,0.59,82,거절,거절,False,,,,추천 종료
MT04114,2026-07-28,M114,M966,MG13,True,True,False,True,False,True,True,0.5,0.65,78,수락,거절,False,,,,추천 종료
MT04115,2026-07-08,M115,M371,MG01,True,True,False,True,False,False,True,0.5,0.69,62,거절,거절,False,,,,추천 종료
MT04116,2026-07-23,M116,M318,MG11,False,False,True,False,False,True,False,0.25,0.52,67,수락,미응답,False,,,,응답 대기 종료
MT04117,2026-07-16,M117,M926,MG11,False,False,True,True,True,False,True,0.75,0.9,80,미응답,미응답,False,,,,응답 대기 종료
MT04118,2026-07-22,M118,M139,MG08,False,False,True,True,False,True,True,0.5,0.76,73,미응답,수락,False,,,,응답 대기 종료
MT04119,2026-07-03,M119,M976,MG19,False,False,True,False,False,True,True,0.75,0.64,71,미응답,거절,False,,,,응답 대기 종료
MT04120,2026-07-21,M120,M349,MG05,False,False,False,True,False,True,True,0.25,0.5,58,거절,거절,False,,,,추천 종료
MT04121,2026-07-21,M121,M110,MG03,True,True,True,True,False,True,True,0.25,0.54,76,미응답,수락,False,,,,응답 대기 종료
MT04122,2026-07-12,M122,M997,MG14,True,True,False,True,False,True,True,0.5,0.74,72,미응답,미응답,False,,,,응답 대기 종료
MT04123,2026-07-02,M123,M612,MG08,False,False,False,True,False,False,True,0.25,0.84,63,거절,거절,False,,,,추천 종료
MT04124,2026-07-20,M124,M285,MG11,True,False,True,True,False,True,True,0,0.69,67,수락,수락,True,2026-07-29,서울,True,애프터 성사
MT04125,2026-07-28,M125,M231,MG12,True,True,False,True,False,False,True,0,0.55,67,미응답,수락,False,,,,응답 대기 종료
MT04126,2026-07-28,M126,M043,MG07,True,True,False,True,False,False,True,0.5,0.32,58,거절,수락,False,,,,추천 종료
MT04127,2026-07-17,M127,M501,MG02,True,False,False,True,False,False,True,0.25,0.59,59,미응답,거절,False,,,,응답 대기 종료
MT04128,2026-07-21,M128,M1000,MG09,True,True,False,True,True,False,False,0,0.42,67,거절,수락,False,,,,추천 종료
MT04129,2026-07-09,M129,M359,MG15,False,False,True,True,True,True,True,0,0.94,79,미응답,수락,False,,,,응답 대기 종료
MT04130,2026-07-07,M130,M562,MG03,False,False,True,True,False,True,True,0.25,0.96,67,거절,미응답,False,,,,응답 대기 종료
MT04131,2026-07-15,M131,M378,MG16,True,True,True,True,False,False,True,0.75,0.64,72,미응답,거절,False,,,,응답 대기 종료
MT04132,2026-07-03,M132,M850,MG17,True,True,True,False,False,False,True,0.5,0.44,63,수락,거절,False,,,,추천 종료
MT04133,2026-07-20,M133,M028,MG07,False,False,True,True,False,True,False,0.75,0.82,75,미응답,미응답,False,,,,응답 대기 종료
MT04134,2026-07-20,M134,M278,MG02,False,False,True,True,False,True,True,0.5,0.24,64,미응답,거절,False,,,,응답 대기 종료
MT04135,2026-07-17,M135,M854,MG20,True,True,True,True,False,False,True,0.5,0.35,75,수락,미응답,False,,,,응답 대기 종료
MT04136,2026-07-03,M136,M237,MG02,True,True,True,False,False,True,False,0.25,0.76,69,거절,수락,False,,,,추천 종료
MT04137,2026-07-13,M137,M804,MG02,True,True,True,True,False,True,False,0.5,0.28,73,수락,수락,True,2026-07-16,서울,True,애프터 성사
MT04138,2026-07-22,M138,M332,MG11,True,True,True,True,False,True,False,0.25,0.94,78,미응답,미응답,False,,,,응답 대기 종료
MT04139,2026-07-23,M139,M471,MG19,False,False,True,True,False,True,True,0,0.62,64,미응답,미응답,False,,,,응답 대기 종료
MT04140,2026-07-08,M140,M275,MG17,False,True,True,False,False,True,True,0.25,0.35,64,수락,거절,False,,,,추천 종료
MT04141,2026-07-29,M141,M682,MG12,False,False,True,False,False,False,True,0.75,0.77,73,수락,수락,True,2026-08-04,서울,False,첫 만남 완료
MT04142,2026-07-05,M142,M152,MG17,False,False,False,True,True,False,False,0,0.64,60,미응답,수락,False,,,,응답 대기 종료
MT04143,2026-07-29,M143,M329,MG08,False,False,True,True,True,True,True,0.5,0.49,82,미응답,미응답,False,,,,응답 대기 종료
MT04144,2026-07-19,M144,M323,MG20,False,False,True,False,False,False,True,0.25,0.41,60,미응답,미응답,False,,,,응답 대기 종료
MT04145,2026-07-21,M145,M760,MG05,True,False,True,True,False,True,True,0.5,0.65,71,미응답,수락,False,,,,응답 대기 종료
MT04146,2026-07-04,M146,M008,MG11,False,False,False,True,False,False,False,0,0.41,51,거절,거절,False,,,,추천 종료
MT04147,2026-07-06,M147,M248,MG02,True,False,True,True,False,True,True,0.5,0.87,79,미응답,수락,False,,,,응답 대기 종료
MT04148,2026-07-29,M148,M691,MG19,False,False,True,True,False,False,True,0,0.49,62,거절,수락,False,,,,추천 종료
MT04149,2026-07-25,M149,M987,MG12,False,True,True,False,False,True,True,0.5,0.56,69,거절,수락,False,,,,추천 종료
MT04150,2026-07-24,M150,M909,MG08,True,False,True,False,False,True,True,0.25,0.59,64,수락,거절,False,,,,추천 종료
MT04151,2026-07-01,M151,M426,MG10,True,True,True,False,False,False,False,0.25,0.38,66,거절,미응답,False,,,,응답 대기 종료
MT04152,2026-07-29,M152,M286,MG06,True,False,True,True,False,False,True,0.25,0.83,73,거절,수락,False,,,,추천 종료
MT04153,2026-07-28,M153,M357,MG08,False,True,True,True,False,True,True,0.5,0.73,80,미응답,거절,False,,,,응답 대기 종료
MT04154,2026-07-16,M154,M940,MG13,False,False,True,False,False,False,True,0.25,0.67,60,미응답,수락,False,,,,응답 대기 종료
MT04155,2026-07-14,M155,M375,MG16,True,True,True,True,False,True,True,0.25,0.64,73,거절,거절,False,,,,추천 종료
MT04156,2026-07-06,M156,M888,MG09,False,False,True,False,False,False,True,0.5,0.61,62,거절,미응답,False,,,,응답 대기 종료
MT04157,2026-07-01,M157,M046,MG10,False,False,True,False,True,False,True,0.25,0.56,69,수락,수락,True,2026-07-03,서울,True,애프터 성사
MT04158,2026-07-27,M158,M054,MG09,False,False,True,False,False,False,True,0.5,0.67,60,수락,수락,True,2026-07-29,서울,True,애프터 성사
MT04159,2026-07-15,M159,M209,MG01,False,False,True,True,True,True,True,0.5,0.69,76,수락,미응답,False,,,,응답 대기 종료
MT04160,2026-07-26,M160,M272,MG20,False,False,True,False,False,False,True,0.75,0.49,70,미응답,수락,False,,,,응답 대기 종료
MT04161,2026-07-22,M161,M862,MG11,False,False,True,False,False,True,True,0.5,0.85,72,거절,수락,False,,,,추천 종료
MT04162,2026-07-02,M162,M444,MG06,False,False,True,True,False,False,True,0,0.33,66,수락,수락,False,,,,추천 종료
MT04163,2026-07-24,M163,M069,MG14,True,True,True,True,True,False,True,0.25,0.53,75,미응답,수락,False,,,,응답 대기 종료
MT04164,2026-07-09,M164,M530,MG02,True,True,False,True,False,True,True,0.25,0.5,68,거절,수락,False,,,,추천 종료
MT04165,2026-07-28,M165,M943,MG14,False,False,True,True,True,True,True,0.5,0.77,80,수락,수락,True,2026-08-04,서울,False,첫 만남 완료
MT04166,2026-07-09,M166,M785,MG13,True,True,True,True,True,True,True,0.25,0.82,83,미응답,수락,False,,,,응답 대기 종료
MT04167,2026-07-07,M167,M874,MG15,True,True,True,True,False,False,False,0.5,0.44,71,거절,수락,False,,,,추천 종료
MT04168,2026-07-25,M168,M272,MG12,False,False,False,False,False,False,True,0.25,0.35,58,거절,거절,False,,,,추천 종료
MT04169,2026-07-03,M169,M702,MG16,True,False,False,True,False,True,True,0.25,0.7,72,미응답,미응답,False,,,,응답 대기 종료
MT04170,2026-07-25,M170,M118,MG02,False,False,True,True,True,True,True,0.5,0.8,85,수락,거절,False,,,,추천 종료
MT04171,2026-07-07,M171,M450,MG02,False,True,True,True,False,False,True,0.25,0.84,66,수락,수락,True,2026-07-16,충남,True,애프터 성사
MT04172,2026-07-09,M172,M963,MG20,True,True,True,True,True,True,True,0.25,0.63,86,미응답,거절,False,,,,응답 대기 종료
MT04173,2026-07-17,M173,M093,MG16,True,False,True,False,False,False,True,0.25,0.87,70,수락,미응답,False,,,,응답 대기 종료
MT04174,2026-07-22,M174,M928,MG19,True,True,True,True,False,True,True,0.75,0.48,78,수락,수락,True,2026-08-03,광주,False,첫 만남 완료
MT04175,2026-07-03,M175,M446,MG02,True,False,True,False,True,True,True,0.5,0.37,73,미응답,미응답,False,,,,응답 대기 종료
MT04176,2026-07-07,M176,M319,MG03,False,True,True,False,True,False,True,0.25,0.68,71,수락,거절,False,,,,추천 종료
MT04177,2026-07-15,M177,M275,MG12,False,False,True,False,False,False,True,0.25,0.69,60,미응답,거절,False,,,,응답 대기 종료
MT04178,2026-07-12,M178,M575,MG07,False,False,False,True,True,True,False,0.25,0.74,69,거절,거절,False,,,,추천 종료
MT04179,2026-07-14,M179,M120,MG02,False,False,True,False,False,True,True,0.5,0.58,65,미응답,미응답,False,,,,응답 대기 종료
MT04180,2026-07-29,M180,M323,MG13,False,False,True,False,False,False,True,0.25,0.32,50,거절,거절,False,,,,추천 종료
MT04181,2026-07-26,M181,M247,MG07,True,True,True,False,True,True,True,0.25,0.45,78,미응답,수락,False,,,,응답 대기 종료
MT04182,2026-07-10,M182,M935,MG07,True,True,True,True,False,True,True,0.5,0.34,82,미응답,수락,False,,,,응답 대기 종료
MT04183,2026-07-29,M183,M317,MG20,True,True,True,True,False,False,False,0.25,0.72,67,거절,미응답,False,,,,응답 대기 종료
MT04184,2026-07-25,M184,M812,MG10,False,False,False,True,False,True,True,0.5,0.97,77,거절,미응답,False,,,,응답 대기 종료
MT04185,2026-07-30,M185,M227,MG04,True,True,False,True,False,True,True,0.75,0.35,71,미응답,수락,False,,,,응답 대기 종료
MT04186,2026-07-24,M186,M658,MG01,False,False,True,True,False,True,False,0.25,0.92,70,거절,수락,False,,,,추천 종료
MT04187,2026-07-19,M187,M154,MG06,False,False,True,True,False,True,True,0.75,0.59,78,미응답,거절,False,,,,응답 대기 종료
MT04188,2026-07-08,M188,M393,MG03,True,True,False,True,False,False,True,0.5,0.74,70,거절,거절,False,,,,추천 종료
MT04189,2026-07-07,M189,M265,MG12,False,True,True,True,True,False,True,0.5,0.78,85,수락,미응답,False,,,,응답 대기 종료
MT04190,2026-07-16,M190,M862,MG19,True,True,True,True,False,True,True,0.5,0.65,82,미응답,수락,False,,,,응답 대기 종료
MT04191,2026-07-03,M191,M248,MG13,True,True,False,True,False,False,True,0.5,0.37,67,수락,거절,False,,,,추천 종료
MT04192,2026-07-04,M192,M924,MG12,True,True,True,False,False,True,False,0,0.75,68,미응답,수락,False,,,,응답 대기 종료
MT04193,2026-07-26,M193,M252,MG01,False,False,False,True,True,True,True,0.25,0.61,73,거절,거절,False,,,,추천 종료
MT04194,2026-07-12,M194,M790,MG18,True,True,True,True,True,True,True,0.25,0.67,86,수락,수락,True,2026-07-20,서울,True,애프터 성사
MT04195,2026-07-01,M195,M289,MG18,False,True,True,True,False,False,False,0.25,0.54,63,수락,미응답,False,,,,응답 대기 종료
MT04196,2026-07-27,M196,M733,MG18,False,False,False,True,False,True,True,0,0.33,54,거절,거절,False,,,,추천 종료
MT04197,2026-07-19,M197,M585,MG16,True,False,True,False,False,False,False,0,0.69,57,거절,미응답,False,,,,응답 대기 종료
MT04198,2026-07-11,M198,M767,MG14,True,True,True,True,False,True,True,0.5,0.36,77,수락,수락,True,2026-07-16,서울,False,첫 만남 완료
MT04199,2026-07-29,M199,M319,MG14,True,True,True,False,True,True,True,0.5,0.44,75,수락,수락,True,2026-08-12,서울,True,애프터 성사
MT04200,2026-07-06,M200,M130,MG11,True,True,True,True,True,True,False,0,0.44,76,거절,미응답,False,,,,응답 대기 종료
MT04201,2026-07-19,M201,M202,MG11,True,True,True,True,False,True,True,0.5,0.65,71,미응답,수락,False,,,,응답 대기 종료
MT04202,2026-07-20,M202,M077,MG04,True,True,True,False,False,True,True,0.25,0.77,67,미응답,수락,False,,,,응답 대기 종료
MT04203,2026-07-12,M203,M765,MG20,True,True,True,True,False,False,True,0.25,0.66,67,미응답,거절,False,,,,응답 대기 종료
MT04204,2026-07-06,M204,M300,MG11,True,False,True,True,False,False,True,0.75,0.74,77,수락,수락,True,2026-07-20,서울,False,첫 만남 완료
MT04205,2026-07-06,M205,M534,MG20,False,False,True,True,True,True,True,0.5,0.82,80,수락,미응답,False,,,,응답 대기 종료
MT04206,2026-07-15,M206,M008,MG09,True,False,False,True,False,False,False,0.25,0.26,56,거절,거절,False,,,,추천 종료
MT04207,2026-07-27,M207,M658,MG10,False,True,True,False,False,False,True,0.5,0.51,52,미응답,거절,False,,,,응답 대기 종료
MT04208,2026-07-12,M208,M906,MG06,False,False,True,True,False,False,False,0,0.36,37,거절,미응답,False,,,,응답 대기 종료
MT04209,2026-07-20,M209,M857,MG06,True,True,True,False,False,True,True,0.25,0.72,72,거절,수락,False,,,,추천 종료
MT04210,2026-07-22,M210,M805,MG10,False,False,True,True,True,False,True,0.5,0.58,75,수락,미응답,False,,,,응답 대기 종료
MT04211,2026-07-08,M211,M958,MG16,True,True,True,True,False,False,True,0.25,0.43,63,미응답,수락,False,,,,응답 대기 종료
MT04212,2026-07-12,M212,M675,MG15,True,True,True,False,False,False,True,0.25,0.47,64,거절,거절,False,,,,추천 종료
MT04213,2026-07-14,M213,M630,MG15,False,False,False,True,False,True,False,0,0.51,46,미응답,수락,False,,,,응답 대기 종료
MT04214,2026-07-15,M214,M571,MG20,False,False,True,True,True,True,True,0,0.45,75,거절,거절,False,,,,추천 종료
MT04215,2026-07-17,M215,M757,MG15,False,True,True,False,False,False,True,0.5,0.6,67,미응답,미응답,False,,,,응답 대기 종료
MT04216,2026-07-27,M216,M753,MG05,True,True,True,True,False,False,True,0.5,0.21,79,미응답,거절,False,,,,응답 대기 종료
MT04217,2026-07-16,M217,M214,MG11,True,False,False,True,False,False,True,0.75,0.35,70,미응답,거절,False,,,,응답 대기 종료
MT04218,2026-07-25,M218,M241,MG13,False,False,True,True,False,False,True,0.5,0.63,65,미응답,거절,False,,,,응답 대기 종료
MT04219,2026-07-06,M219,M643,MG14,True,True,False,False,True,True,False,0.5,0.76,73,거절,수락,False,,,,추천 종료
MT04220,2026-07-26,M220,M820,MG09,False,True,True,True,False,False,False,0.25,0.6,63,수락,미응답,False,,,,응답 대기 종료
MT04221,2026-07-20,M221,M386,MG12,True,True,True,True,False,False,True,0.25,0.56,78,수락,수락,True,2026-07-26,서울,True,애프터 성사
MT04222,2026-07-19,M222,M852,MG19,False,False,True,True,False,False,True,0.25,0.63,66,거절,거절,False,,,,추천 종료
MT04223,2026-07-23,M223,M759,MG12,True,True,True,True,False,True,True,0.25,0.35,69,수락,거절,False,2026-07-00,,,추천 종료
MT04224,2026-07-25,M224,M646,MG06,True,False,False,True,False,True,False,0.25,0.64,57,수락,수락,True,2026-07-28,서울,True,애프터 성사
MT04225,2026-07-11,M225,M926,MG11,True,False,False,True,False,False,True,0.75,0.4,69,거절,미응답,False,,,,응답 대기 종료
MT04226,2026-07-23,M226,M210,MG07,False,False,True,True,False,False,True,0.75,0.59,78,거절,거절,False,,,,추천 종료
MT04227,2026-07-24,M227,M882,MG06,False,False,False,True,False,False,False,0.25,0.41,55,거절,미응답,False,,,,응답 대기 종료
MT04228,2026-07-09,M228,M432,MG06,False,False,False,True,False,False,True,0.25,0.58,65,수락,미응답,False,,,,응답 대기 종료
MT04229,2026-07-25,M229,M226,MG07,True,False,True,True,True,True,True,0.5,0.72,87,미응답,수락,False,,,,응답 대기 종료
MT04230,2026-07-25,M230,M137,MG18,False,True,True,True,True,True,True,0.5,0.38,80,거절,수락,False,,,,추천 종료
MT04231,2026-07-25,M231,M049,MG18,True,True,True,False,True,True,True,0.25,0.78,77,수락,거절,False,,,,추천 종료
MT04232,2026-07-07,M232,M598,MG15,False,True,True,True,False,True,False,0.25,0.67,64,거절,수락,False,,,,추천 종료
MT04233,2026-07-24,M233,M182,MG02,True,True,False,True,False,True,True,0.25,0.54,65,거절,수락,False,,,,추천 종료
MT04234,2026-07-15,M234,M266,MG05,True,True,True,True,False,True,True,0.25,1,77,거절,수락,False,,,,추천 종료
MT04235,2026-07-06,M235,M902,MG15,False,False,True,True,False,True,False,0.5,0.61,70,거절,거절,False,,,,추천 종료
MT04236,2026-07-04,M236,M388,MG12,True,False,True,True,True,True,False,0,0.55,73,거절,거절,False,,,,추천 종료
MT04237,2026-07-21,M237,M850,MG19,False,False,True,False,False,True,True,0.25,0.73,72,미응답,수락,False,,,,응답 대기 종료
MT04238,2026-07-07,M238,M988,MG10,True,True,True,False,True,True,False,0.5,0.66,79,수락,수락,True,2026-07-13,충북,True,애프터 성사
MT04239,2026-07-17,M239,M812,MG08,True,True,True,True,True,True,True,0.25,0.52,82,수락,수락,True,2026-07-28,경기,True,애프터 성사
MT04240,2026-07-06,M240,M604,MG12,False,False,True,False,False,True,True,0.5,0.88,77,수락,수락,True,2026-07-13,경기,True,애프터 성사
MT04241,2026-07-03,M241,M450,MG15,False,True,True,False,False,False,True,0.5,0.57,60,거절,거절,False,,,,추천 종료
MT04242,2026-07-04,M242,M940,MG16,True,False,True,False,False,False,True,0.5,0.47,64,거절,거절,False,,,,추천 종료
MT04243,2026-07-16,M243,M539,MG01,True,True,True,False,False,True,True,0.25,0.36,63,미응답,거절,False,,,,응답 대기 종료
MT04244,2026-07-28,M244,M286,MG02,True,True,True,True,True,True,True,0.25,0.55,81,수락,거절,False,,,,추천 종료
MT04245,2026-07-06,M245,M425,MG07,True,False,True,True,False,True,True,0.5,0.44,70,거절,거절,False,,,,추천 종료
MT04246,2026-07-29,M246,M460,MG10,True,True,False,False,False,False,False,0.25,0.58,52,거절,미응답,False,,,,응답 대기 종료
MT04247,2026-07-07,M247,M025,MG03,True,True,False,True,False,True,True,0.25,0.7,77,미응답,거절,False,,,,응답 대기 종료
MT04248,2026-07-29,M248,M352,MG18,False,False,True,True,False,False,True,0.25,0.61,64,수락,수락,True,2026-08-05,경기,True,애프터 성사
MT04249,2026-07-02,M249,M728,MG09,False,False,False,True,False,True,True,0.5,0.79,69,거절,거절,False,,,,추천 종료
MT04250,2026-07-20,M250,M301,MG17,False,False,True,True,False,False,True,0.25,0.52,63,거절,미응답,False,,,,응답 대기 종료
MT04251,2026-07-21,M251,M129,MG01,True,False,True,False,False,True,True,0.5,0.68,73,미응답,수락,False,,,,응답 대기 종료
MT04252,2026-07-27,M252,M133,MG12,False,False,True,False,False,True,False,0.5,0.66,71,수락,거절,False,,,,추천 종료
MT04253,2026-07-29,M253,M516,MG20,True,True,True,True,True,True,True,0,0.42,80,수락,미응답,False,,,,응답 대기 종료
MT04254,2026-07-06,M254,M655,MG03,True,True,False,True,False,False,False,0.25,0.66,59,수락,수락,True,2026-07-18,서울,True,애프터 성사
MT04255,2026-07-07,M255,M463,MG17,True,True,True,True,False,False,True,0.25,0.75,77,수락,수락,True,2026-07-14,전북,True,애프터 성사
MT04256,2026-07-26,M256,M233,MG06,True,True,True,True,False,False,True,0.25,0.47,70,수락,거절,False,,,,추천 종료
MT04257,2026-07-11,M257,M783,MG07,True,True,True,False,True,True,True,0.5,0.71,79,수락,거절,False,,,,추천 종료
MT04258,2026-07-05,M258,M173,MG20,False,False,True,True,False,False,True,0.25,0.79,72,미응답,수락,False,,,,응답 대기 종료
MT04259,2026-07-24,M259,M898,MG11,True,True,True,True,False,True,True,0.25,0.89,72,거절,수락,False,,,,추천 종료
MT04260,2026-07-30,M260,M579,MG05,True,True,True,True,False,False,False,0,0.73,72,수락,미응답,False,,,,응답 대기 종료
MT04261,2026-07-13,M261,M070,MG01,False,True,True,True,False,True,True,0.75,0.48,79,거절,미응답,False,,,,응답 대기 종료
MT04262,2026-07-30,M262,M114,MG20,True,False,True,True,False,False,True,0.25,0.32,61,거절,수락,False,,,,추천 종료
MT04263,2026-07-20,M263,M542,MG16,False,True,True,True,False,True,True,0.25,0.62,79,수락,수락,True,2026-07-25,경기,True,애프터 성사
MT04264,2026-07-29,M264,M1000,MG09,False,False,True,True,True,False,False,0.25,0.54,69,거절,수락,False,,,,추천 종료
MT04265,2026-07-18,M265,M051,MG05,True,True,True,False,False,True,True,0.25,0.71,71,수락,미응답,False,,,,응답 대기 종료
MT04266,2026-07-11,M266,M781,MG12,True,True,True,True,False,True,True,0,0.85,77,거절,수락,False,,,,추천 종료
MT04267,2026-07-01,M267,M009,MG08,True,False,True,True,False,True,False,0.25,0.39,65,수락,수락,True,2026-07-06,서울,True,애프터 성사
MT04268,2026-07-30,M268,M854,MG19,True,False,False,True,False,True,False,0.5,0.96,68,거절,거절,False,,,,추천 종료
MT04269,2026-07-13,M269,M368,MG19,True,True,True,True,True,True,True,0.25,0.75,84,수락,수락,True,2026-07-25,서울,False,첫 만남 완료
MT04270,2026-07-06,M270,M251,MG06,False,False,False,True,False,True,True,0.25,0.72,62,수락,수락,True,2026-07-11,전북,False,첫 만남 완료
MT04271,2026-07-07,M271,M244,MG02,False,False,True,True,False,True,True,0.5,0.63,73,수락,미응답,False,,,,응답 대기 종료
MT04272,2026-07-08,M272,M033,MG07,False,False,True,True,False,False,True,0,0.62,52,거절,거절,False,,,,추천 종료
MT04273,2026-07-14,M273,M248,MG20,True,True,True,True,False,True,True,0.5,0.45,83,수락,수락,True,2026-07-17,경기,True,애프터 성사
MT04274,2026-07-06,M274,M748,MG05,True,True,False,True,True,False,True,0.5,0.92,80,수락,수락,True,2026-07-11,서울,True,애프터 성사
MT04275,2026-07-17,M275,M914,MG10,False,False,True,True,False,True,True,0.5,0.72,77,수락,수락,False,,,,추천 종료
MT04276,2026-07-18,M276,M562,MG09,True,True,True,True,False,False,True,0.25,0.68,77,미응답,수락,False,,,,응답 대기 종료
MT04277,2026-07-22,M277,M356,MG02,False,False,True,False,False,False,True,0.25,0.62,58,미응답,거절,False,,,,응답 대기 종료
MT04278,2026-07-06,M278,M941,MG04,True,True,True,True,False,True,False,0,0.57,73,수락,미응답,False,,,,응답 대기 종료
MT04279,2026-07-17,M279,M699,MG16,True,False,True,True,True,True,False,0.75,0.44,80,미응답,수락,False,,,,응답 대기 종료
MT04280,2026-07-15,M280,M519,MG10,True,True,False,True,False,True,True,0.25,0.44,64,거절,미응답,False,,,,응답 대기 종료
MT04281,2026-07-23,M281,M029,MG01,True,True,True,True,False,False,False,0,0.76,60,수락,수락,True,2026-07-30,대전,True,애프터 성사
MT04282,2026-07-30,M282,M315,MG14,True,True,True,False,True,False,True,0.25,0.9,69,거절,거절,False,,,,추천 종료
MT04283,2026-07-21,M283,M826,MG17,False,False,True,False,False,True,False,0,0.72,54,거절,거절,False,,,,추천 종료
MT04284,2026-07-24,M284,M953,MG15,False,True,False,True,False,True,True,0.5,0.72,72,수락,수락,True,2026-08-05,대구,False,첫 만남 완료
MT04285,2026-07-14,M285,M838,MG13,True,True,True,False,False,True,True,0.25,0.79,61,미응답,수락,False,,,,응답 대기 종료
MT04286,2026-07-23,M286,M717,MG09,True,True,True,True,True,True,True,0.5,0.79,87,수락,수락,True,2026-08-01,서울,True,애프터 성사
MT04287,2026-07-04,M287,M300,MG18,True,True,True,False,False,True,True,0.5,0.89,76,수락,거절,False,,,,추천 종료
MT04288,2026-07-18,M288,M789,MG18,False,False,False,True,False,False,True,0.25,0.63,55,미응답,수락,False,,,,응답 대기 종료
MT04289,2026-07-03,M289,M936,MG09,True,True,True,True,False,False,True,0.25,0.53,65,미응답,수락,False,,,,응답 대기 종료
MT04290,2026-07-17,M290,M287,MG16,False,False,False,True,False,True,True,0.5,0.42,66,수락,거절,False,,,,추천 종료
MT04291,2026-07-20,M291,M356,MG07,True,False,True,True,False,True,True,0.5,0.77,79,미응답,미응답,False,,,,응답 대기 종료
MT04292,2026-07-27,M292,M372,MG19,False,False,True,True,False,False,True,0.25,0.52,65,수락,미응답,False,,,,응답 대기 종료
MT04293,2026-07-15,M293,M430,MG07,False,False,True,True,True,True,True,0.5,0.81,84,거절,미응답,False,,,,응답 대기 종료
MT04294,2026-07-11,M294,M304,MG15,True,True,False,True,False,True,True,0.25,0.37,72,수락,수락,True,2026-07-17,서울,False,첫 만남 완료
MT04295,2026-07-12,M295,M536,MG13,True,True,False,True,False,False,True,0.25,0.47,67,수락,수락,True,2026-07-18,경기,True,애프터 성사
MT04296,2026-07-28,M296,M914,MG16,True,True,True,False,False,False,True,0.25,0.73,76,미응답,수락,False,,,,응답 대기 종료
MT04297,2026-07-20,M297,M623,MG08,True,True,True,False,False,True,True,0.25,0.76,63,거절,거절,False,,,,추천 종료
MT04298,2026-07-28,M298,M635,MG16,True,True,True,True,False,True,True,0.75,0.59,74,거절,수락,False,,,,추천 종료
MT04299,2026-07-05,M299,M175,MG09,False,False,False,False,True,True,True,0.75,0.58,74,거절,수락,False,,,,추천 종료
MT04300,2026-07-07,M300,M201,MG10,True,True,True,True,False,True,True,0.5,0.7,73,미응답,미응답,False,,,,응답 대기 종료
MT04301,2026-07-27,M301,M472,MG03,False,False,True,True,False,False,False,0.25,0.5,55,거절,거절,False,,,,추천 종료
MT04302,2026-07-09,M302,M043,MG11,False,False,False,True,False,False,True,0.25,0.69,54,수락,수락,True,2026-07-19,서울,False,첫 만남 완료
MT04303,2026-07-06,M303,M651,MG01,False,True,False,True,True,True,True,0.5,0.49,79,거절,미응답,False,,,,응답 대기 종료
MT04304,2026-07-09,M304,M984,MG07,False,True,False,True,False,True,True,0.5,0.79,73,수락,수락,True,2026-07-23,부산,True,애프터 성사
MT04305,2026-07-06,M305,M715,MG19,True,True,True,True,False,False,True,0.5,0.44,65,수락,수락,True,2026-07-08,부산,True,애프터 성사
MT04306,2026-07-12,M306,M352,MG19,False,False,True,True,True,False,True,0.5,0.31,77,거절,미응답,False,,,,응답 대기 종료
MT04307,2026-07-20,M307,M303,MG06,True,True,True,False,False,True,True,0.5,0.72,80,미응답,수락,False,,,,응답 대기 종료
MT04308,2026-07-19,M308,M355,MG20,True,True,True,True,True,False,True,0.25,0.34,73,수락,수락,True,2026-07-31,서울,True,애프터 성사
MT04309,2026-07-08,M309,M899,MG02,False,False,False,True,False,False,True,0.5,0.62,66,수락,미응답,False,,,,응답 대기 종료
MT04310,2026-07-22,M310,M557,MG08,True,True,True,False,False,True,True,0,0.44,66,거절,거절,False,,,,추천 종료
MT04311,2026-07-09,M311,M326,MG05,False,False,True,True,False,True,True,0.5,0.61,67,거절,거절,False,,,,추천 종료
MT04312,2026-07-17,M312,M874,MG19,False,False,True,True,True,False,False,0,0.48,58,미응답,거절,False,,,,응답 대기 종료
MT04313,2026-07-19,M313,M869,MG07,True,True,True,True,True,False,True,0.25,0.6,79,거절,거절,False,,,,추천 종료
MT04314,2026-07-23,M314,M858,MG16,False,False,True,False,False,False,True,0.75,0.76,78,수락,거절,False,,,,추천 종료
MT04315,2026-07-26,M315,M730,MG11,True,True,False,True,False,False,True,0.5,0.5,74,수락,수락,True,2026-08-03,서울,True,애프터 성사
MT04316,2026-07-17,M316,M887,MG04,True,True,True,True,True,False,True,0.5,0.66,84,미응답,수락,False,,,,응답 대기 종료
MT04317,2026-07-14,M317,M871,MG11,True,True,True,True,False,False,True,0.25,0.86,76,거절,거절,False,,,,추천 종료
MT04318,2026-07-11,M318,M683,MG11,False,False,False,True,False,True,False,0,0.47,63,미응답,미응답,False,,,,응답 대기 종료
MT04319,2026-07-22,M319,M646,MG01,True,False,False,True,False,True,False,0,0.56,57,거절,거절,False,,,,추천 종료
MT04320,2026-07-23,M320,M663,MG13,True,True,True,True,True,True,False,0.5,0.6,84,미응답,수락,False,,,,응답 대기 종료
MT04321,2026-07-26,M321,M349,MG19,True,True,True,True,False,False,True,0.5,0.53,67,미응답,수락,False,,,,응답 대기 종료
MT04322,2026-07-29,M322,M332,MG09,False,True,True,True,False,True,True,1,0.59,82,수락,미응답,False,,,,응답 대기 종료
MT04323,2026-07-30,M323,M571,MG15,False,False,False,True,False,True,True,0.25,0.39,60,거절,미응답,False,,,,응답 대기 종료
MT04324,2026-07-30,M324,M440,MG17,True,True,True,True,False,False,False,0.25,0.51,68,거절,수락,False,,,,추천 종료
MT04325,2026-07-20,M325,M122,MG01,True,True,True,True,True,False,True,0.25,0.61,80,미응답,수락,False,,,,응답 대기 종료
MT04326,2026-07-25,M326,M332,MG20,False,False,True,True,False,True,True,0,0.84,57,거절,거절,False,,,,추천 종료
MT04327,2026-07-03,M327,M502,MG09,False,False,True,True,True,True,True,0.75,0.58,87,수락,미응답,False,,,,응답 대기 종료
MT04328,2026-07-25,M328,M590,MG12,True,True,False,True,False,False,False,0,0.64,65,미응답,거절,False,,,,응답 대기 종료
MT04329,2026-07-17,M329,M342,MG18,False,False,True,False,False,True,True,0.5,0.55,74,거절,거절,False,,,,추천 종료
MT04330,2026-07-19,M330,M469,MG16,True,True,True,True,False,True,True,0.75,0.45,72,미응답,거절,False,,,,응답 대기 종료
MT04331,2026-07-19,M331,M270,MG06,True,False,True,True,False,True,True,0.25,0.91,80,미응답,거절,False,,,,응답 대기 종료
MT04332,2026-07-15,M332,M575,MG20,False,False,True,True,False,True,False,0.25,0.6,63,거절,거절,False,,,,추천 종료
MT04333,2026-07-18,M333,M409,MG20,False,False,True,True,False,True,True,0.5,0.62,70,수락,거절,False,,,,추천 종료
MT04334,2026-07-22,M334,M017,MG14,True,True,True,True,False,True,True,0.25,0.86,66,수락,수락,True,2026-07-30,서울,False,첫 만남 완료
MT04335,2026-07-28,M335,M087,MG20,True,False,True,False,False,False,True,0.5,0.54,65,미응답,거절,False,,,,응답 대기 종료
MT04336,2026-07-29,M336,M013,MG13,False,False,True,True,False,False,True,0.25,0.46,63,거절,수락,False,,,,추천 종료
MT04337,2026-07-03,M337,M843,MG14,True,True,False,True,False,True,True,0.25,0.78,75,미응답,거절,False,,,,응답 대기 종료
MT04338,2026-07-10,M338,M147,MG09,False,False,True,True,False,True,True,0.25,0.43,66,수락,거절,False,,,,추천 종료
MT04339,2026-07-01,M339,M523,MG05,True,True,True,False,False,True,True,0.5,0.8,75,수락,거절,False,,,,추천 종료
MT04340,2026-07-15,M340,M480,MG17,True,True,True,True,True,True,True,0.5,0.64,89,미응답,거절,False,,,,응답 대기 종료
MT04341,2026-07-10,M341,M618,MG18,True,True,True,False,True,False,True,0.25,0.35,67,거절,수락,False,,,,추천 종료
MT04342,2026-07-18,M342,M028,MG19,False,True,False,True,True,False,False,0,0.4,54,미응답,미응답,False,,,,응답 대기 종료
MT04343,2026-07-06,M343,M354,MG06,True,False,False,True,True,True,True,0.25,0.21,73,미응답,수락,False,,,,응답 대기 종료
MT04344,2026-07-09,M344,M503,MG04,False,True,True,True,False,False,True,0.25,0.83,71,수락,미응답,False,,,,응답 대기 종료
MT04345,2026-07-02,M345,M396,MG19,False,True,True,True,False,True,True,0.5,0.57,78,거절,수락,False,,,,추천 종료
MT04346,2026-07-04,M346,M624,MG20,False,True,False,True,True,False,True,0.75,0.69,85,수락,수락,False,,,,추천 종료
MT04347,2026-07-04,M347,M069,MG16,True,True,False,True,False,False,True,0.75,0.49,78,거절,수락,False,,,,추천 종료
MT04348,2026-07-30,M348,M234,MG19,True,True,True,True,False,True,True,0.75,0.87,79,거절,미응답,False,,,,응답 대기 종료
MT04349,2026-07-15,M349,M763,MG18,True,True,True,False,False,True,True,0.5,1,81,거절,미응답,False,,,,응답 대기 종료
MT04350,2026-07-07,M350,M501,MG05,False,False,True,True,False,False,True,0.75,0.55,67,미응답,거절,False,,,,응답 대기 종료
MT04351,2026-07-04,M351,M539,MG04,True,False,True,False,False,True,False,0,0.55,56,미응답,미응답,False,,,,응답 대기 종료
MT04352,2026-07-17,M352,M739,MG09,False,False,True,False,False,False,True,0.5,0.35,66,수락,수락,True,2026-07-31,전북,False,첫 만남 완료
MT04353,2026-07-23,M353,M699,MG20,False,False,True,True,False,True,False,0.25,0.48,60,거절,거절,False,,,,추천 종료
MT04354,2026-07-04,M354,M207,MG11,True,True,True,True,False,False,True,0.5,0.2,69,거절,수락,False,,,,추천 종료
MT04355,2026-07-02,M355,M329,MG19,True,True,False,True,False,False,True,0.25,0.77,75,수락,수락,False,,,,추천 종료
MT04356,2026-07-23,M356,M108,MG17,False,False,True,False,False,False,True,0.25,0.65,59,미응답,거절,False,,,,응답 대기 종료
MT04357,2026-07-16,M357,M841,MG17,False,False,True,True,False,False,True,0.25,0.66,66,거절,거절,False,,,,추천 종료
MT04358,2026-07-30,M358,M376,MG04,False,False,True,True,False,True,False,0.25,0.6,67,수락,수락,True,2026-08-12,대전,True,애프터 성사
MT04359,2026-07-27,M359,M590,MG20,True,True,False,True,False,True,True,0.25,0.56,75,수락,수락,True,2026-07-29,서울,False,첫 만남 완료
MT04360,2026-07-05,M360,M031,MG12,False,False,True,False,False,False,False,0.5,0.51,56,미응답,거절,False,,,,응답 대기 종료
MT04361,2026-07-24,M361,M955,MG14,True,True,True,True,False,True,False,0.25,0.72,71,수락,수락,True,2026-08-06,세종,False,첫 만남 완료
MT04362,2026-07-24,M362,M764,MG17,False,True,True,True,True,False,True,0.25,0.58,73,미응답,미응답,False,,,,응답 대기 종료
MT04363,2026-07-07,M363,M753,MG08,False,False,True,True,True,True,True,0.25,0.73,78,거절,수락,False,,,,추천 종료
MT04364,2026-07-18,M364,M802,MG17,False,False,True,False,False,False,False,0.25,0.82,52,미응답,거절,False,,,,응답 대기 종료
MT04365,2026-07-29,M365,M242,MG11,True,True,False,True,False,False,False,0,0.66,52,거절,거절,False,,,,추천 종료
MT04366,2026-07-14,M366,M812,MG09,False,False,False,True,False,True,True,0.5,0.39,67,거절,거절,False,,,,추천 종료
MT04367,2026-07-09,M367,M956,MG06,True,True,True,True,True,False,True,0.25,0.5,75,수락,거절,False,,,,추천 종료
MT04368,2026-07-16,M368,M097,MG14,True,True,True,True,True,True,True,0.5,0.27,83,미응답,수락,False,,,,응답 대기 종료
MT04369,2026-07-23,M369,M845,MG13,False,False,True,True,False,True,False,0,0.93,64,거절,미응답,False,,,,응답 대기 종료
MT04370,2026-07-17,M370,M771,MG02,True,True,True,False,False,False,True,0.25,0.63,61,수락,거절,False,,,,추천 종료
MT04371,2026-07-18,M371,M882,MG02,False,False,False,True,False,False,True,0.25,0.5,63,미응답,거절,False,,,,응답 대기 종료
MT04372,2026-07-16,M372,M494,MG06,True,False,True,False,False,False,True,0.25,0.69,62,거절,미응답,False,,,,응답 대기 종료
MT04373,2026-07-06,M373,M448,MG11,False,False,False,True,False,False,True,0.25,0.67,64,거절,수락,False,,,,추천 종료
MT04374,2026-07-17,M374,M956,MG14,True,False,True,True,True,True,True,0.25,0.83,78,거절,수락,False,,,,추천 종료
MT04375,2026-07-28,M375,M296,MG13,True,True,False,True,False,True,True,0.5,0.53,72,거절,거절,False,,,,추천 종료
MT04376,2026-07-22,M376,M331,MG19,True,True,True,True,True,True,False,0.25,0.82,82,미응답,거절,False,,,,응답 대기 종료
MT04377,2026-07-09,M377,M902,MG18,False,False,True,True,False,False,False,0.25,0.81,54,미응답,미응답,False,,,,응답 대기 종료
MT04378,2026-07-14,M378,M269,MG01,True,True,False,True,True,False,True,0.25,0.9,74,수락,수락,True,2026-07-18,경기,False,첫 만남 완료
MT04379,2026-07-08,M379,M943,MG18,False,False,True,True,False,True,True,0.75,0.79,73,수락,수락,True,2026-07-15,서울,True,애프터 성사
MT04380,2026-07-15,M380,M407,MG18,True,True,True,True,False,False,True,0.75,0.75,77,미응답,거절,False,,,,응답 대기 종료
MT04381,2026-07-11,M381,M281,MG11,True,True,True,True,False,True,False,0,0.82,67,미응답,미응답,False,,,,응답 대기 종료
MT04382,2026-07-09,M382,M328,MG18,True,False,True,False,True,True,False,0.5,0.54,63,미응답,미응답,False,,,,응답 대기 종료
MT04383,2026-07-17,M383,M685,MG13,True,True,False,True,False,False,False,0.25,0.61,64,거절,거절,False,,,,추천 종료
MT04384,2026-07-22,M384,M441,MG04,True,True,False,True,True,False,True,0.25,0.58,71,미응답,거절,False,,,,응답 대기 종료
MT04385,2026-07-02,M385,M434,MG16,True,True,True,False,True,True,False,0.25,0.61,74,거절,거절,False,,,,추천 종료
MT04386,2026-07-27,M386,M686,MG09,False,False,True,False,True,False,False,0.25,0.69,64,미응답,거절,False,,,,응답 대기 종료
MT04387,2026-07-25,M387,M400,MG18,True,True,True,True,True,False,False,0,0.99,75,수락,미응답,False,,,,응답 대기 종료
MT04388,2026-07-19,M388,M957,MG01,True,False,True,True,False,False,False,0.25,0.66,67,수락,미응답,False,,,,응답 대기 종료
MT04389,2026-07-07,M389,M365,MG09,True,True,True,False,False,False,True,0.75,0.39,66,미응답,거절,False,,,,응답 대기 종료
MT04390,2026-07-08,M390,M698,MG20,False,False,False,True,False,False,True,0.75,0.68,62,수락,미응답,False,,,,응답 대기 종료
MT04391,2026-07-25,M391,M074,MG02,False,False,False,True,False,False,True,0.25,0.76,56,거절,거절,False,,,,추천 종료
MT04392,2026-07-05,M392,M125,MG08,False,True,True,False,False,True,True,0.25,0.77,71,수락,미응답,False,,,,응답 대기 종료
MT04393,2026-07-05,M393,M617,MG12,False,False,True,True,False,False,True,0.5,0.64,72,수락,거절,False,,,,추천 종료
MT04394,2026-07-27,M394,M280,MG17,True,False,False,True,False,False,False,0.5,0.59,68,거절,미응답,False,,,,응답 대기 종료
MT04395,2026-07-25,M395,M286,MG13,False,False,True,True,False,False,True,0.25,0.33,61,미응답,수락,False,,,,응답 대기 종료
MT04396,2026-07-05,M396,M414,MG02,True,True,False,True,False,False,True,0.25,0.45,65,거절,거절,False,,,,추천 종료
MT04397,2026-07-06,M397,M347,MG06,True,True,True,False,True,True,True,0.75,0.86,78,미응답,수락,False,,,,응답 대기 종료
MT04398,2026-07-01,M398,M879,MG13,False,False,True,True,False,True,True,0,0.57,67,거절,미응답,False,,,,응답 대기 종료
MT04399,2026-07-05,M399,M435,MG16,False,True,False,True,False,True,True,0.25,0.5,64,수락,미응답,False,,,,응답 대기 종료
MT04400,2026-07-09,M400,M876,MG04,True,True,True,True,False,False,True,0,0.73,64,수락,거절,False,,,,추천 종료
MT04401,2026-07-27,M401,M678,MG18,False,True,True,False,False,True,True,0.5,0.71,73,미응답,거절,False,,,,응답 대기 종료
MT04402,2026-07-19,M402,M729,MG19,True,True,False,False,True,True,True,0.25,0.54,57,미응답,거절,False,,,,응답 대기 종료
MT04403,2026-07-27,M403,M452,MG20,True,False,True,False,False,False,True,0.5,0.47,71,거절,수락,False,,,,추천 종료
MT04404,2026-07-12,M404,M664,MG20,True,False,False,True,True,True,False,0.25,0.7,77,거절,거절,False,,,,추천 종료
MT04405,2026-07-03,M405,M667,MG01,True,True,True,False,False,True,True,0.5,0.63,77,미응답,수락,False,,,,응답 대기 종료
MT04406,2026-07-05,M406,M448,MG07,False,True,False,True,False,True,True,0.25,0.46,59,수락,수락,True,2026-07-18,서울,False,첫 만남 완료
MT04407,2026-07-09,M407,M287,MG18,False,False,False,True,False,True,True,0.5,0.73,72,미응답,수락,False,,,,응답 대기 종료
MT04408,2026-07-01,M408,M088,MG16,False,False,True,True,False,False,True,0.5,0.8,64,수락,수락,True,2026-07-08,전북,True,애프터 성사
MT04409,2026-07-21,M409,M059,MG05,False,False,True,True,False,False,True,0.25,0.5,72,거절,미응답,False,,,,응답 대기 종료
MT04410,2026-07-12,M410,M878,MG15,True,False,True,True,False,False,False,0,0.66,66,거절,수락,False,,,,추천 종료
MT04411,2026-07-19,M411,M119,MG05,True,True,False,True,False,True,True,0.25,0.52,66,수락,수락,True,2026-07-23,서울,True,애프터 성사
MT04412,2026-07-24,M412,M115,MG19,True,True,True,False,False,True,True,0.25,0.52,67,거절,미응답,False,,,,응답 대기 종료
MT04413,2026-07-25,M413,M005,MG18,False,False,True,True,False,True,False,0,0.84,69,미응답,미응답,False,,,,응답 대기 종료
MT04414,2026-07-11,M414,M073,MG09,True,True,True,False,False,True,True,0.25,0.5,75,수락,수락,True,2026-07-16,서울,True,애프터 성사
MT04415,2026-07-01,M415,M505,MG15,False,False,False,True,False,True,True,0.25,0.54,59,거절,거절,False,,,,추천 종료
MT04416,2026-07-30,M416,M359,MG03,True,True,True,False,False,True,True,0.75,0.35,80,수락,수락,True,2026-08-07,대구,True,애프터 성사
MT04417,2026-07-01,M417,M681,MG02,False,False,True,False,True,True,True,0.25,0.69,75,수락,거절,False,,,,추천 종료
MT04418,2026-07-27,M418,M758,MG06,False,False,True,False,False,True,True,0.5,0.52,67,미응답,수락,False,,,,응답 대기 종료
MT04419,2026-07-06,M419,M755,MG11,False,False,True,True,False,False,True,0.5,0.85,75,수락,수락,True,2026-07-16,서울,False,첫 만남 완료
MT04420,2026-07-18,M420,M850,MG12,False,False,True,True,False,True,True,0.5,0.78,61,수락,미응답,False,,,,응답 대기 종료
MT04421,2026-07-10,M421,M492,MG11,False,False,True,True,False,True,True,0.25,0.77,71,미응답,미응답,False,,,,응답 대기 종료
MT04422,2026-07-17,M422,M541,MG06,True,True,True,True,False,False,False,0.25,0.68,59,수락,수락,True,2026-07-24,서울,False,첫 만남 완료
MT04423,2026-07-07,M423,M212,MG01,False,False,True,True,False,False,True,0.5,0.45,55,미응답,거절,False,,,,응답 대기 종료
MT04424,2026-07-06,M424,M408,MG03,False,False,True,True,False,False,True,0.5,0.54,68,미응답,미응답,False,,,,응답 대기 종료
MT04425,2026-07-16,M425,M905,MG10,False,True,False,True,False,False,True,0.5,0.87,66,거절,수락,False,,,,추천 종료
MT04426,2026-07-01,M426,M883,MG12,False,False,True,True,False,True,False,0,0.4,51,거절,거절,False,,,,추천 종료
MT04427,2026-07-25,M427,M808,MG08,True,False,True,True,False,False,True,0.25,0.54,69,수락,미응답,False,,,,응답 대기 종료
MT04428,2026-07-16,M428,M082,MG15,True,True,False,True,True,True,True,0.5,0.66,84,미응답,수락,False,,,,응답 대기 종료
MT04429,2026-07-27,M429,M200,MG05,True,True,True,False,True,True,True,0,0.9,78,수락,수락,True,2026-08-02,서울,False,첫 만남 완료
MT04430,2026-07-13,M430,M769,MG13,False,False,True,True,False,False,True,0.75,0.78,72,미응답,미응답,False,,,,응답 대기 종료
MT04431,2026-07-04,M431,M415,MG17,True,True,True,True,False,True,True,0.5,0.63,75,수락,수락,True,2026-07-11,서울,False,첫 만남 완료
MT04432,2026-07-19,M432,M573,MG11,False,False,True,False,True,True,True,0.5,0.59,69,미응답,미응답,False,,,,응답 대기 종료
MT04433,2026-07-07,M433,M521,MG08,True,True,True,True,False,False,True,0.25,0.71,70,수락,수락,True,2026-07-18,대구,False,첫 만남 완료
MT04434,2026-07-17,M434,M030,MG19,True,True,True,True,True,True,False,0.5,0.29,73,거절,미응답,False,,,,응답 대기 종료
MT04435,2026-07-15,M435,M176,MG11,False,True,True,False,False,False,True,0.75,0.54,70,미응답,거절,False,,,,응답 대기 종료
MT04436,2026-07-15,M436,M463,MG20,True,True,True,True,True,False,True,0,0.83,76,수락,거절,False,,,,추천 종료
MT04437,2026-07-01,M437,M429,MG13,True,True,True,True,False,True,True,0,0.58,75,미응답,거절,False,,,,응답 대기 종료
MT04438,2026-07-08,M438,M677,MG02,True,True,True,True,False,True,True,0.25,0.53,78,미응답,수락,False,,,,응답 대기 종료
MT04439,2026-07-19,M439,M099,MG13,False,False,True,False,True,True,False,0,0.43,58,거절,거절,False,,,,추천 종료
MT04440,2026-07-16,M440,M576,MG05,True,True,True,True,False,True,False,0.25,0.63,69,거절,미응답,False,,,,응답 대기 종료
MT04441,2026-07-05,M441,M450,MG18,True,True,True,False,False,False,True,0.5,0.48,68,거절,수락,False,,,,추천 종료
MT04442,2026-07-22,M442,M868,MG14,True,False,True,True,True,True,True,0.25,0.13,70,거절,수락,False,,,,추천 종료
MT04443,2026-07-29,M443,M575,MG05,True,False,True,False,False,True,False,0.25,0.77,62,거절,미응답,False,,,,응답 대기 종료
MT04444,2026-07-02,M444,M832,MG15,False,False,False,True,False,True,True,0,0.68,62,수락,미응답,False,,,,응답 대기 종료
MT04445,2026-07-17,M445,M417,MG13,False,False,True,True,False,True,True,0.75,0.79,82,수락,수락,True,2026-07-24,경기,True,애프터 성사
MT04446,2026-07-12,M446,M649,MG05,False,False,False,True,False,False,True,0.5,0.68,65,수락,거절,False,,,,추천 종료
MT04447,2026-07-20,M447,M024,MG18,True,True,False,True,True,True,True,0,0.71,77,미응답,수락,False,,,,응답 대기 종료
MT04448,2026-07-04,M448,M879,MG02,False,False,True,True,False,True,True,0.25,0.87,64,거절,미응답,False,,,,응답 대기 종료
MT04449,2026-07-28,M449,M142,MG09,False,False,True,False,False,True,False,0.25,0.65,60,미응답,미응답,False,,,,응답 대기 종료
MT04450,2026-07-12,M450,M820,MG20,False,False,False,True,False,False,True,0.5,0.54,62,거절,미응답,False,,,,응답 대기 종료
MT04451,2026-07-05,M451,M896,MG05,False,False,True,True,False,True,True,0.25,0.42,69,미응답,미응답,False,,,,응답 대기 종료
MT04452,2026-07-11,M452,M782,MG12,True,True,False,True,False,False,True,0.25,0.68,67,거절,수락,False,,,,추천 종료
MT04453,2026-07-19,M453,M260,MG02,True,False,True,True,False,False,True,0.25,0.72,63,거절,수락,False,,,,추천 종료
MT04454,2026-07-06,M454,M358,MG17,False,True,False,True,False,True,True,0.5,0.51,75,미응답,수락,False,,,,응답 대기 종료
MT04455,2026-07-17,M455,M720,MG04,False,False,False,True,False,True,True,0.5,0.28,63,거절,거절,False,,,,추천 종료
MT04456,2026-07-26,M456,M860,MG06,True,True,True,True,False,True,False,0.5,0.85,76,거절,수락,False,,,,추천 종료
MT04457,2026-07-02,M457,M372,MG09,True,True,False,True,True,False,True,0.75,0.56,79,거절,수락,False,,,,추천 종료
MT04458,2026-07-29,M458,M373,MG08,False,False,True,False,True,True,True,0.25,0.98,70,거절,미응답,False,,,,응답 대기 종료
MT04459,2026-07-25,M459,M728,MG18,True,True,False,True,False,False,True,0.5,0.89,75,거절,수락,False,,,,추천 종료
MT04460,2026-07-21,M460,M699,MG16,False,False,False,True,False,False,False,0.25,0.88,63,거절,수락,False,,,,추천 종료
MT04461,2026-07-11,M461,M412,MG19,False,False,False,True,False,False,True,0.25,0.43,66,거절,미응답,False,,,,응답 대기 종료
MT04462,2026-07-27,M462,M124,MG03,True,True,True,True,False,True,True,0.75,0.47,77,거절,수락,False,,,,추천 종료
MT04463,2026-07-25,M463,M955,MG08,True,True,True,True,False,True,True,0,0.56,78,수락,거절,False,,,,추천 종료
MT04464,2026-07-01,M464,M200,MG04,True,True,True,True,True,True,False,0.5,0.52,81,수락,수락,True,2026-07-09,서울,False,첫 만남 완료
MT04465,2026-07-06,M465,M317,MG06,False,True,False,True,True,False,True,0.25,0.5,70,수락,미응답,False,,,,응답 대기 종료
MT04466,2026-07-12,M466,M278,MG11,True,False,True,True,True,False,True,0.25,0.46,77,미응답,수락,False,,,,응답 대기 종료
MT04467,2026-07-02,M467,M566,MG07,False,False,False,True,False,True,False,0.25,0.64,49,미응답,거절,False,,,,응답 대기 종료
MT04468,2026-07-30,M468,M772,MG05,True,True,True,True,False,False,False,0,0.75,69,수락,수락,True,2026-08-11,전남,False,첫 만남 완료
MT04469,2026-07-07,M469,M352,MG18,False,False,True,False,False,True,True,0.25,0.56,57,거절,거절,False,,,,추천 종료
MT04470,2026-07-07,M470,M189,MG04,True,False,True,True,False,False,True,1,0.6,82,수락,수락,True,2026-07-15,충남,False,첫 만남 완료
MT04471,2026-07-26,M471,M756,MG10,False,True,True,True,False,False,True,0.25,0.43,57,미응답,미응답,False,,,,응답 대기 종료
MT04472,2026-07-11,M472,M456,MG01,True,True,True,True,False,True,True,0.5,0.4,74,수락,거절,False,,,,추천 종료
MT04473,2026-07-08,M473,M097,MG06,False,False,True,False,False,True,True,0.25,0.39,71,미응답,미응답,False,,,,응답 대기 종료
MT04474,2026-07-30,M474,M545,MG01,True,True,False,True,False,True,True,0.5,0.42,65,거절,거절,False,,,,추천 종료
MT04475,2026-07-02,M475,M433,MG14,True,True,True,False,False,False,False,0.25,0.36,63,미응답,거절,False,,,,응답 대기 종료
MT04476,2026-07-30,M476,M792,MG02,False,False,True,False,False,False,False,0.5,0.28,62,거절,미응답,False,,,,응답 대기 종료
MT04477,2026-07-13,M477,M854,MG13,False,False,True,True,False,False,True,0.25,0.86,65,거절,거절,False,,,,추천 종료
MT04478,2026-07-30,M478,M079,MG05,False,False,False,True,True,False,True,0.75,0.67,79,미응답,거절,False,,,,응답 대기 종료
MT04479,2026-07-12,M479,M968,MG12,True,True,True,True,True,True,True,0.5,0.64,89,거절,미응답,False,,,,응답 대기 종료
MT04480,2026-07-07,M480,M256,MG02,True,True,True,False,False,False,True,0.5,0.77,66,거절,거절,False,,,,추천 종료
MT04481,2026-07-06,M481,M163,MG06,False,False,False,True,True,True,True,0.5,0.36,74,거절,미응답,False,,,,응답 대기 종료
MT04482,2026-07-12,M482,M988,MG10,False,False,True,False,True,True,False,0.25,0.71,70,수락,수락,True,2026-07-18,충북,True,애프터 성사
MT04483,2026-07-13,M483,M924,MG08,True,True,True,False,False,True,False,0.5,1,73,미응답,미응답,False,,,,응답 대기 종료
MT04484,2026-07-09,M484,M269,MG01,True,True,False,True,True,True,True,0.5,0.58,84,수락,수락,True,2026-07-20,경기,True,애프터 성사
MT04485,2026-07-26,M485,M433,MG07,False,False,True,False,False,True,False,0.25,0.38,63,미응답,미응답,False,,,,응답 대기 종료
MT04486,2026-07-15,M486,M883,MG05,True,True,True,True,False,False,False,0,0.58,68,미응답,미응답,False,,,,응답 대기 종료
MT04487,2026-07-26,M487,M760,MG09,False,False,True,True,True,True,True,0.5,0.62,83,거절,미응답,False,,,,응답 대기 종료
MT04488,2026-07-07,M488,M259,MG04,True,True,True,True,False,False,True,0,0.43,58,미응답,거절,False,,,,응답 대기 종료
MT04489,2026-07-06,M489,M412,MG05,False,True,False,True,False,False,True,0.5,0.86,69,미응답,수락,False,,,,응답 대기 종료
MT04490,2026-07-13,M490,M192,MG17,True,True,True,True,False,True,True,0.25,0.81,74,수락,수락,True,2026-07-23,서울,True,애프터 성사
MT04491,2026-07-26,M491,M851,MG06,False,False,True,False,True,False,True,0.5,0.72,72,수락,미응답,False,,,,응답 대기 종료
MT04492,2026-07-01,M492,M855,MG20,True,False,True,True,False,False,True,0.5,0.42,58,수락,미응답,False,,,,응답 대기 종료
MT04493,2026-07-25,M493,M649,MG07,True,True,True,True,True,False,False,0.25,0.55,71,미응답,수락,False,,,,응답 대기 종료
MT04494,2026-07-03,M494,M877,MG03,False,True,False,True,False,True,True,0,0.88,65,거절,미응답,False,,,,응답 대기 종료
MT04495,2026-07-27,M495,M755,MG08,True,False,True,True,False,True,True,0.5,0.71,83,수락,수락,True,2026-07-30,서울,False,첫 만남 완료
MT04496,2026-07-24,M496,M362,MG20,False,False,True,True,False,False,False,0,0.28,46,거절,미응답,False,,,,응답 대기 종료
MT04497,2026-07-04,M497,M986,MG15,False,False,True,False,True,False,True,0.5,0.83,71,미응답,거절,False,,,,응답 대기 종료
MT04498,2026-07-07,M498,M281,MG05,False,False,True,True,True,False,False,0.75,0.73,76,미응답,미응답,False,,,,응답 대기 종료
MT04499,2026-07-27,M499,M383,MG01,False,False,True,False,False,True,False,0.25,0.26,63,수락,거절,False,,,,추천 종료
MT04500,2026-07-21,M500,M494,MG04,False,False,True,False,False,True,True,0,0.43,65,거절,거절,False,,,,추천 종료
MT04501,2026-07-28,M501,M506,MG04,True,True,True,True,False,False,False,0,0.55,52,거절,수락,False,,,,추천 종료
MT04502,2026-07-21,M502,M077,MG14,True,True,True,False,False,True,True,0.25,0.35,61,거절,수락,False,,,,추천 종료
MT04503,2026-07-19,M503,M715,MG07,False,False,True,True,False,True,True,0.75,0.67,71,거절,수락,False,,,,추천 종료
MT04504,2026-07-03,M504,M398,MG14,False,False,True,True,False,True,True,0.5,0.62,79,미응답,수락,False,,,,응답 대기 종료
MT04505,2026-07-16,M505,M832,MG15,False,False,True,False,True,True,True,0.5,0.53,71,거절,수락,False,,,,추천 종료
MT04506,2026-07-19,M506,M807,MG01,True,True,True,True,True,False,False,0.25,0.55,75,수락,미응답,False,,,,응답 대기 종료
MT04507,2026-07-23,M507,M216,MG12,True,True,False,True,False,False,True,0.25,0.31,59,미응답,거절,False,,,,응답 대기 종료
MT04508,2026-07-22,M508,M745,MG03,False,False,True,True,True,True,True,0.75,0.48,86,수락,미응답,False,,,,응답 대기 종료
MT04509,2026-07-17,M509,M106,MG07,True,True,True,True,False,True,True,0.25,0.92,81,수락,수락,True,2026-07-20,서울,True,애프터 성사
MT04510,2026-07-11,M510,M753,MG01,False,False,True,True,False,True,True,0.5,0.38,75,수락,수락,True,2026-07-18,경기,False,첫 만남 완료
MT04511,2026-07-22,M511,M584,MG01,True,True,False,True,False,False,False,0,0.79,59,수락,거절,False,,,,추천 종료
MT04512,2026-07-12,M512,M664,MG12,True,False,False,True,False,False,False,0.25,0.51,62,수락,거절,False,,,,추천 종료
MT04513,2026-07-01,M513,M609,MG17,False,True,True,False,False,True,False,0.25,0.55,65,거절,수락,False,,,,추천 종료
MT04514,2026-07-15,M514,M542,MG10,False,False,True,True,True,True,True,0.5,0.94,85,미응답,미응답,False,,,,응답 대기 종료
MT04515,2026-07-21,M515,M681,MG15,False,False,False,True,True,True,True,0.5,0.81,71,수락,거절,False,,,,추천 종료
MT04516,2026-07-14,M516,M509,MG20,False,False,True,True,True,True,True,0.5,0.5,80,거절,수락,False,,,,추천 종료
MT04517,2026-07-12,M517,M916,MG01,False,False,True,True,False,True,True,0.5,0.67,73,수락,수락,True,2026-07-25,서울,True,애프터 성사
MT04518,2026-07-29,M518,M569,MG20,False,False,True,True,False,False,True,0.5,0.9,69,거절,미응답,False,,,,응답 대기 종료
MT04519,2026-07-19,M519,M560,MG04,True,True,True,False,False,False,True,0.25,0.6,67,거절,거절,False,,,,추천 종료
MT04520,2026-07-28,M520,M661,MG09,True,True,True,True,True,False,True,0,0.48,70,거절,미응답,False,,,,응답 대기 종료
MT04521,2026-07-17,M521,M300,MG02,False,False,False,True,False,True,True,0.75,0.51,72,미응답,수락,False,,,,응답 대기 종료
MT04522,2026-07-27,M522,M920,MG19,False,False,False,True,False,False,True,0.75,0.68,65,거절,거절,False,,,,추천 종료
MT04523,2026-07-26,M523,M790,MG12,False,False,True,True,False,True,True,0,0.46,65,거절,미응답,False,,,,응답 대기 종료
MT04524,2026-07-06,M524,M444,MG08,False,False,True,True,True,True,False,0.5,0.96,75,미응답,수락,False,,,,응답 대기 종료
MT04525,2026-07-18,M525,M456,MG05,False,False,True,True,False,True,False,0.25,0.64,62,거절,미응답,False,,,,응답 대기 종료
MT04526,2026-07-19,M526,M205,MG05,True,True,True,True,False,True,False,0.25,0.49,71,거절,수락,False,,,,추천 종료
MT04527,2026-07-05,M527,M563,MG10,False,False,True,True,False,True,True,0.5,0.75,71,거절,미응답,False,,,,응답 대기 종료
MT04528,2026-07-01,M528,M533,MG11,False,False,False,True,True,False,False,0,0.6,56,미응답,거절,False,,,,응답 대기 종료
MT04529,2026-07-23,M529,M612,MG05,True,False,False,True,False,True,True,0.25,0.33,69,거절,거절,False,,,,추천 종료
MT04530,2026-07-15,M530,M050,MG09,False,False,True,False,True,True,True,0.5,0.81,83,수락,수락,True,2026-07-17,서울,True,애프터 성사
MT04531,2026-07-23,M531,M429,MG19,True,True,True,True,False,True,True,0.5,0.67,85,거절,미응답,False,,,,응답 대기 종료
MT04532,2026-07-20,M532,M958,MG04,True,True,True,True,False,False,True,0.5,0.84,70,미응답,거절,False,,,,응답 대기 종료
MT04533,2026-07-15,M533,M172,MG13,True,True,True,True,False,True,False,0.25,0.8,78,수락,거절,False,,,,추천 종료
MT04534,2026-07-08,M534,M853,MG17,False,False,True,True,False,True,True,0.25,0.52,63,미응답,거절,False,,,,응답 대기 종료
MT04535,2026-07-15,M535,M822,MG06,False,False,True,True,False,True,False,0.75,0.46,71,수락,수락,False,,,,추천 종료
MT04536,2026-07-01,M536,M977,MG13,False,False,True,False,True,True,False,0,0.97,71,수락,미응답,False,,,,응답 대기 종료
MT04537,2026-07-09,M537,M264,MG11,False,False,True,True,False,True,True,0.25,0.34,73,미응답,수락,False,,,,응답 대기 종료
MT04538,2026-07-25,M538,M620,MG09,False,True,True,True,True,False,True,0.5,0.51,70,수락,수락,True,2026-08-01,경기,True,애프터 성사
MT04539,2026-07-10,M539,M158,MG16,False,False,False,True,True,True,True,0.5,0.58,68,수락,수락,True,2026-07-16,경기,False,첫 만남 완료
MT04540,2026-07-03,M540,M688,MG16,False,True,True,True,True,False,True,0.75,0.82,88,수락,수락,True,2026-07-16,경기,True,애프터 성사
MT04541,2026-07-12,M541,M493,MG07,True,True,False,True,False,False,True,0.75,0.31,62,거절,거절,False,,,,추천 종료
MT04542,2026-07-11,M542,M878,MG10,False,False,True,True,False,True,True,0.75,0.38,78,거절,수락,False,,,,추천 종료
MT04543,2026-07-13,M543,M082,MG15,True,True,True,False,True,True,True,0.75,0.29,84,거절,수락,False,,,,추천 종료
MT04544,2026-07-05,M544,M301,MG20,False,False,True,False,True,False,True,0.25,0.54,68,수락,미응답,False,,,,응답 대기 종료
MT04545,2026-07-23,M545,M458,MG16,True,True,False,True,True,False,True,0.5,0.87,74,수락,수락,True,2026-07-25,서울,True,애프터 성사
MT04546,2026-07-28,M546,M217,MG14,False,True,True,False,False,False,True,0.25,0.43,62,거절,미응답,False,,,,응답 대기 종료
MT04547,2026-07-06,M547,M703,MG17,False,True,True,True,False,True,True,0.5,0.79,84,거절,수락,False,,,,추천 종료
MT04548,2026-07-14,M548,M006,MG02,True,True,False,True,False,False,False,0.25,0.43,54,거절,미응답,False,,,,응답 대기 종료
MT04549,2026-07-12,M549,M627,MG03,True,True,True,True,False,True,True,0.75,0.53,83,거절,수락,False,,,,추천 종료
MT04550,2026-07-16,M550,M386,MG09,True,False,True,False,False,True,False,0.25,0.61,64,거절,거절,False,,,,추천 종료
MT04551,2026-07-04,M551,M001,MG06,True,True,True,True,False,False,True,0.75,0.24,77,거절,거절,False,,,,추천 종료
MT04552,2026-07-12,M552,M291,MG13,False,False,True,True,False,False,True,0,0.54,61,거절,거절,False,,,,추천 종료
MT04553,2026-07-28,M553,M417,MG17,True,True,False,True,True,True,True,0.25,0.22,73,거절,수락,False,,,,추천 종료
MT04554,2026-07-09,M554,M996,MG15,False,False,True,False,True,False,True,0.75,0.53,75,거절,수락,False,,,,추천 종료
MT04555,2026-07-24,M555,M257,MG12,True,True,False,True,False,True,True,0.5,0.88,76,거절,수락,False,,,,추천 종료
MT04556,2026-07-02,M556,M867,MG16,False,False,True,True,False,True,False,0.25,0.73,60,미응답,거절,False,,,,응답 대기 종료
MT04557,2026-07-17,M557,M632,MG17,False,True,True,True,False,False,True,0.25,0.87,70,거절,미응답,False,,,,응답 대기 종료
MT04558,2026-07-12,M558,M603,MG08,False,False,True,False,True,False,True,0.5,0.54,77,미응답,미응답,False,,,,응답 대기 종료
MT04559,2026-07-21,M559,M821,MG14,True,True,True,True,True,False,True,0.5,0.63,84,거절,미응답,False,,,,응답 대기 종료
MT04560,2026-07-13,M560,M407,MG16,False,False,True,True,False,True,False,0.25,0.5,71,거절,거절,False,,,,추천 종료
MT04561,2026-07-23,M561,M746,MG08,False,False,True,True,True,False,True,0.5,0.58,74,수락,거절,False,,,,추천 종료
MT04562,2026-07-26,M562,M582,MG17,False,False,True,True,False,False,True,0.25,0.4,55,미응답,거절,False,,,,응답 대기 종료
MT04563,2026-07-28,M563,M657,MG11,True,True,True,False,False,True,True,1,0.83,82,미응답,거절,False,,,,응답 대기 종료
MT04564,2026-07-09,M564,M279,MG06,True,True,True,True,True,True,False,0.25,0.69,76,수락,미응답,False,,,,응답 대기 종료
MT04565,2026-07-28,M565,M878,MG09,False,False,True,False,False,True,True,0.25,0.87,73,수락,거절,False,,,,추천 종료
MT04566,2026-07-01,M566,M263,MG09,False,True,True,True,False,True,False,0.5,0.52,71,거절,거절,False,,,,추천 종료
MT04567,2026-07-17,M567,M398,MG04,False,False,True,True,False,True,False,0,0.68,67,거절,수락,False,,,,추천 종료
MT04568,2026-07-15,M568,M072,MG12,False,True,True,False,False,False,False,0,0.33,52,미응답,거절,False,,,,응답 대기 종료
MT04569,2026-07-15,M569,M416,MG18,True,True,True,True,False,False,True,0.75,0.8,83,미응답,수락,False,,,,응답 대기 종료
MT04570,2026-07-29,M570,M814,MG10,True,True,True,True,False,True,True,0.5,0.55,73,미응답,수락,False,,,,응답 대기 종료
MT04571,2026-07-25,M571,M362,MG05,False,False,True,True,True,False,True,0.5,0.62,67,거절,거절,False,,,,추천 종료
MT04572,2026-07-09,M572,M854,MG06,False,False,False,True,False,False,True,0.25,0.51,66,미응답,수락,False,,,,응답 대기 종료
MT04573,2026-07-06,M573,M917,MG16,True,True,False,True,False,False,True,0.25,0.75,63,미응답,거절,False,,,,응답 대기 종료
MT04574,2026-07-03,M574,M133,MG05,True,True,True,True,False,False,False,0,0.67,62,거절,거절,False,,,,추천 종료
MT04575,2026-07-06,M575,M537,MG09,True,True,True,True,False,True,False,0,0.51,65,거절,수락,False,,,,추천 종료
MT04576,2026-07-11,M576,M814,MG11,True,True,True,True,False,True,True,0.25,0.46,72,미응답,수락,False,,,,응답 대기 종료
MT04577,2026-07-06,M577,M921,MG17,True,True,True,True,False,False,True,0.5,0.65,63,거절,수락,False,,,,추천 종료
MT04578,2026-07-24,M578,M815,MG06,True,True,False,True,True,True,True,0.5,0.77,87,미응답,수락,False,,,,응답 대기 종료
MT04579,2026-07-04,M579,M222,MG03,True,True,True,True,False,False,True,0,0.66,73,미응답,미응답,False,,,,응답 대기 종료
MT04580,2026-07-25,M580,M343,MG14,False,False,True,True,False,False,True,0.75,0.62,80,미응답,미응답,False,,,,응답 대기 종료
MT04581,2026-07-01,M581,M630,MG03,False,False,True,True,False,False,True,0.25,0.72,61,거절,수락,False,,,,추천 종료
MT04582,2026-07-08,M582,M063,MG12,True,True,True,True,False,False,True,0.75,0.57,71,미응답,미응답,False,,,,응답 대기 종료
MT04583,2026-07-18,M583,M793,MG09,False,True,True,True,False,False,True,0.25,0.62,75,거절,거절,False,,,,추천 종료
MT04584,2026-07-23,M584,M799,MG11,True,True,True,False,False,False,False,0.75,0.55,65,수락,수락,True,2026-07-28,전남,True,애프터 성사
MT04585,2026-07-28,M585,M884,MG03,True,True,False,True,False,False,True,0.25,0.79,66,미응답,거절,False,,,,응답 대기 종료
MT04586,2026-07-26,M586,M185,MG18,True,True,True,True,False,False,False,0.25,0.59,70,미응답,수락,False,,,,응답 대기 종료
MT04587,2026-07-30,M587,M952,MG15,False,False,True,False,True,False,True,0.5,0.68,70,거절,거절,False,,,,추천 종료
MT04588,2026-07-14,M588,M979,MG20,False,False,False,True,True,True,True,0.25,0.93,71,미응답,거절,False,,,,응답 대기 종료
MT04589,2026-07-10,M589,M355,MG10,True,False,True,True,True,False,True,0.25,0.26,71,거절,수락,False,,,,추천 종료
MT04590,2026-07-02,M590,M882,MG02,False,False,True,False,False,False,True,0,0.62,47,미응답,거절,False,,,,응답 대기 종료
MT04591,2026-07-17,M591,M889,MG13,False,False,True,True,False,False,True,0.75,0.48,64,수락,수락,True,2026-07-30,서울,False,첫 만남 완료
MT04592,2026-07-09,M592,M013,MG08,False,False,True,True,False,True,True,0,0.54,60,수락,거절,False,,,,추천 종료
MT04593,2026-07-18,M593,M288,MG13,True,True,True,False,False,False,True,0.25,0.82,55,미응답,거절,False,,,,응답 대기 종료
MT04594,2026-07-01,M594,M602,MG12,False,False,True,False,False,False,False,0,1,52,미응답,거절,False,,,,응답 대기 종료
MT04595,2026-07-01,M595,M569,MG10,False,False,False,True,False,False,False,0,0.64,58,거절,거절,False,,,,추천 종료
MT04596,2026-07-07,M596,M848,MG09,False,True,True,False,False,True,False,0.25,0.69,66,거절,거절,False,,,,추천 종료
MT04597,2026-07-14,M597,M286,MG08,False,False,True,True,False,True,True,0.5,0.75,71,미응답,수락,False,,,,응답 대기 종료
MT04598,2026-07-06,M598,M907,MG07,True,False,False,True,True,False,False,0.25,0.74,70,거절,수락,False,,,,추천 종료
MT04599,2026-07-09,M599,M974,MG15,False,False,False,True,True,False,True,0.25,0.44,64,수락,거절,False,,,,추천 종료
MT04600,2026-07-06,M600,M087,MG03,True,False,True,False,False,True,True,0.5,0.44,72,거절,수락,False,,,,추천 종료
MT04601,2026-07-19,M601,M848,MG01,True,True,True,False,False,False,False,0.25,0.39,60,미응답,거절,False,,,,응답 대기 종료
MT04602,2026-07-10,M602,M504,MG05,True,True,True,True,False,True,False,0.25,0.59,66,거절,,False,,,,추천 종료
MT04603,2026-07-06,M603,M809,MG19,True,True,False,True,False,True,True,0.5,0.37,72,거절,수락,False,,,,추천 종료
MT04604,2026-07-21,M604,M199,MG18,True,True,True,True,False,True,True,0.5,0.48,78,수락,수락,True,2026-07-28,서울,False,첫 만남 완료
MT04605,2026-07-16,M605,M598,MG14,True,True,True,True,False,False,False,0,0.67,60,거절,거절,False,,,,추천 종료
MT04606,2026-07-23,M606,M603,MG08,False,True,True,True,True,True,True,0.25,1,82,미응답,미응답,False,,,,응답 대기 종료
MT04607,2026-07-30,M607,M859,MG08,False,False,False,True,False,True,True,0.5,0.3,62,미응답,미응답,False,,,,응답 대기 종료
MT04608,2026-07-14,M608,M137,MG01,False,False,True,True,False,True,True,0.25,0.72,76,미응답,수락,False,,,,응답 대기 종료
MT04609,2026-07-09,M609,M611,MG16,True,True,False,True,False,True,False,0.25,0.59,65,거절,거절,False,,,,추천 종료
MT04610,2026-07-03,M610,M790,MG18,False,True,True,False,True,True,True,0.25,0.5,74,미응답,거절,False,,,,응답 대기 종료
MT04611,2026-07-26,M611,M933,MG17,False,True,True,True,True,False,False,0.25,0.43,64,미응답,수락,False,,,,응답 대기 종료
MT04612,2026-07-05,M612,M009,MG08,True,True,True,False,True,False,False,0.25,0.42,58,거절,수락,False,,,,추천 종료
MT04613,2026-07-04,M613,M942,MG08,False,False,False,True,False,False,True,0.25,0.43,58,미응답,미응답,False,,,,응답 대기 종료
MT04614,2026-07-29,M614,M523,MG02,False,False,True,True,False,True,True,0.25,0.71,73,미응답,수락,False,,,,응답 대기 종료
MT04615,2026-07-25,M615,M591,MG08,True,True,False,True,False,False,False,0.25,0.54,57,미응답,거절,False,,,,응답 대기 종료
MT04616,2026-07-13,M616,M210,MG13,True,True,True,True,True,True,True,0.75,0.29,86,미응답,거절,False,,,,응답 대기 종료
MT04617,2026-07-19,M617,M574,MG02,True,True,True,True,False,False,True,0.25,0.41,59,거절,수락,False,,,,추천 종료
MT04618,2026-07-07,M618,M972,MG17,True,True,False,True,True,False,True,0.25,0.63,66,수락,거절,False,,,,추천 종료
MT04619,2026-07-20,M619,M056,MG02,True,True,True,True,False,True,True,0.25,0.64,68,수락,미응답,False,,,,응답 대기 종료
MT04620,2026-07-03,M620,M356,MG17,False,False,True,True,True,False,True,0.75,0.29,74,수락,미응답,False,,,,응답 대기 종료
MT04621,2026-07-11,M621,M717,MG06,True,True,True,False,True,True,True,0.5,0.89,87,수락,거절,False,,,,추천 종료
MT04622,2026-07-04,M622,M937,MG02,False,True,True,True,True,False,True,0.25,0.6,77,수락,거절,False,,,,추천 종료
MT04623,2026-07-01,M623,M517,MG01,True,False,False,True,False,True,True,0.5,0.42,69,수락,거절,False,,,,추천 종료
MT04624,2026-07-27,M624,M867,MG01,False,False,True,False,False,True,False,0.25,0.52,58,거절,수락,False,,,,추천 종료
MT04625,2026-07-15,M625,M311,MG10,True,True,True,True,True,False,True,0.25,0.39,80,수락,미응답,False,,,,응답 대기 종료
MT04626,2026-07-22,M626,M829,MG04,False,False,True,True,True,True,True,0.25,0.8,74,미응답,미응답,False,,,,응답 대기 종료
MT04627,2026-07-30,M627,M158,MG11,True,True,True,True,False,False,True,0.5,0.64,70,거절,거절,False,,,,추천 종료
MT04628,2026-07-13,M628,M239,MG20,True,True,False,True,True,False,True,0.5,0.57,72,수락,거절,False,,,,추천 종료
MT04629,2026-07-28,M629,M049,MG01,True,True,True,False,True,False,True,0.25,0.82,78,미응답,미응답,False,,,,응답 대기 종료
MT04630,2026-07-28,M630,M979,MG13,False,True,True,True,False,True,True,0.25,0.63,60,수락,거절,False,,,,추천 종료
MT04631,2026-07-14,M631,M295,MG13,True,True,True,True,False,False,True,0.75,0.69,79,미응답,거절,False,,,,응답 대기 종료
MT04632,2026-07-13,M632,M956,MG01,True,False,True,True,False,False,True,0.5,0.71,74,거절,거절,False,,,,추천 종료
MT04633,2026-07-12,M633,M536,MG17,True,True,False,True,False,False,True,0.25,0.54,72,수락,거절,False,,,,추천 종료
MT04634,2026-07-04,M634,M022,MG12,False,False,False,True,True,True,True,0.5,0.59,78,수락,수락,True,2026-07-12,경기,True,애프터 성사
MT04635,2026-07-20,M635,M714,MG05,False,True,False,True,True,False,True,0.5,0.77,78,거절,수락,False,,,,추천 종료
MT04636,2026-07-19,M636,M176,MG14,False,False,True,False,False,False,True,0.75,0.52,68,수락,수락,True,2026-07-22,서울,True,애프터 성사
MT04637,2026-07-05,M637,M275,MG02,False,False,True,False,False,True,True,0.5,0.31,63,거절,거절,False,,,,추천 종료
MT04638,2026-07-25,M638,M319,MG12,True,True,True,True,False,False,True,0.25,0.89,78,미응답,거절,False,,,,응답 대기 종료
MT04639,2026-07-09,M639,M039,MG06,False,False,True,True,True,False,True,0.25,0.6,65,수락,거절,False,,,,추천 종료
MT04640,2026-07-16,M640,M572,MG16,True,False,True,True,False,False,True,0.5,0.75,81,수락,미응답,False,,,,응답 대기 종료
MT04641,2026-07-24,M641,M204,MG12,False,False,False,True,False,False,True,0.75,0.79,61,거절,수락,False,,,,추천 종료
MT04642,2026-07-21,M642,M774,MG01,False,False,True,False,False,True,True,0,0.25,55,거절,거절,False,,,,추천 종료
MT04643,2026-07-22,M643,M792,MG04,True,True,True,False,True,True,False,0.5,0.69,76,미응답,미응답,False,,,,응답 대기 종료
MT04644,2026-07-06,M644,M333,MG02,True,True,True,True,False,True,True,0.5,0.72,65,거절,미응답,False,,,,응답 대기 종료
MT04645,2026-07-17,M645,M626,MG15,False,False,True,True,False,False,True,0.25,0.31,56,미응답,미응답,False,,,,응답 대기 종료
MT04646,2026-07-14,M646,M208,MG10,False,False,True,True,False,True,False,0,0.51,59,거절,수락,False,,,,추천 종료
MT04647,2026-07-06,M647,M521,MG04,False,False,True,False,True,True,False,0,0.55,60,수락,미응답,False,,,,응답 대기 종료
MT04648,2026-07-16,M648,M065,MG19,False,False,True,False,False,True,True,0.25,0.43,64,거절,거절,False,,,,추천 종료
MT04649,2026-07-12,M649,M156,MG08,False,False,True,False,False,False,True,0.25,0.59,57,거절,거절,False,,,,추천 종료
MT04650,2026-07-03,M650,M968,MG20,False,False,True,True,True,True,True,0.25,0.62,80,수락,미응답,False,,,,응답 대기 종료
MT04651,2026-07-05,M651,M690,MG12,False,False,True,True,True,True,True,0.75,0.93,85,미응답,수락,False,,,,응답 대기 종료
MT04652,2026-07-05,M652,M944,MG20,False,False,True,True,False,False,True,0.5,0.84,74,거절,수락,False,,,,추천 종료
MT04653,2026-07-17,M653,M500,MG12,True,True,True,True,False,False,False,0.5,0.37,69,수락,거절,False,,,,추천 종료
MT04654,2026-07-26,M654,M981,MG11,True,True,True,True,True,True,False,0.75,0.59,83,수락,수락,True,2026-08-02,서울,True,애프터 성사
MT04655,2026-07-24,M655,M985,MG08,True,True,True,True,False,True,False,0.75,0.96,80,수락,미응답,False,,,,응답 대기 종료
MT04656,2026-07-04,M656,M917,MG20,False,False,True,False,False,False,False,0.5,0.74,56,수락,미응답,False,,,,응답 대기 종료
MT04657,2026-07-11,M657,M493,MG08,False,True,False,True,False,True,True,0.5,0.64,67,미응답,미응답,False,,,,응답 대기 종료
MT04658,2026-07-11,M658,M060,MG08,True,True,False,True,False,False,True,0.5,0.64,74,거절,거절,False,,,,추천 종료
MT04659,2026-07-05,M659,M926,MG06,False,False,False,True,False,False,True,0.25,0.85,52,거절,거절,False,,,,추천 종료
MT04660,2026-07-18,M660,M656,MG06,True,False,True,True,False,True,True,0.5,0.29,69,수락,수락,True,2026-07-21,서울,False,첫 만남 완료
MT04661,2026-07-29,M661,M346,MG13,True,False,True,True,True,False,False,0.25,0.95,67,미응답,거절,False,,,,응답 대기 종료
MT04662,2026-07-15,M662,M937,MG03,False,False,True,True,True,True,True,0.5,0.58,74,수락,미응답,False,,,,응답 대기 종료
MT04663,2026-07-21,M663,M267,MG18,False,True,True,True,False,True,False,0,1,70,거절,거절,False,,,,추천 종료
MT04664,2026-07-04,M664,M932,MG05,False,False,True,True,False,True,True,0.25,0.73,77,거절,수락,False,,,,추천 종료
MT04665,2026-07-02,M665,M383,MG18,True,True,True,True,False,False,False,0.25,0.54,62,미응답,미응답,False,,,,응답 대기 종료
MT04666,2026-07-12,M666,M055,MG19,False,False,False,True,False,False,False,0.25,0.61,47,미응답,미응답,False,,,,응답 대기 종료
MT04667,2026-07-20,M667,M774,MG15,True,True,True,True,False,False,True,0,0.3,65,거절,수락,False,,,,추천 종료
MT04668,2026-07-08,M668,M571,MG07,True,True,True,True,False,True,True,0.25,0.79,76,수락,수락,True,2026-07-10,경기,False,첫 만남 완료
MT04669,2026-07-09,M669,M104,MG16,True,True,True,False,True,False,True,0.5,0.39,76,미응답,미응답,False,,,,응답 대기 종료
MT04670,2026-07-27,M670,M889,MG16,True,True,False,True,False,False,True,0.75,0.42,70,미응답,수락,False,,,,응답 대기 종료
MT04671,2026-07-06,M671,M910,MG09,False,True,True,False,False,True,True,0.5,0.81,73,미응답,거절,False,,,,응답 대기 종료
MT04672,2026-07-12,M672,M402,MG12,False,False,True,False,False,False,True,0.75,0.51,65,거절,수락,False,,,,추천 종료
MT04673,2026-07-15,M673,M217,MG12,False,False,True,True,True,False,False,0.5,0.45,66,미응답,미응답,False,,,,응답 대기 종료
MT04674,2026-07-04,M674,M599,MG18,True,False,True,False,False,False,True,0.25,0.67,64,미응답,수락,False,,,,응답 대기 종료
MT04675,2026-07-05,M675,M174,MG02,False,False,False,True,False,False,True,0.5,0.88,70,미응답,거절,False,,,,응답 대기 종료
MT04676,2026-07-06,M676,M970,MG08,False,False,True,True,False,True,True,0.75,0.63,76,수락,미응답,False,,,,응답 대기 종료
MT04677,2026-07-04,M677,M039,MG16,False,False,False,True,False,True,True,0,0.68,63,수락,수락,False,,,,추천 종료
MT04678,2026-07-14,M678,M150,MG05,False,True,False,True,False,True,True,0,0.48,60,미응답,거절,False,,,,응답 대기 종료
MT04679,2026-07-13,M679,M123,MG16,False,False,True,False,False,True,True,0.25,0.53,60,수락,거절,False,,,,추천 종료
MT04680,2026-07-20,M680,M029,MG13,False,False,True,True,False,True,True,0.75,0.75,76,거절,수락,False,,,,추천 종료
MT04681,2026-07-20,M681,M074,MG05,False,False,False,True,False,True,False,0.25,0.6,58,수락,수락,True,2026-07-31,서울,False,첫 만남 완료
MT04682,2026-07-04,M682,M141,MG10,False,False,False,True,False,False,True,0.75,0.68,72,수락,수락,True,2026-07-12,서울,False,첫 만남 완료
MT04683,2026-07-11,M683,M128,MG11,False,False,True,False,False,True,True,0.25,0.66,68,미응답,거절,False,,,,응답 대기 종료
MT04684,2026-07-14,M684,M716,MG08,True,True,True,True,False,False,True,0.75,0.65,77,수락,수락,True,2026-07-28,전남,False,첫 만남 완료
MT04685,2026-07-13,M685,M008,MG19,False,False,False,True,False,False,False,0,0.65,51,수락,미응답,False,,,,응답 대기 종료
MT04686,2026-07-04,M686,M265,MG12,False,False,False,True,True,False,False,0.5,0.55,73,거절,거절,False,,,,추천 종료
MT04687,2026-07-15,M687,M611,MG10,False,False,True,True,True,True,True,0.25,0.52,68,수락,미응답,False,,,,응답 대기 종료
MT04688,2026-07-17,M688,M932,MG06,False,False,True,True,False,False,True,0.5,0.42,66,미응답,수락,False,,,,응답 대기 종료
MT04689,2026-07-11,M689,M084,MG06,False,False,False,True,True,False,True,0.5,0.62,69,수락,거절,False,,,,추천 종료
MT04690,2026-07-26,M690,M932,MG20,False,False,True,True,False,False,True,0.5,0.45,70,수락,거절,False,,,,추천 종료
MT04691,2026-07-01,M691,M046,MG15,True,True,True,False,False,True,True,0.25,0.74,76,수락,거절,False,,,,추천 종료
MT04692,2026-07-07,M692,M895,MG15,True,True,False,True,True,False,True,0,0.35,69,미응답,미응답,False,,,,응답 대기 종료
MT04693,2026-07-10,M693,M853,MG12,False,False,True,True,False,False,True,0.25,0.79,65,수락,거절,False,,,,추천 종료
MT04694,2026-07-18,M694,M980,MG01,True,True,True,False,False,True,True,0.5,0.54,70,수락,수락,True,2026-07-28,경기,True,애프터 성사
MT04695,2026-07-29,M695,M732,MG19,True,False,False,True,True,False,True,0.25,0.57,69,미응답,미응답,False,,,,응답 대기 종료
MT04696,2026-07-25,M696,M186,MG02,False,False,True,True,False,True,False,0,0.26,60,거절,거절,False,,,,추천 종료
MT04697,2026-07-21,M697,M893,MG04,True,True,True,True,False,True,True,0,0.64,63,거절,거절,False,,,,추천 종료
MT04698,2026-07-09,M698,M454,MG11,True,True,True,False,False,False,True,0.5,0.49,66,거절,거절,False,,,,추천 종료
MT04699,2026-07-11,M699,M020,MG17,False,False,True,True,False,True,True,0.25,0.84,71,미응답,거절,False,,,,응답 대기 종료
MT04700,2026-07-24,M700,M525,MG08,True,True,True,True,False,True,True,0.25,0.68,82,수락,미응답,False,,,,응답 대기 종료
MT04701,2026-07-29,M701,M594,MG20,False,False,True,False,False,True,True,0.75,0.5,70,거절,미응답,False,,,,응답 대기 종료
MT04702,2026-07-16,M702,M171,MG09,False,False,True,False,False,False,True,0.25,0.35,62,미응답,거절,False,,,,응답 대기 종료
MT04703,2026-07-03,M703,M483,MG09,True,True,False,True,False,True,False,0.25,0.5,72,수락,수락,True,2026-07-13,경남,True,애프터 성사
MT04704,2026-07-05,M704,M676,MG18,True,True,True,True,True,False,True,0.75,0.31,75,미응답,수락,False,,,,응답 대기 종료
MT04705,2026-07-19,M705,M841,MG07,True,False,False,True,False,True,True,0.5,0.46,69,거절,수락,False,,,,추천 종료
MT04706,2026-07-17,M706,M399,MG12,True,True,True,False,False,True,True,0.25,0.53,58,수락,거절,False,,,,추천 종료
MT04707,2026-07-23,M707,M050,MG16,False,False,True,False,False,True,True,0.5,0.41,69,거절,미응답,False,,,,응답 대기 종료
MT04708,2026-07-21,M708,M383,MG19,True,True,True,True,True,True,True,0.25,0.81,82,수락,거절,False,,,,추천 종료
MT04709,2026-07-02,M709,M353,MG19,False,True,True,False,False,False,True,0,1,64,수락,미응답,False,,,,응답 대기 종료
MT04710,2026-07-11,M710,M463,MG19,True,True,True,True,False,True,True,0.5,0.75,80,수락,수락,True,2026-07-18,서울,True,애프터 성사
MT04711,2026-07-23,M711,M869,MG09,False,True,True,True,True,True,True,0.5,0.44,84,거절,미응답,False,,,,응답 대기 종료
MT04712,2026-07-01,M712,M491,MG18,False,False,True,True,True,False,True,0.5,0.18,73,미응답,미응답,False,,,,응답 대기 종료
MT04713,2026-07-03,M713,M528,MG13,False,False,True,False,False,False,True,0.25,0.67,56,미응답,미응답,False,,,,응답 대기 종료
MT04714,2026-07-08,M714,M727,MG20,True,True,True,False,True,True,True,0.75,0.62,91,미응답,수락,False,,,,응답 대기 종료
MT04715,2026-07-19,M715,M253,MG18,True,True,True,False,False,False,True,0,0.57,64,수락,거절,False,,,,추천 종료
MT04716,2026-07-19,M716,M375,MG06,False,False,True,True,False,False,True,0.75,0.5,68,수락,거절,False,,,,추천 종료
MT04717,2026-07-08,M717,M795,MG02,True,False,True,True,False,False,True,0.5,0.54,74,수락,수락,False,,,,추천 종료
MT04718,2026-07-01,M718,M301,MG18,False,False,True,False,False,False,True,0.25,0.85,64,거절,미응답,False,,,,응답 대기 종료
MT04719,2026-07-23,M719,M026,MG13,True,True,True,False,False,False,True,0.25,0.73,66,수락,거절,False,,,,추천 종료
MT04720,2026-07-08,M720,M321,MG19,False,False,True,True,False,False,True,0.75,0.46,64,미응답,미응답,False,,,,응답 대기 종료
MT04721,2026-07-28,M721,M184,MG18,False,False,True,True,False,True,True,0,0.78,66,수락,미응답,False,,,,응답 대기 종료
MT04722,2026-07-20,M722,M497,MG10,True,True,True,True,False,False,True,0.75,0.38,79,수락,미응답,False,,,,응답 대기 종료
MT04723,2026-07-28,M723,M306,MG07,False,False,False,True,False,True,True,0.5,0.64,72,거절,미응답,False,,,,응답 대기 종료
MT04724,2026-07-02,M724,M147,MG04,False,False,True,True,False,True,True,0.5,0.83,80,수락,수락,True,2026-07-05,충북,True,애프터 성사
MT04725,2026-07-28,M725,M088,MG17,True,True,False,True,False,True,True,0.25,0.73,75,거절,수락,False,,,,추천 종료
MT04726,2026-07-03,M726,M506,MG17,True,False,True,True,False,False,True,0.5,0.47,70,수락,거절,False,,,,추천 종료
MT04727,2026-07-08,M727,M801,MG02,True,True,True,True,True,False,True,0.25,0.83,79,수락,미응답,False,,,,응답 대기 종료
MT04728,2026-07-26,M728,M220,MG04,False,True,True,True,True,False,True,0,0.57,73,거절,수락,False,,,,추천 종료
MT04729,2026-07-17,M729,M984,MG01,True,False,False,True,False,True,True,0.5,0.35,59,수락,수락,True,2026-07-27,서울,False,첫 만남 완료
MT04730,2026-07-08,M730,M562,MG14,False,True,True,True,False,False,True,0.75,0.44,74,거절,거절,False,,,,추천 종료
MT04731,2026-07-17,M731,M695,MG17,True,True,True,True,True,True,False,0.25,0.99,77,거절,수락,False,,,,추천 종료
MT04732,2026-07-27,M732,M591,MG09,False,False,True,True,True,False,True,0.5,0.64,78,미응답,수락,False,,,,응답 대기 종료
MT04733,2026-07-15,M733,M395,MG11,True,True,True,True,False,False,True,0.25,0.68,65,미응답,거절,False,,,,응답 대기 종료
MT04734,2026-07-12,M734,M785,MG02,False,False,True,True,False,True,True,0.5,0.4,70,미응답,미응답,False,,,,응답 대기 종료
MT04735,2026-07-18,M735,M148,MG05,True,False,True,True,True,False,False,0.5,0.74,75,수락,미응답,False,,,,응답 대기 종료
MT04736,2026-07-30,M736,M201,MG03,True,True,True,True,False,False,True,0.25,0.29,63,미응답,미응답,False,,,,응답 대기 종료
MT04737,2026-07-19,M737,M054,MG18,True,True,True,True,True,False,True,0.25,0.67,77,거절,수락,False,,,,추천 종료
MT04738,2026-07-02,M738,M827,MG16,True,False,True,False,False,False,True,0.5,0.56,64,미응답,거절,False,,,,응답 대기 종료
MT04739,2026-07-10,M739,M252,MG20,False,False,False,True,False,True,True,0.5,0.32,73,미응답,거절,False,,,,응답 대기 종료
MT04740,2026-07-24,M740,M397,MG14,True,True,True,True,True,True,False,0.25,0.36,73,거절,수락,False,,,,추천 종료
MT04741,2026-07-26,M741,M292,MG15,True,True,True,True,False,True,True,0.25,0.69,82,미응답,수락,False,,,,응답 대기 종료
MT04742,2026-07-15,M742,M557,MG05,False,False,True,True,False,False,True,0.25,0.58,54,수락,미응답,False,,,,응답 대기 종료
MT04743,2026-07-16,M743,M019,MG12,False,False,False,True,False,True,True,0.25,0.56,52,거절,미응답,False,,,,응답 대기 종료
MT04744,2026-07-21,M744,M990,MG10,True,False,True,True,False,False,False,0.25,0.8,54,거절,미응답,False,,,,응답 대기 종료
MT04745,2026-07-01,M745,M496,MG13,False,False,False,True,False,False,False,0.75,0.3,65,미응답,미응답,False,,,,응답 대기 종료
MT04746,2026-07-30,M746,M123,MG20,True,True,True,False,False,False,True,0.5,0.62,72,수락,수락,True,2026-08-08,서울,False,첫 만남 완료
MT04747,2026-07-30,M747,M280,MG01,False,True,True,False,False,False,True,0.5,0.53,66,미응답,수락,False,,,,응답 대기 종료
MT04748,2026-07-07,M748,M083,MG18,True,False,True,True,False,False,True,0.75,0.64,83,수락,수락,True,2026-07-12,경기,True,애프터 성사
MT04749,2026-07-01,M749,M229,MG01,True,False,False,True,True,True,True,0.5,0.76,82,수락,미응답,False,,,,응답 대기 종료
MT04750,2026-07-17,M750,M804,MG11,True,True,True,True,True,True,False,0,0.6,75,거절,수락,False,,,,추천 종료
MT04751,2026-07-24,M751,M533,MG06,True,True,True,True,False,True,True,0.75,0.66,88,미응답,수락,False,,,,응답 대기 종료
MT04752,2026-07-22,M752,M345,MG14,True,False,True,False,False,False,True,0.25,0.61,68,미응답,거절,False,,,,응답 대기 종료
MT04753,2026-07-16,M753,M901,MG08,False,True,True,True,True,False,True,0.25,0.65,80,수락,수락,True,2026-07-19,경기,True,애프터 성사
MT04754,2026-07-16,M754,M333,MG06,False,False,True,True,False,False,False,0.5,0.78,54,거절,미응답,False,,,,응답 대기 종료
MT04755,2026-07-12,M755,M460,MG17,False,False,True,False,False,True,False,0,0.39,61,미응답,거절,False,,,,응답 대기 종료
MT04756,2026-07-17,M756,M726,MG20,True,True,False,True,False,False,False,0.5,0.82,68,수락,거절,False,,,,추천 종료
MT04757,2026-07-21,M757,M680,MG14,True,True,True,True,False,False,True,0.25,0.52,72,거절,미응답,False,,,,응답 대기 종료
MT04758,2026-07-05,M758,M391,MG04,True,True,False,True,False,True,True,0.5,0.7,76,수락,거절,False,,,,추천 종료
MT04759,2026-07-15,M759,M604,MG11,True,True,True,False,False,True,True,0.5,0.73,65,수락,수락,True,2026-07-25,서울,False,첫 만남 완료
MT04760,2026-07-17,M760,M128,MG05,False,False,True,False,False,True,True,0.75,0.46,70,미응답,거절,False,,,,응답 대기 종료
MT04761,2026-07-04,M761,M388,MG05,False,False,True,True,False,False,False,0.75,0.75,74,미응답,거절,False,,,,응답 대기 종료
MT04762,2026-07-21,M762,M189,MG10,True,False,True,True,False,False,False,0.25,0.54,68,미응답,거절,False,,,,응답 대기 종료
MT04763,2026-07-20,M763,M209,MG04,False,False,True,True,True,True,True,0.75,0.7,76,수락,미응답,False,,,,응답 대기 종료
MT04764,2026-07-13,M764,M047,MG07,True,False,True,True,False,False,True,0.25,0.76,70,수락,미응답,False,,,,응답 대기 종료
MT04765,2026-07-04,M765,M992,MG12,True,True,True,False,False,True,True,0.25,0.56,75,수락,미응답,False,,,,응답 대기 종료
MT04766,2026-07-12,M766,M032,MG07,False,False,True,True,False,False,True,0.25,0.34,62,수락,거절,False,,,,추천 종료
MT04767,2026-07-04,M767,M475,MG03,False,False,False,True,False,False,False,0,0.59,54,미응답,수락,False,,,,응답 대기 종료
MT04768,2026-07-25,M768,M384,MG09,True,True,True,False,False,True,True,0.5,0.4,63,거절,거절,False,,,,추천 종료
MT04769,2026-07-25,M769,M683,MG07,False,True,True,False,True,True,True,0.25,0.53,70,거절,거절,False,,,,추천 종료
MT04770,2026-07-09,M770,M223,MG09,False,False,False,True,False,True,False,0.25,0.34,54,수락,거절,False,,,,추천 종료
MT04771,2026-07-13,M771,M109,MG11,True,True,True,False,False,True,False,0,0.41,62,거절,미응답,False,,,,응답 대기 종료
MT04772,2026-07-15,M772,M677,MG03,True,True,True,True,False,False,True,0.25,0.31,68,수락,수락,True,2026-07-28,전남,False,첫 만남 완료
MT04773,2026-07-08,M773,M939,MG06,True,True,False,True,False,False,True,0.25,0.55,64,거절,거절,False,,,,추천 종료
MT04774,2026-07-22,M774,M506,MG02,False,False,True,True,False,True,False,0,0.76,53,미응답,거절,False,,,,응답 대기 종료
MT04775,2026-07-22,M775,M689,MG10,False,False,True,False,True,True,True,0.5,0.54,68,미응답,수락,False,,,,응답 대기 종료
MT04776,2026-07-14,M776,M752,MG13,False,False,False,True,False,False,True,0.25,0.69,56,수락,거절,False,,,,추천 종료
MT04777,2026-07-29,M777,M651,MG01,False,False,False,True,True,True,True,0.5,0.78,75,수락,미응답,False,,,,응답 대기 종료
MT04778,2026-07-29,M778,M816,MG18,True,True,True,False,False,False,False,0.25,0.53,56,미응답,거절,False,,,,응답 대기 종료
MT04779,2026-07-13,M779,M344,MG15,True,True,False,True,False,True,True,0.25,0.38,71,거절,수락,False,,,,추천 종료
MT04780,2026-07-07,M780,M339,MG08,False,False,True,False,False,True,True,0,0.4,58,거절,미응답,False,,,,응답 대기 종료
MT04781,2026-07-13,M781,M733,MG03,True,True,False,True,True,True,True,0,0.86,72,거절,미응답,False,,,,응답 대기 종료
MT04782,2026-07-21,M782,M198,MG15,False,False,True,True,False,True,True,0.5,0.83,71,수락,미응답,False,,,,응답 대기 종료
MT04783,2026-07-17,M783,M865,MG05,True,True,False,False,True,True,False,0.25,0.71,75,수락,미응답,False,,,,응답 대기 종료
MT04784,2026-07-21,M784,M944,MG18,False,False,True,False,True,True,True,0.75,0.68,74,수락,미응답,False,,,,응답 대기 종료
MT04785,2026-07-03,M785,M814,MG20,True,False,True,True,False,True,True,0.25,1,78,수락,미응답,False,,,,응답 대기 종료
MT04786,2026-07-19,M786,M131,MG02,False,False,True,True,False,True,True,0.5,0.82,80,미응답,미응답,False,,,,응답 대기 종료
MT04787,2026-07-09,M787,M870,MG19,True,False,False,True,False,False,True,0.5,0.4,65,미응답,거절,False,,,,응답 대기 종료
MT04788,2026-07-26,M788,M215,MG04,False,False,True,True,False,False,True,0.75,0.41,67,수락,미응답,False,,,,응답 대기 종료
MT04789,2026-07-10,M789,M705,MG15,True,True,True,False,False,False,True,0.5,0.84,69,수락,수락,True,2026-07-24,서울,False,첫 만남 완료
MT04790,2026-07-24,M790,M999,MG05,True,True,True,True,False,True,False,0.5,0.62,74,거절,거절,False,,,,추천 종료
MT04791,2026-07-10,M791,M340,MG15,False,False,True,False,False,True,True,0.25,0.42,63,미응답,미응답,False,,,,응답 대기 종료
MT04792,2026-07-16,M792,M980,MG10,True,True,False,True,True,False,True,0.25,0.22,62,미응답,수락,False,,,,응답 대기 종료
MT04793,2026-07-29,M793,M384,MG13,True,True,True,False,False,True,True,0.5,0.52,74,거절,미응답,False,,,,응답 대기 종료
MT04794,2026-07-21,M794,M670,MG06,False,False,False,True,False,True,True,0.5,0.52,59,미응답,거절,False,,,,응답 대기 종료
MT04795,2026-07-16,M795,M392,MG14,True,True,True,True,False,False,True,0.5,0.6,73,미응답,거절,False,,,,응답 대기 종료
MT04796,2026-07-05,M796,M239,MG05,True,True,True,False,False,True,True,0.25,0.43,67,거절,수락,False,,,,추천 종료
MT04797,2026-07-29,M797,M186,MG14,True,True,True,True,False,True,False,0.5,0.56,68,미응답,거절,False,,,,응답 대기 종료
MT04798,2026-07-15,M798,M950,MG20,False,False,True,False,False,True,True,0.25,0.64,53,미응답,거절,False,,,,응답 대기 종료
MT04799,2026-07-05,M799,M910,MG10,False,False,True,False,False,False,True,0.5,0.47,63,거절,거절,False,,,,추천 종료
MT04800,2026-07-23,M800,M255,MG06,True,False,True,True,False,True,False,0,0.88,57,거절,거절,False,,,,추천 종료
MT04801,2026-07-03,M801,M057,MG07,False,False,True,True,True,True,True,0.25,0.8,76,거절,수락,False,,,,추천 종료
MT04802,2026-07-15,M802,M624,MG17,False,False,False,True,False,True,True,0.25,0.68,62,미응답,수락,False,,,,응답 대기 종료
MT04803,2026-07-19,M803,M917,MG05,True,True,False,True,False,True,True,0.5,0.37,72,거절,거절,False,,,,추천 종료
MT04804,2026-07-04,M804,M521,MG19,True,False,True,False,False,True,False,0.25,0.52,68,미응답,미응답,False,,,,응답 대기 종료
MT04805,2026-07-25,M805,M743,MG04,True,True,False,True,False,True,True,0,0.54,65,거절,미응답,False,,,,응답 대기 종료
MT04806,2026-07-20,M806,M661,MG09,False,False,False,True,True,False,True,0.25,0.61,64,미응답,미응답,False,,,,응답 대기 종료
MT04807,2026-07-26,M807,M466,MG20,True,True,True,True,False,False,False,0,0.61,68,미응답,미응답,False,,,,응답 대기 종료
MT04808,2026-07-19,M808,M942,MG16,True,True,False,True,True,True,True,0.25,1,75,거절,미응답,False,,,,응답 대기 종료
MT04809,2026-07-11,M809,M752,MG06,False,True,False,True,False,False,True,0.5,0.64,61,거절,거절,False,,,,추천 종료
MT04810,2026-07-02,M810,M594,MG19,False,True,True,True,False,True,True,0.5,0.75,82,수락,수락,True,2026-07-10,서울,True,애프터 성사
MT04811,2026-07-02,M811,M400,MG19,True,True,True,True,False,False,True,0.25,0.32,64,거절,수락,False,,,,추천 종료
MT04812,2026-07-28,M812,M053,MG13,False,False,True,False,False,True,True,0.5,0.53,66,미응답,거절,False,,,,응답 대기 종료
MT04813,2026-07-03,M813,M259,MG08,True,True,True,True,False,True,True,0.25,0.32,71,미응답,거절,False,,,,응답 대기 종료
MT04814,2026-07-10,M814,M751,MG07,False,False,True,True,False,True,False,0,0.92,62,거절,수락,False,,,,추천 종료
MT04815,2026-07-10,M815,M391,MG17,False,False,True,False,False,False,True,0.75,0.45,61,수락,수락,True,2026-07-15,서울,False,첫 만남 완료
MT04816,2026-07-21,M816,M303,MG08,False,False,True,False,False,False,True,0.75,1,75,수락,수락,False,,,,추천 종료
MT04817,2026-07-06,M817,M105,MG14,False,False,True,False,False,True,True,0.25,0.61,62,미응답,수락,False,,,,응답 대기 종료
MT04818,2026-07-02,M818,M081,MG13,False,True,False,True,False,True,True,0.25,0.48,54,거절,거절,False,,,,추천 종료
MT04819,2026-07-03,M819,M278,MG04,True,True,True,False,False,False,True,0.5,0.56,66,미응답,거절,False,,,,응답 대기 종료
MT04820,2026-07-18,M820,M527,MG13,False,False,True,True,False,False,True,0.5,0.31,60,미응답,거절,False,,,,응답 대기 종료
MT04821,2026-07-09,M821,M014,MG04,True,True,True,True,False,False,True,0.5,0.5,71,미응답,거절,False,,,,응답 대기 종료
MT04822,2026-07-12,M822,M224,MG13,False,False,True,True,False,True,True,0.75,0.65,74,수락,미응답,False,,,,응답 대기 종료
MT04823,2026-07-20,M823,M824,MG07,False,False,False,True,False,False,True,0.5,0.54,71,수락,거절,False,,,,추천 종료
MT04824,2026-07-02,M824,M809,MG08,True,True,True,False,False,False,True,0.25,0.41,63,거절,거절,False,,,,추천 종료
MT04825,2026-07-11,M825,M502,MG06,False,False,False,True,True,False,True,0.25,0.43,72,미응답,미응답,False,,,,응답 대기 종료
MT04826,2026-07-18,M826,M319,MG09,True,True,True,False,False,True,True,0.5,0.62,71,수락,수락,True,2026-08-01,제주,True,애프터 성사
MT04827,2026-07-29,M827,M797,MG03,False,False,True,True,False,False,True,0.5,0.58,66,수락,미응답,False,,,,응답 대기 종료
MT04828,2026-07-05,M828,M981,MG04,True,False,False,True,False,False,False,0.25,0.75,59,거절,거절,False,,,,추천 종료
MT04829,2026-07-07,M829,M600,MG09,False,False,True,False,False,True,True,0.5,0.55,62,미응답,수락,False,,,,응답 대기 종료
MT04830,2026-07-29,M830,M534,MG13,False,False,True,True,True,False,False,0.5,0.43,66,수락,미응답,False,,,,응답 대기 종료
MT04831,2026-07-29,M831,M792,MG02,True,True,True,False,False,False,True,0.5,0.48,67,수락,미응답,False,,,,응답 대기 종료
MT04832,2026-07-14,M832,M947,MG18,False,False,True,False,False,True,True,0.25,0.51,56,거절,미응답,False,,,,응답 대기 종료
MT04833,2026-07-27,M833,M846,MG19,False,False,False,True,False,True,True,0.25,0.32,64,거절,거절,False,,,,추천 종료
MT04834,2026-07-07,M834,M483,MG04,False,True,False,True,False,True,False,0.25,0.89,72,수락,거절,False,,,,추천 종료
MT04835,2026-07-12,M835,M174,MG02,False,False,False,True,False,True,True,0.75,0.6,71,거절,거절,False,,,,추천 종료
MT04836,2026-07-11,M836,M674,MG03,False,False,True,True,False,True,True,0.25,0.6,73,거절,미응답,False,,,,응답 대기 종료
MT04837,2026-07-12,M837,M440,MG11,True,True,True,True,False,False,False,0.25,0.56,63,거절,거절,False,,,,추천 종료
MT04838,2026-07-22,M838,M267,MG15,True,True,False,True,True,False,True,0.25,0.76,73,수락,미응답,False,,,,응답 대기 종료
MT04839,2026-07-09,M839,M574,MG17,True,True,True,True,False,True,True,0.25,0.55,70,거절,거절,False,,,,추천 종료
MT04840,2026-07-10,M840,M908,MG14,False,False,True,True,False,False,True,0.5,1,74,미응답,미응답,False,,,,응답 대기 종료
MT04841,2026-07-28,M841,M094,MG16,False,False,True,True,False,False,True,0.25,0.54,70,수락,수락,True,2026-08-07,서울,False,첫 만남 완료
MT04842,2026-07-02,M842,M940,MG15,False,False,True,False,False,False,True,0.25,0.79,48,미응답,거절,False,,,,응답 대기 종료
MT04843,2026-07-06,M843,M153,MG10,False,False,False,True,False,True,True,0.5,0.6,70,거절,미응답,False,,,,응답 대기 종료
MT04844,2026-07-23,M844,M688,MG05,False,False,True,True,False,False,True,0.25,0.62,67,거절,거절,False,,,,추천 종료
MT04845,2026-07-12,M845,M513,MG16,True,True,True,True,False,False,False,0,0.73,72,거절,거절,False,,,,추천 종료
MT04846,2026-07-06,M846,M867,MG07,False,True,True,False,True,True,False,0.25,0.79,74,수락,미응답,False,,,,응답 대기 종료
MT04847,2026-07-10,M847,M171,MG14,False,True,True,True,False,False,True,0.5,1,77,거절,수락,False,,,,추천 종료
MT04848,2026-07-21,M848,M134,MG09,False,False,False,True,True,True,False,0.25,0.96,61,거절,거절,False,,,,추천 종료
MT04849,2026-07-02,M849,M155,MG01,False,False,True,True,False,True,True,0.25,0.88,62,미응답,거절,False,,,,응답 대기 종료
MT04850,2026-07-15,M850,M805,MG20,False,False,True,False,False,False,True,0.25,0.58,62,수락,거절,False,,,,추천 종료
MT04851,2026-07-09,M851,M728,MG18,True,True,True,True,True,True,True,0.25,0.76,84,미응답,미응답,False,,,,응답 대기 종료
MT04852,2026-07-18,M852,M486,MG07,False,False,True,True,True,False,False,0,0.51,61,거절,미응답,False,,,,응답 대기 종료
MT04853,2026-07-02,M853,M272,MG09,False,False,True,False,False,True,True,0,0.91,59,거절,수락,False,,,,추천 종료
MT04854,2026-07-09,M854,M584,MG12,True,True,False,True,False,True,False,0,0.52,64,거절,거절,False,,,,추천 종료
MT04855,2026-07-05,M855,M748,MG03,False,False,True,True,False,False,True,0.5,0.68,73,미응답,거절,False,,,,응답 대기 종료
MT04856,2026-07-08,M856,M149,MG05,False,False,False,True,False,False,True,0.5,0.44,60,거절,수락,False,,,,추천 종료
MT04857,2026-07-04,M857,M482,MG06,False,False,False,True,False,False,True,0,0.68,56,거절,거절,False,,,,추천 종료
MT04858,2026-07-05,M858,M765,MG19,False,True,False,True,False,False,True,0.25,0.6,63,미응답,수락,False,,,,응답 대기 종료
MT04859,2026-07-07,M859,M289,MG17,False,False,True,True,False,False,True,0.75,0.43,71,미응답,미응답,False,,,,응답 대기 종료
MT04860,2026-07-13,M860,M271,MG05,True,True,True,False,False,True,True,0.75,0.79,75,수락,수락,True,2026-07-17,대전,True,애프터 성사
MT04861,2026-07-03,M861,M404,MG20,True,True,True,False,True,True,True,0.5,0.36,80,미응답,수락,False,,,,응답 대기 종료
MT04862,2026-07-25,M862,M760,MG16,False,False,True,True,False,True,True,0.25,0.49,71,수락,미응답,False,,,,응답 대기 종료
MT04863,2026-07-17,M863,M667,MG20,False,False,True,False,False,False,True,0.25,0.58,55,거절,거절,False,,,,추천 종료
MT04864,2026-07-16,M864,M695,MG06,False,True,True,True,True,True,False,0,0.68,74,거절,거절,False,,,,추천 종료
MT04865,2026-07-29,M865,M379,MG02,True,True,False,True,False,True,False,0,0.64,55,거절,수락,False,,,,추천 종료
MT04866,2026-07-05,M866,M096,MG20,True,False,True,True,False,True,True,0.25,0.54,62,미응답,거절,False,,,,응답 대기 종료
MT04867,2026-07-02,M867,M995,MG06,True,True,True,False,False,False,False,0.25,0.54,51,거절,거절,False,,,,추천 종료
MT04868,2026-07-19,M868,M925,MG02,True,True,False,True,True,True,True,0.25,0.68,81,미응답,거절,False,,,,응답 대기 종료
MT04869,2026-07-28,M869,M191,MG04,False,False,True,False,False,False,True,0.25,0.49,67,거절,수락,False,,,,추천 종료
MT04870,2026-07-02,M870,M901,MG03,False,False,True,True,False,True,True,0.25,0.54,65,거절,거절,False,,,,추천 종료
MT04871,2026-07-11,M871,M402,MG19,True,True,True,False,False,True,True,0.5,0.6,71,미응답,수락,False,,,,응답 대기 종료
MT04872,2026-07-12,M872,M840,MG15,False,False,True,False,False,True,True,0.5,0.7,78,미응답,수락,False,,,,응답 대기 종료
MT04873,2026-07-19,M873,M634,MG12,False,False,True,True,True,True,True,0.25,0.77,77,수락,거절,False,,,,추천 종료
MT04874,2026-07-18,M874,M592,MG18,False,False,True,True,False,False,False,0.25,0.6,66,수락,거절,False,,,,추천 종료
MT04875,2026-07-20,M875,M598,MG18,False,False,True,True,False,False,False,0.25,0.62,64,미응답,거절,False,,,,응답 대기 종료
MT04876,2026-07-08,M876,M681,MG08,False,False,True,False,True,True,True,0.5,0.58,69,수락,수락,True,2026-07-18,서울,False,첫 만남 완료
MT04877,2026-07-27,M877,M701,MG15,True,True,False,True,True,False,True,0.5,0.86,69,거절,미응답,False,,,,응답 대기 종료
MT04878,2026-07-14,M878,M451,MG01,False,True,True,True,True,False,True,0.25,0.47,78,거절,수락,False,,,,추천 종료
MT04879,2026-07-10,M879,M559,MG09,False,False,True,True,False,True,True,0,0.36,70,수락,수락,True,2026-07-15,서울,True,애프터 성사
MT04880,2026-07-16,M880,M312,MG01,True,True,True,True,False,False,True,0,0.62,75,미응답,미응답,False,,,,응답 대기 종료
MT04881,2026-07-01,M881,M165,MG19,False,False,False,True,True,False,True,0.75,0.38,67,거절,수락,False,,,,추천 종료
MT04882,2026-07-19,M882,M649,MG05,False,False,False,True,False,False,False,0.25,0.68,51,거절,거절,False,,,,추천 종료
MT04883,2026-07-03,M883,M022,MG07,True,True,False,True,False,True,False,0,0.53,57,미응답,수락,False,,,,응답 대기 종료
MT04884,2026-07-16,M884,M580,MG06,False,True,True,False,False,False,True,0.5,0.67,69,미응답,수락,False,,,,응답 대기 종료
MT04885,2026-07-08,M885,M568,MG01,False,False,True,True,False,True,True,0.5,0.57,73,거절,수락,False,,,,추천 종료
MT04886,2026-07-30,M886,M864,MG16,True,True,True,False,False,False,False,0.25,0.47,67,수락,미응답,False,,,,응답 대기 종료
MT04887,2026-07-15,M887,M666,MG10,True,True,True,False,False,True,False,0.25,0.55,64,수락,거절,False,,,,추천 종료
MT04888,2026-07-17,M888,M306,MG04,True,True,True,False,False,False,True,0.25,0.42,72,수락,수락,True,2026-07-31,광주,True,애프터 성사
MT04889,2026-07-17,M889,M745,MG19,False,False,True,False,False,True,True,0.5,0.53,72,수락,수락,False,,,,추천 종료
MT04890,2026-07-17,M890,M315,MG05,True,True,True,False,False,True,True,0.5,0.59,74,수락,수락,True,2026-07-29,전북,True,애프터 성사
MT04891,2026-07-16,M891,M191,MG04,True,True,True,False,False,False,True,0.75,0.6,64,미응답,거절,False,,,,응답 대기 종료
MT04892,2026-07-26,M892,M658,MG03,True,False,True,False,True,True,True,0.25,0.67,76,거절,수락,False,,,,추천 종료
MT04893,2026-07-13,M893,M686,MG11,True,True,True,False,False,True,False,0,0.63,70,미응답,거절,False,,,,응답 대기 종료
MT04894,2026-07-26,M894,M664,MG04,True,True,True,True,False,True,True,0.25,0.18,73,수락,미응답,False,,,,응답 대기 종료
MT04895,2026-07-09,M895,M505,MG13,False,False,False,True,True,True,True,0.25,0.88,76,수락,거절,False,,,,추천 종료
MT04896,2026-07-08,M896,M755,MG04,True,True,True,True,False,True,True,0.25,0.68,74,거절,수락,False,,,,추천 종료
MT04897,2026-07-18,M897,M471,MG07,False,False,True,True,False,True,True,0.25,0.51,63,거절,미응답,False,,,,응답 대기 종료
MT04898,2026-07-04,M898,M078,MG12,True,True,True,True,False,True,True,0.75,0.41,76,수락,수락,True,2026-07-16,서울,True,애프터 성사
MT04899,2026-07-16,M899,M411,MG16,True,True,True,True,False,True,True,0.5,0.47,78,미응답,수락,False,,,,응답 대기 종료
MT04900,2026-07-03,M900,M643,MG09,True,False,True,False,True,False,True,0.25,0.57,70,미응답,거절,False,,,,응답 대기 종료
MT04901,2026-07-16,M901,M818,MG02,True,False,True,False,False,False,True,0,0.46,58,거절,미응답,False,,,,응답 대기 종료
MT04902,2026-07-26,M902,M367,MG09,True,True,True,True,True,True,False,0.75,0.8,87,미응답,미응답,False,,,,응답 대기 종료
MT04903,2026-07-07,M903,M445,MG04,False,False,True,True,False,False,True,0.5,0.55,63,거절,수락,False,,,,추천 종료
MT04904,2026-07-23,M904,M284,MG04,True,False,True,True,False,True,False,0.25,0.77,70,거절,미응답,False,,,,응답 대기 종료
MT04905,2026-07-01,M905,M093,MG02,True,False,True,False,False,False,True,0.25,0.7,69,미응답,수락,False,,,,응답 대기 종료
MT04906,2026-07-05,M906,M199,MG17,True,True,True,True,False,False,False,0,0.5,58,미응답,거절,False,,,,응답 대기 종료
MT04907,2026-07-12,M907,M677,MG05,True,True,True,False,True,True,True,0.5,0.52,78,거절,수락,False,,,,추천 종료
MT04908,2026-07-04,M908,M761,MG18,True,True,True,True,False,False,True,0.5,0.58,72,미응답,수락,False,,,,응답 대기 종료
MT04909,2026-07-29,M909,M128,MG18,False,True,True,False,False,True,True,0.25,0.2,70,미응답,미응답,False,,,,응답 대기 종료
MT04910,2026-07-18,M910,M954,MG13,True,True,True,False,False,True,True,0.75,0.38,69,미응답,미응답,False,,,,응답 대기 종료
MT04911,2026-07-16,M911,M772,MG14,True,True,True,True,False,True,True,0.75,0.64,89,거절,거절,False,,,,추천 종료
MT04912,2026-07-16,M912,M105,MG04,True,True,True,False,False,True,True,0.25,0.61,59,거절,거절,False,,,,추천 종료
MT04913,2026-07-15,M913,M208,MG03,True,True,True,True,True,True,True,0.5,0.68,83,미응답,거절,False,,,,응답 대기 종료
MT04914,2026-07-04,M914,M842,MG01,True,True,False,True,False,True,True,0.25,0.65,68,미응답,거절,False,,,,응답 대기 종료
MT04915,2026-07-09,M915,M139,MG03,False,False,True,True,False,True,True,0,0.47,65,미응답,거절,False,,,,응답 대기 종료
MT04916,2026-07-17,M916,M223,MG20,False,False,True,True,False,True,True,0.5,0.37,69,미응답,수락,False,,,,응답 대기 종료
MT04917,2026-07-12,M917,M834,MG07,False,True,True,False,False,False,True,0.5,0.64,63,거절,거절,False,,,,추천 종료
MT04918,2026-07-10,M918,M037,MG04,True,True,True,True,False,True,False,0.5,0.7,79,미응답,미응답,False,,,,응답 대기 종료
MT04919,2026-07-13,M919,M616,MG03,True,True,True,True,True,False,True,0.5,0.75,85,미응답,거절,False,,,,응답 대기 종료
MT04920,2026-07-11,M920,M711,MG19,False,False,False,True,False,False,True,0.75,0.78,69,수락,미응답,False,,,,응답 대기 종료
MT04921,2026-07-11,M921,M057,MG02,False,False,True,True,False,False,True,0.75,0.51,69,미응답,거절,False,,,,응답 대기 종료
MT04922,2026-07-07,M922,M060,MG02,False,False,True,True,False,True,True,0.25,0.42,71,미응답,거절,False,,,,응답 대기 종료
MT04923,2026-07-30,M923,M310,MG02,False,False,False,True,False,True,True,0.25,0.58,65,거절,수락,False,,,,추천 종료
MT04924,2026-07-24,M924,M383,MG02,True,True,False,False,True,True,False,0.5,0.48,67,거절,거절,False,,,,추천 종료
MT04925,2026-07-27,M925,M009,MG08,True,True,True,True,True,True,True,0.5,0.51,83,수락,수락,False,,,,추천 종료
MT04926,2026-07-27,M926,M911,MG07,False,False,True,True,False,False,True,0.75,0.32,72,거절,미응답,False,,,,응답 대기 종료
MT04927,2026-07-17,M927,M294,MG05,False,True,True,True,False,True,False,0.25,0.85,75,수락,수락,True,2026-07-21,대구,True,애프터 성사
MT04928,2026-07-24,M928,M983,MG10,True,True,True,True,False,False,True,0.5,0.95,78,수락,미응답,False,,,,응답 대기 종료
MT04929,2026-07-16,M929,M237,MG05,True,True,True,True,False,False,True,0.5,0.34,74,거절,미응답,False,,,,응답 대기 종료
MT04930,2026-07-01,M930,M613,MG16,False,False,True,False,True,False,True,0.25,0.83,63,거절,수락,False,,,,추천 종료
MT04931,2026-07-28,M931,M327,MG12,False,False,True,True,False,False,True,0.5,0.67,75,수락,거절,False,,,,추천 종료
MT04932,2026-07-25,M932,M979,MG08,True,True,True,True,False,False,True,0.75,0.73,73,수락,거절,False,,,,추천 종료
MT04933,2026-07-22,M933,M460,MG06,True,True,True,False,False,False,False,0.5,0.85,68,미응답,미응답,False,,,,응답 대기 종료
MT04934,2026-07-04,M934,M830,MG01,True,True,True,True,True,False,False,0.5,0.69,77,수락,미응답,False,,,,응답 대기 종료
MT04935,2026-07-01,M935,M152,MG05,False,False,True,True,True,False,True,0.5,0.65,80,수락,거절,False,,,,추천 종료
MT04936,2026-07-19,M936,M371,MG08,False,False,True,False,False,True,True,0.5,0.56,73,거절,거절,False,,,,추천 종료
MT04937,2026-07-30,M937,M231,MG19,True,True,False,True,True,False,True,0,0.53,66,거절,거절,False,,,,추천 종료
MT04938,2026-07-18,M938,M997,MG01,False,False,False,True,False,True,True,0.5,0.65,63,거절,거절,False,,,,추천 종료
MT04939,2026-07-09,M939,M404,MG18,True,True,True,False,False,True,True,0.25,0.58,75,수락,거절,False,,,,추천 종료
MT04940,2026-07-17,M940,M999,MG19,True,True,False,True,False,False,True,0.25,0.63,56,수락,거절,False,,,,추천 종료
MT04941,2026-07-03,M941,M100,MG16,False,True,True,True,False,True,True,0,1,73,미응답,거절,False,,,,응답 대기 종료
MT04942,2026-07-22,M942,M544,MG17,True,True,True,False,True,False,True,0.5,0.52,77,미응답,거절,False,,,,응답 대기 종료
MT04943,2026-07-28,M943,M132,MG07,False,False,True,True,False,False,True,0.25,0.87,70,거절,수락,False,,,,추천 종료
MT04944,2026-07-18,M944,M498,MG05,True,True,True,True,True,False,True,0.25,0.82,75,수락,미응답,False,,,,응답 대기 종료
MT04945,2026-07-04,M945,M509,MG13,True,True,False,True,True,False,False,0.25,0.65,64,미응답,거절,False,,,,응답 대기 종료
MT04946,2026-07-26,M946,M824,MG07,False,False,False,True,False,True,True,0.5,0.65,72,수락,거절,False,,,,추천 종료
MT04947,2026-07-17,M947,M994,MG18,True,True,True,False,True,False,True,0.5,0.61,73,미응답,수락,False,,,,응답 대기 종료
MT04948,2026-07-26,M948,M377,MG07,False,True,True,True,False,True,True,0.5,0.78,77,거절,거절,False,,,,추천 종료
MT04949,2026-07-28,M949,M769,MG10,False,False,False,True,False,False,True,0.5,0.52,64,수락,거절,False,,,,추천 종료
MT04950,2026-07-07,M950,M970,MG10,False,False,True,True,True,True,True,0.5,0.87,78,수락,수락,True,2026-07-11,경기,True,애프터 성사
MT04951,2026-07-14,M951,M334,MG12,True,True,True,True,False,True,True,0.5,0.73,81,수락,수락,True,2026-07-18,서울,True,애프터 성사
MT04952,2026-07-22,M952,M837,MG18,False,False,True,False,False,True,True,0.75,0.64,78,수락,수락,True,2026-08-01,경기,False,첫 만남 완료
MT04953,2026-07-14,M953,M721,MG01,True,False,True,True,False,True,True,0,0.48,68,미응답,거절,False,,,,응답 대기 종료
MT04954,2026-07-28,M954,M773,MG06,False,False,False,True,False,True,True,0.5,0.58,64,미응답,미응답,False,,,,응답 대기 종료
MT04955,2026-07-15,M955,M310,MG13,True,False,True,True,False,True,False,0.25,0.64,68,수락,수락,True,2026-07-28,대구,True,애프터 성사
MT04956,2026-07-02,M956,M904,MG16,True,True,True,True,False,True,True,0.25,0.63,70,거절,거절,False,,,,추천 종료
MT04957,2026-07-24,M957,M593,MG20,True,True,False,True,False,True,True,0.5,0.53,68,미응답,미응답,False,,,,응답 대기 종료
MT04958,2026-07-09,M958,M385,MG04,False,False,False,True,False,False,True,0.5,0.59,64,거절,수락,False,,,,추천 종료
MT04959,2026-07-14,M959,M642,MG16,False,False,True,True,False,False,True,0.5,0.68,70,수락,거절,False,,,,추천 종료
MT04960,2026-07-10,M960,M430,MG07,True,True,True,True,True,False,True,0.5,0.71,83,미응답,미응답,False,,,,응답 대기 종료
MT04961,2026-07-02,M961,M170,MG18,True,True,True,True,True,True,True,0.25,0.57,85,수락,거절,False,,,,추천 종료
MT04962,2026-07-04,M962,M647,MG04,False,True,True,True,False,True,False,0.75,0.58,72,수락,미응답,False,,,,응답 대기 종료
MT04963,2026-07-05,M963,M771,MG09,True,True,True,False,False,True,True,0.5,1,84,수락,미응답,False,,,,응답 대기 종료
MT04964,2026-07-27,M964,M551,MG20,False,True,True,True,False,False,True,0,0.54,67,수락,수락,True,2026-08-01,서울,True,애프터 성사
MT04965,2026-07-25,M965,M606,MG18,True,False,True,True,False,False,True,0.75,0.87,81,수락,수락,True,2026-07-27,서울,True,애프터 성사
MT04966,2026-07-16,M966,M071,MG11,False,False,False,True,True,True,False,0.25,0.76,67,미응답,미응답,False,,,,응답 대기 종료
MT04967,2026-07-10,M967,M426,MG10,True,True,True,True,True,True,False,0.5,0.59,81,수락,수락,True,2026-07-23,전북,False,첫 만남 완료
MT04968,2026-07-04,M968,M849,MG10,True,True,True,True,False,True,True,0.5,0.51,77,수락,거절,False,,,,추천 종료
MT04969,2026-07-09,M969,M226,MG03,True,False,True,True,False,True,True,0.5,0.75,79,거절,미응답,False,,,,응답 대기 종료
MT04970,2026-07-26,M970,M072,MG20,True,True,True,True,False,True,False,0.25,0.83,73,수락,수락,True,2026-08-09,경기,True,애프터 성사
MT04971,2026-07-29,M971,M612,MG08,True,True,True,True,False,False,True,0.25,0.57,72,미응답,미응답,False,,,,응답 대기 종료
MT04972,2026-07-04,M972,M047,MG06,True,True,True,True,False,False,True,0.25,0.98,76,거절,미응답,False,,,,응답 대기 종료
MT04973,2026-07-18,M973,M726,MG04,True,True,False,True,True,False,False,0.25,0.33,64,미응답,수락,False,,,,응답 대기 종료
MT04974,2026-07-07,M974,M184,MG16,True,False,True,True,True,True,True,0.25,0.65,78,수락,미응답,False,,,,응답 대기 종료
MT04975,2026-07-28,M975,M054,MG02,False,False,True,True,False,False,True,0.5,0.46,66,거절,수락,False,,,,추천 종료
MT04976,2026-07-22,M976,M952,MG14,False,False,False,True,True,True,True,0.75,0.54,79,미응답,수락,False,,,,응답 대기 종료
MT04977,2026-07-19,M977,M133,MG12,True,True,False,True,True,True,True,0.5,0.5,78,미응답,미응답,False,,,,응답 대기 종료
MT04978,2026-07-03,M978,M230,MG15,True,True,True,True,False,True,True,0.75,0.92,91,수락,미응답,False,,,,응답 대기 종료
MT04979,2026-07-09,M979,M767,MG07,False,False,True,True,True,False,True,0.5,0.81,82,수락,미응답,False,,,,응답 대기 종료
MT04980,2026-07-07,M980,M169,MG09,True,True,True,False,False,True,True,0.5,0.71,75,수락,거절,False,,,,추천 종료
MT04981,2026-07-05,M981,M258,MG06,False,False,True,False,True,False,False,0.25,0.65,58,거절,거절,False,,,,추천 종료
MT04982,2026-07-18,M982,M019,MG06,False,False,True,True,False,False,True,0.5,0.66,72,미응답,수락,False,,,,응답 대기 종료
MT04983,2026-07-11,M983,M376,MG13,False,True,False,True,True,False,True,0.25,0.6,61,거절,미응답,False,,,,응답 대기 종료
MT04984,2026-07-17,M984,M246,MG01,True,True,True,False,False,True,True,0.25,0.66,66,수락,거절,False,,,,추천 종료
MT04985,2026-07-05,M985,M830,MG17,True,True,True,True,True,False,True,0.5,0.65,86,수락,수락,True,2026-07-17,서울,True,애프터 성사
MT04986,2026-07-03,M986,M662,MG02,True,False,True,True,True,False,True,0.25,0.83,78,미응답,거절,False,,,,응답 대기 종료
MT04987,2026-07-08,M987,M576,MG06,True,True,False,True,False,False,True,0.75,0.49,69,거절,거절,False,,,,추천 종료
MT04988,2026-07-27,M988,M337,MG11,False,False,False,True,True,True,True,0.5,1,81,수락,미응답,False,,,,응답 대기 종료
MT04989,2026-07-05,M989,M172,MG13,False,True,True,True,False,True,True,0.75,0.96,86,수락,미응답,False,,,,응답 대기 종료
MT04990,2026-07-19,M990,M351,MG08,True,True,True,True,True,False,False,0.5,0.8,80,미응답,미응답,False,,,,응답 대기 종료
MT04991,2026-07-11,M991,M817,MG06,True,True,False,True,False,True,False,0.25,0.73,72,수락,수락,True,2026-07-23,서울,False,첫 만남 완료
MT04992,2026-07-08,M992,M247,MG13,True,True,True,True,True,True,True,0.25,0.55,85,미응답,미응답,False,,,,응답 대기 종료
MT04993,2026-07-04,M993,M016,MG03,True,True,False,True,True,False,True,0.75,0.35,74,수락,수락,True,2026-07-11,서울,False,첫 만남 완료
MT04994,2026-07-28,M994,M569,MG03,True,True,False,True,False,False,True,0.5,0.66,67,거절,미응답,False,,,,응답 대기 종료
MT04995,2026-07-21,M995,M199,MG20,True,True,False,True,True,False,True,0.5,0.58,72,수락,수락,True,2026-07-31,서울,False,첫 만남 완료
MT04996,2026-07-03,M996,M373,MG03,True,True,True,False,True,False,True,0.25,0.59,74,거절,거절,False,,,,추천 종료
MT04997,2026-07-09,M997,M522,MG06,False,False,True,False,False,False,True,0.5,0.58,59,거절,미응답,False,,,,응답 대기 종료
MT04998,2026-07-12,M998,M898,MG05,True,True,False,True,False,False,True,0.75,0.51,71,수락,수락,True,2026-07-16,서울,False,첫 만남 완료
MT04999,2026-07-11,M999,M138,MG16,False,False,True,False,False,True,True,0.75,0.56,70,거절,미응답,False,,,,응답 대기 종료
MT05000,2026-07-29,M1000,M604,MG05,True,True,True,True,False,False,False,0.5,0.82,72,거절,수락,False,,,,추천 종료
