member_id,name,gender,age,height_cm,weight_kg,residence_region,residence_district,education_level,university_group,occupation_type,company_name,annual_income_10k_krw,total_asset_10k_krw,housing_type,car_ownership,net_debt_10k_krw,marital_status,children_count,father_occupation,mother_occupation,parents_asset_tier,parents_status,parents_pension,family_region,sibling_composition,mbti,religion,drinking_frequency,smoking_status,primary_hobby,child_plan,financial_style,weekend_style,pet_preference,weight_appearance,weight_income,weight_personality,weight_family,weight_lifestyle,membership_tier,signup_datetime,signup_channel,manager_id,profile_completion_rate,profile_status,is_active,recommendation_response_rate_prior,consultation_count_prior,last_active_date,login_week1,login_week2,login_week3,login_week4,profile_views_30d,app_opens_30d,stay_time_30d_min,messages_sent_30d,meeting_scheduled
M001,김철수,남성,38,180,85,서울,영등포구,학사,기타,대기업,다온솔루션,8000,12900,전세,False,8200,미혼,0,은퇴,교직,중,이혼,True,충남,1남1녀,ESTP,기독교,월 2~4회,비흡연,반려동물,상의 후 결정,각자관리,집에서 휴식,알레르기 있음,3,3,4,4,5,프리미엄,2025-02-07 20:53:00,검색광고,MG16,65,작성 중,True,0.46,1,2026-06-23,2,3,2,1,45,21,137.6,7,False
M002,이영희,여성,34,167,55,경기,안양시,석사,지방거점,금융,새롬금융,6500,8700,가족동거,False,100,미혼,0,기타,교직,중,함께 거주,True,서울,자매 2명,ESTP,불교,주 1~2회,흡연,음악,원함,각자관리,문화생활,어려움,2,5,5,3,4,프리미엄,2024-05-25 20:19:00,SNS,MG11,84,작성 중,False,0.18,0,2026-05-01,1,0,1,0,8,3,35.7,0,False
M003,박민수,남성,36,167,56,인천,부평구,학사,지방거점,전문직,한빛테크,8000,9400,전세,True,5200,미혼,0,농어업,기타,상,함께 거주,False,서울,형제 2명,INTP,무교,월 2~4회,비흡연,등산,원함,각자관리,가족시간,어려움,1,4,5,2,4,베이직,2025-11-25 18:33:00,제휴,MG19,82,작성 중,True,0.66,4,2026-06-26,1,2,4,3,56,30,163.9,6,True
M004,최하늘,여성,31,172,61,부산,수영구,학사,수도권,교직,가온교육,7200,6200,가족동거,True,5900,미혼,0,기타,가사,중,모친 사별,True,경기,외동,ISFP,무교,안 함,비흡연,전시,원함,각자관리,가족시간,상관없음,5,1,3,2,4,베이직,2024-06-22 09:44:00,제휴,MG16,55,미완료,False,0.44,2,2026-05-22,1,0,0,1,5,4,37.8,2,False
M005,서하준,남성,40,180,77,서울,송파구,학사,기타,IT,미래공사,8200,17800,월세,True,2900,미혼,0,회사원,전문직,중,모친 사별,True,부산,형제 2명,INFJ,무교,주 3회 이상,비흡연,골프,원하지 않음,각자관리,가족시간,상관없음,3,1,5,2,5,베이직,2024-08-26 10:25:00,검색광고,MG13,92,완료,True,0.46,5,2026-06-27,1,2,3,2,47,22,121.4,7,False
M006,오준서,남성,49,161,59,경기,용인시,석사,수도권,금융,온누리메디컬,11200,34700,전세,True,800,재혼,0,은퇴,전문직,중,함께 거주,True,인천,3남매 이상,ESTJ,기독교,월 1회 이하,비흡연,골프,원하지 않음,상의 후 결정,문화생활,알레르기 있음,2,3,3,2,3,VIP,2025-05-20 16:37:00,오프라인행사,MG17,72,작성 중,False,0.25,0,2026-05-07,1,0,1,1,12,4,48.4,0,True
M007,김은서,여성,32,161,61,전북,익산시,학사,수도권,중소기업,나래컨설팅,5900,800,가족동거,True,4600,미혼,0,기타,자영업,중하,함께 거주,True,제주,1남1녀,ISFP,무교,월 2~4회,비흡연,전시,원함,공동관리,친구모임,어려움,3,2,3,1,4,베이직,2024-01-29 17:16:00,검색광고,MG15,80,작성 중,True,0.98,3,2026-06-20,1,1,2,2,36,17,96.3,6,True
M008,장민준,남성,25,173,62,울산,중구,학사,SKY,중소기업,해봄스튜디오,3600,1300,가족동거,True,0,미혼,0,전문직,은퇴,중,함께 거주,True,서울,형제 2명,ENTP,기독교,안 함,흡연,음악,원함,각자관리,문화생활,알레르기 있음,3,3,4,3,4,프리미엄,2025-07-29 09:12:00,지인추천,MG05,89,완료,True,0.36,2,2026-06-24,1,1,3,1,39,16,100.6,1,False
M009,임지아,여성,37,158,52,경기,수원시,학사,SKY,자영업,나래컨설팅,7700,18400,자가,False,7000,재혼,0,공무원,교직,중상,별거,True,서울,자매 2명,ENFP,무교,안 함,흡연,전시,원함,일부공동,집에서 휴식,상관없음,5,3,5,1,3,프리미엄,2024-07-06 12:42:00,SNS,MG14,100,완료,True,0.56,6,2026-06-27,2,2,1,6,65,34,201.2,7,True
M010,조하윤,여성,48,164,70,서울,노원구,전문학사,기타,공무원,미래공사,5100,10300,전세,True,0,미혼,0,농어업,기타,중상,함께 거주,True,대구,형제 2명,ESFJ,무교,안 함,비흡연,영화,원함,공동관리,야외활동,알레르기 있음,1,3,3,2,4,프리미엄,2024-02-21 11:34:00,검색광고,MG07,88,완료,True,0.51,3,2026-06-24,5,1,4,3,71,34,176.5,14,True
M011,조민준,남성,26,176,70,서울,송파구,학사,지방거점,연구직,나래컨설팅,6900,4600,전세,False,0,미혼,0,기타,자영업,중하,함께 거주,True,경남,자매 2명,ESTJ,무교,월 2~4회,흡연,골프,원함,일부공동,문화생활,상관없음,3,4,5,1,3,프리미엄,2026-04-07 16:54:00,검색광고,MG10,83,작성 중,False,0.02,0,2026-04-28,0,1,1,1,8,3,38.5,0,False
M012,임은서,여성,42,166,62,서울,영등포구,학사,기타,IT,온누리메디컬,8300,18600,자가,True,1000,미혼,0,회사원,전문직,중하,함께 거주,True,경기,1남1녀,ISTJ,무교,월 1회 이하,비흡연,반려동물,원함,공동관리,친구모임,좋아함,2,4,3,1,3,베이직,2024-07-22 19:49:00,오프라인행사,MG20,76,작성 중,False,0.4,0,2026-05-09,0,1,0,1,1,2,32.8,0,True
M013,조하준,남성,40,171,74,경기,안양시,석사,인서울,공무원,푸른연구원,6600,9900,자가,False,6300,미혼,0,기타,회사원,중하,함께 거주,True,대구,3남매 이상,ESFJ,기독교,안 함,금연 중,게임,원함,각자관리,문화생활,어려움,1,4,3,1,3,프리미엄,2024-07-25 12:02:00,지인추천,MG17,71,작성 중,True,0.59,2,2026-06-26,2,0,2,1,32,15,84.6,7,False
M014,권지훈,남성,40,172,83,강원,원주시,석사,SKY,중소기업,해봄스튜디오,6500,6700,가족동거,True,2400,재혼,0,기타,자영업,중,함께 거주,True,광주,자매 2명,ENTJ,기타,월 1회 이하,비흡연,골프,상의 후 결정,상의 후 결정,야외활동,좋아함,3,5,3,1,5,베이직,2024-06-09 17:10:00,검색광고,MG12,95,완료,True,0.51,2,2026-06-24,4,3,2,2,88,36,208.6,11,True
M015,김유진,여성,28,161,58,경남,창원시,학사,인서울,중견기업,푸른연구원,5500,3300,전세,False,6600,미혼,0,기타,교직,중,모두 사별,True,강원,1남1녀,ENFJ,무교,월 2~4회,비흡연,영화,원함,각자관리,집에서 휴식,좋아함,1,3,5,2,3,베이직,2026-02-28 13:52:00,제휴,MG10,66,작성 중,True,0.6,3,2026-06-21,3,2,0,5,64,27,180.2,15,True
M016,류민준,남성,31,175,62,서울,강남구,전문학사,SKY,IT,이음파트너스,5200,5300,전세,True,5100,미혼,0,공무원,가사,중,함께 거주,False,서울,1남1녀,INTJ,천주교,월 2~4회,비흡연,골프,상의 후 결정,각자관리,문화생활,알레르기 있음,3,1,4,2,5,프리미엄,2026-03-23 13:53:00,제휴,MG03,87,완료,False,0.35,0,2026-05-29,1,0,0,0,4,2,9.3,0,False
M017,신예은,여성,33,164,57,부산,해운대구,전문학사,해외대,연구직,새롬금융,4900,7900,월세,True,1300,재혼,1,회사원,기타,중,함께 거주,False,인천,외동,ISFJ,무교,안 함,비흡연,게임,원하지 않음,상의 후 결정,집에서 휴식,어려움,3,2,5,3,5,베이직,2025-10-21 19:52:00,오프라인행사,MG14,84,작성 중,True,0.42,0,2026-06-17,3,2,1,3,59,26,149.5,9,True
M018,안민재,남성,42,177,75,경기,고양시,석사,SKY,중견기업,가온교육,9700,21500,전세,True,2300,미혼,0,자영업,교직,중하,부친 사별,True,경남,자매 2명,INFP,천주교,월 2~4회,비흡연,여행,상의 후 결정,상의 후 결정,친구모임,알레르기 있음,2,4,3,2,5,프리미엄,2024-11-29 16:22:00,지인추천,MG18,78,작성 중,True,0.41,2,2026-06-29,3,2,4,2,65,30,180,11,False
M019,류지우,여성,30,158,53,인천,연수구,석사,수도권,공기업,한빛테크,8100,13400,자가,False,10400,미혼,0,공무원,공무원,중상,함께 거주,True,서울,자매 2명,INTP,무교,월 2~4회,비흡연,음악,원함,공동관리,집에서 휴식,좋아함,4,5,5,4,4,베이직,2024-06-06 18:04:00,SNS,MG06,94,완료,True,0.36,3,2026-06-29,4,4,3,2,85,37,190.6,6,True
M020,한지호,남성,40,187,96,전남,여수시,고졸,기타,IT,다온솔루션,8400,18000,월세,True,6200,미혼,0,공무원,전문직,중하,함께 거주,True,강원,자매 2명,ESTJ,기독교,안 함,비흡연,영화,원함,공동관리,친구모임,상관없음,3,2,5,2,4,베이직,2025-12-02 20:34:00,지인추천,MG15,89,완료,False,0.54,2,2026-05-25,2,0,0,0,6,3,25.6,2,True
M021,김도현,남성,38,180,69,경기,용인시,학사,지방거점,대기업,해봄스튜디오,8900,14300,가족동거,True,7100,미혼,0,공무원,교직,중,함께 거주,True,부산,자매 2명,ISFJ,무교,월 2~4회,비흡연,전시,원함,일부공동,야외활동,상관없음,5,3,4,3,4,프리미엄,2026-01-26 17:18:00,오프라인행사,MG20,82,작성 중,True,0.5,4,2026-06-16,4,2,3,3,73,35,201.6,12,True
M022,이지우,여성,26,158,58,경기,수원시,석사,해외대,공기업,해봄스튜디오,4800,4000,전세,True,5800,미혼,0,기타,자영업,중하,함께 거주,True,강원,자매 2명,INTP,불교,안 함,금연 중,영화,원함,공동관리,문화생활,좋아함,4,3,5,4,4,프리미엄,2025-11-28 15:16:00,지인추천,MG15,84,작성 중,True,0.59,3,2026-06-19,1,2,1,3,57,26,162.8,7,False
M023,류하준,남성,30,171,63,울산,중구,학사,해외대,IT,나래컨설팅,5600,4300,자가,True,7400,미혼,0,은퇴,공무원,중,함께 거주,False,울산,1남1녀,ENTJ,불교,월 2~4회,흡연,등산,원함,상의 후 결정,가족시간,어려움,1,3,3,4,3,베이직,2024-10-15 14:07:00,SNS,MG10,77,작성 중,True,0.47,2,2026-06-20,3,3,3,1,60,30,172,14,False
M024,오다은,여성,35,165,60,경기,성남시,학사,기타,공기업,푸른연구원,6300,9100,전세,True,0,미혼,0,전문직,회사원,중하,함께 거주,True,강원,1남1녀,ESTJ,무교,안 함,금연 중,영화,상의 후 결정,공동관리,집에서 휴식,상관없음,1,4,5,5,4,베이직,2024-12-25 19:48:00,지인추천,MG03,84,작성 중,False,0.37,0,2026-05-25,0,0,0,0,0,0,0,0,False
M025,안지훈,남성,39,177,68,강원,춘천시,석사,기타,연구직,온누리메디컬,6800,15200,자가,True,7600,미혼,0,은퇴,공무원,하,함께 거주,True,경기,외동,INFJ,무교,월 2~4회,금연 중,전시,상의 후 결정,일부공동,친구모임,알레르기 있음,1,3,5,3,4,프리미엄,2025-03-31 14:50:00,SNS,MG02,84,작성 중,True,0.4,0,2026-06-26,3,4,4,6,94,45,277.5,22,False
M026,박수아,여성,35,161,73,서울,성동구,석사,인서울,전문직,다온솔루션,12600,17600,전세,False,3200,미혼,0,자영업,자영업,상,함께 거주,True,전북,1남1녀,ESTP,무교,주 1~2회,비흡연,요리,상의 후 결정,각자관리,가족시간,알레르기 있음,5,4,3,3,5,베이직,2024-07-18 16:51:00,검색광고,MG14,74,작성 중,True,0.43,1,2026-06-27,3,2,1,2,52,18,129.9,2,True
M027,홍지아,여성,47,157,55,서울,강남구,전문학사,수도권,중소기업,가온교육,2600,3200,자가,True,5100,미혼,0,은퇴,전문직,하,함께 거주,False,서울,형제 2명,INFJ,무교,월 1회 이하,흡연,등산,원함,각자관리,문화생활,어려움,2,4,5,1,4,베이직,2025-12-08 20:35:00,오프라인행사,MG10,100,완료,True,0.4,4,2026-06-26,2,3,0,2,62,26,117.6,7,False
M028,오수아,여성,37,153,53,서울,마포구,학사,수도권,중견기업,미래공사,8100,18400,월세,True,7200,미혼,0,공무원,공무원,중하,함께 거주,False,서울,3남매 이상,ENFJ,무교,주 3회 이상,흡연,요리,상의 후 결정,일부공동,가족시간,상관없음,2,2,5,2,4,베이직,2024-03-14 11:29:00,지인추천,MG20,67,작성 중,True,0.6,1,2026-06-25,3,0,2,1,39,16,97.1,6,True
M029,신정우,남성,31,174,60,대전,서구,고졸,수도권,IT,한빛테크,7700,10500,월세,False,4400,미혼,0,공무원,자영업,중,함께 거주,True,부산,자매 2명,ENTJ,무교,안 함,금연 중,요리,원하지 않음,상의 후 결정,가족시간,좋아함,2,2,5,1,4,베이직,2025-05-03 20:28:00,오프라인행사,MG03,86,완료,True,0.73,3,2026-06-21,4,3,4,2,82,36,203.6,23,False
M030,윤시우,남성,31,171,69,서울,송파구,고졸,기타,교직,해봄스튜디오,8800,11200,가족동거,True,5900,미혼,0,은퇴,공무원,중,함께 거주,True,충남,외동,INTP,무교,월 1회 이하,비흡연,전시,원함,일부공동,가족시간,상관없음,3,1,5,3,3,베이직,2025-07-12 19:23:00,SNS,MG16,77,작성 중,True,0.34,1,2026-06-29,1,1,1,2,40,16,68.9,10,False
M031,장민서,여성,41,156,48,경기,수원시,석사,SKY,중견기업,가온교육,8300,14000,전세,True,5600,미혼,0,농어업,기타,중상,함께 거주,True,제주,3남매 이상,ENFJ,무교,월 2~4회,비흡연,전시,상의 후 결정,공동관리,집에서 휴식,어려움,1,5,4,1,5,프리미엄,2024-03-18 19:01:00,SNS,MG12,72,작성 중,True,0.69,1,2026-06-26,2,2,1,4,48,20,146.8,21,False
M032,홍다은,여성,39,169,69,경기,용인시,고졸,지방거점,중견기업,해봄스튜디오,5200,11700,자가,False,6400,미혼,0,농어업,은퇴,중상,이혼,False,서울,외동,INTP,무교,월 2~4회,비흡연,영화,원함,일부공동,야외활동,어려움,4,5,5,4,3,베이직,2024-08-09 13:06:00,검색광고,MG11,91,완료,True,0.34,3,2026-06-30,3,2,3,6,81,39,224.4,4,True
M033,류민재,남성,37,174,69,경기,성남시,석사,해외대,대기업,이음파트너스,9500,12900,월세,True,2800,미혼,0,은퇴,자영업,중,함께 거주,True,경남,3남매 이상,ENTP,불교,주 1~2회,흡연,요리,원함,일부공동,친구모임,어려움,2,5,4,3,5,프리미엄,2025-09-01 16:39:00,지인추천,MG05,98,완료,True,0.78,4,2026-06-28,3,5,1,4,99,44,228.9,18,False
M034,오우진,남성,34,174,77,전북,익산시,학사,기타,전문직,온누리메디컬,12900,8000,가족동거,True,0,미혼,0,공무원,자영업,하,함께 거주,True,경남,1남1녀,ESFP,기독교,월 2~4회,비흡연,게임,상의 후 결정,각자관리,친구모임,어려움,5,2,5,3,4,프리미엄,2024-02-05 18:04:00,검색광고,MG05,76,작성 중,True,0.64,2,2026-06-27,4,2,1,1,40,18,123.4,12,True
M035,오지호,남성,33,175,87,부산,해운대구,학사,인서울,대기업,새롬금융,8300,16100,전세,True,5800,미혼,0,전문직,회사원,중상,부친 사별,False,서울,외동,INTP,무교,월 2~4회,비흡연,독서,원함,상의 후 결정,집에서 휴식,알레르기 있음,1,2,4,4,4,프리미엄,2025-05-25 18:08:00,SNS,MG13,100,완료,True,0.74,2,2026-06-18,1,1,2,4,51,24,145,8,False
M036,최준서,남성,29,179,74,서울,성동구,학사,인서울,중견기업,푸른연구원,6900,4300,자가,False,8300,미혼,0,농어업,회사원,중,함께 거주,False,대전,자매 2명,ENTP,무교,월 2~4회,흡연,영화,상의 후 결정,상의 후 결정,문화생활,좋아함,1,2,5,1,3,프리미엄,2025-03-04 15:27:00,SNS,MG20,63,작성 중,True,0.83,3,2026-06-23,5,1,1,2,37,18,139.6,20,True
M037,김현우,남성,43,179,66,대구,수성구,학사,인서울,공기업,다온솔루션,8400,20300,월세,False,1900,미혼,0,전문직,회사원,중,함께 거주,True,충남,3남매 이상,INTJ,무교,주 1~2회,금연 중,반려동물,상의 후 결정,일부공동,야외활동,상관없음,2,5,4,4,5,프리미엄,2024-11-19 12:29:00,SNS,MG01,74,작성 중,True,0.12,0,2026-06-18,3,1,1,2,42,18,135.2,1,False
M038,윤지민,여성,36,161,59,경기,성남시,석사,기타,전문직,해봄스튜디오,11400,18300,월세,True,3900,미혼,0,전문직,자영업,하,이혼,True,서울,1남1녀,ENFJ,무교,안 함,비흡연,영화,원함,일부공동,집에서 휴식,알레르기 있음,3,2,5,1,5,프리미엄,2025-04-07 10:48:00,SNS,MG13,62,작성 중,False,0.11,2,2026-05-30,0,0,0,0,0,0,0,0,True
M039,이예은,여성,25,170,72,인천,부평구,학사,수도권,교직,한빛테크,5600,3300,전세,True,1500,미혼,0,기타,기타,중,함께 거주,True,서울,3남매 이상,INTP,천주교,월 2~4회,흡연,영화,원함,각자관리,야외활동,알레르기 있음,4,1,3,5,5,베이직,2024-08-10 19:17:00,제휴,MG19,69,작성 중,True,0.62,2,2026-06-26,1,1,2,4,28,17,100.8,11,False
M040,권우진,남성,35,177,69,서울,성동구,석사,인서울,전문직,이음파트너스,11600,18500,자가,True,6200,미혼,0,자영업,자영업,중,모두 사별,False,서울,자매 2명,ESTJ,무교,월 2~4회,비흡연,등산,원함,상의 후 결정,가족시간,알레르기 있음,1,5,5,3,2,베이직,2024-02-21 11:38:00,제휴,MG08,63,작성 중,False,0.19,0,2026-05-02,1,1,0,1,10,3,39.5,0,False
M041,홍하준,남성,30,177,65,서울,성동구,석사,수도권,중소기업,미래공사,7800,8400,전세,False,0,미혼,0,기타,공무원,중,이혼,True,부산,3남매 이상,ESFJ,기독교,안 함,흡연,음악,원함,공동관리,가족시간,알레르기 있음,3,1,4,1,4,베이직,2025-09-04 13:24:00,검색광고,MG16,70,작성 중,True,0.02,2,2026-06-28,2,2,1,3,61,24,148.4,0,True
M042,이정우,남성,39,186,83,서울,강남구,석사,기타,IT,푸른연구원,9800,20100,자가,False,5700,미혼,0,공무원,가사,중,모두 사별,True,제주,외동,ISTJ,기독교,월 2~4회,비흡연,독서,원함,각자관리,친구모임,어려움,2,2,4,5,5,프리미엄,2026-02-10 10:22:00,SNS,MG06,87,완료,True,0.68,4,2026-06-20,3,4,3,5,82,38,288.6,24,True
M043,한민준,남성,29,184,71,전북,전주시,학사,해외대,연구직,이음파트너스,6400,7800,자가,True,5000,미혼,0,은퇴,회사원,중,부친 사별,False,서울,외동,ESFP,무교,안 함,비흡연,골프,원함,공동관리,가족시간,좋아함,4,2,4,4,5,프리미엄,2025-12-17 18:16:00,검색광고,MG11,73,작성 중,True,0.6,1,2026-06-20,3,1,1,3,50,20,108.5,7,False
M044,강윤서,여성,39,170,67,경기,화성시,학사,인서울,중견기업,미래공사,7900,19500,가족동거,False,3000,미혼,0,기타,자영업,하,함께 거주,False,인천,1남1녀,INFJ,기타,주 1~2회,비흡연,전시,상의 후 결정,상의 후 결정,가족시간,알레르기 있음,2,3,4,2,4,프리미엄,2024-10-18 12:51:00,제휴,MG12,68,작성 중,True,0.23,3,2026-06-25,3,4,2,1,49,23,135.9,0,False
M045,조준서,남성,36,166,63,경남,창원시,석사,인서울,자영업,이음파트너스,9400,10000,가족동거,False,0,미혼,0,공무원,기타,하,함께 거주,True,서울,외동,INFP,무교,월 2~4회,비흡연,여행,원함,일부공동,집에서 휴식,좋아함,5,3,5,2,3,베이직,2024-03-06 12:02:00,SNS,MG13,98,완료,True,0.65,3,2026-06-29,2,1,2,3,58,26,149.5,11,True
M046,류수아,여성,39,168,65,경기,안양시,석사,지방거점,의료,미래공사,11400,15300,자가,True,3500,미혼,0,은퇴,회사원,하,함께 거주,True,서울,자매 2명,ENTJ,불교,월 2~4회,금연 중,골프,상의 후 결정,각자관리,문화생활,어려움,3,2,4,1,4,베이직,2024-05-02 18:18:00,오프라인행사,MG20,72,작성 중,True,0.63,4,2026-06-23,2,2,1,2,47,17,123.8,9,True
M047,류수아,여성,34,168,60,경기,안양시,학사,SKY,연구직,온누리메디컬,9800,5200,가족동거,True,3700,미혼,0,은퇴,가사,중,함께 거주,True,경기,형제 2명,ENTJ,무교,안 함,흡연,운동,원함,상의 후 결정,문화생활,어려움,4,1,4,4,4,베이직,2024-02-19 19:29:00,제휴,MG05,73,작성 중,False,0.05,0,2026-05-19,3,1,1,1,29,10,87.5,0,False
M048,박도현,남성,44,177,72,경북,경주시,학사,SKY,금융,다온솔루션,10100,27900,월세,False,0,미혼,0,전문직,자영업,중,모두 사별,True,경북,자매 2명,INTP,무교,월 1회 이하,비흡연,영화,원함,일부공동,야외활동,알레르기 있음,1,5,3,1,5,베이직,2025-10-15 13:29:00,오프라인행사,MG01,74,작성 중,True,0.74,5,2026-06-27,4,2,0,4,54,23,143.4,14,True
M049,윤수아,여성,34,170,73,충남,공주시,석사,인서울,전문직,새롬금융,10100,12100,가족동거,False,0,미혼,0,회사원,은퇴,중,함께 거주,True,경기,1남1녀,INFJ,기독교,월 2~4회,비흡연,운동,원하지 않음,상의 후 결정,야외활동,어려움,4,3,4,1,4,프리미엄,2025-12-12 15:27:00,지인추천,MG20,79,작성 중,True,0.68,5,2026-06-30,3,0,2,2,38,16,65.6,18,True
M050,안도현,남성,43,176,82,서울,영등포구,석사,지방거점,금융,푸른연구원,12900,11400,월세,False,300,미혼,0,기타,은퇴,상,함께 거주,False,서울,형제 2명,INTP,무교,월 2~4회,비흡연,게임,원함,공동관리,친구모임,어려움,5,2,4,3,4,프리미엄,2025-08-31 19:27:00,SNS,MG14,96,완료,True,0.63,1,2026-06-30,4,3,4,5,101,45,274.5,34,True
M051,최서윤,여성,30,161,68,강원,원주시,석사,지방거점,공무원,푸른연구원,6600,4600,전세,True,2000,미혼,0,농어업,공무원,중,함께 거주,True,서울,외동,ENFP,기독교,월 2~4회,금연 중,요리,원함,일부공동,야외활동,어려움,4,5,5,5,4,베이직,2025-06-07 14:52:00,지인추천,MG17,73,작성 중,True,0.53,4,2026-06-26,1,2,3,3,58,22,119,8,True
M052,신채원,여성,49,168,65,인천,남동구,학사,인서울,중견기업,온누리메디컬,7500,16500,자가,True,10600,재혼,0,전문직,교직,중상,함께 거주,False,세종,3남매 이상,ESTJ,불교,월 2~4회,흡연,영화,원하지 않음,공동관리,야외활동,어려움,4,1,4,5,5,베이직,2026-02-04 20:46:00,검색광고,MG13,84,작성 중,True,0.8,2,2026-06-17,3,3,4,2,83,38,201.1,20,True
M053,김지훈,남성,43,162,66,서울,송파구,박사,기타,중견기업,가온교육,9400,13700,월세,True,100,미혼,0,기타,회사원,상,부친 사별,True,부산,외동,ESTP,무교,월 2~4회,비흡연,게임,원함,각자관리,가족시간,좋아함,5,3,5,2,5,베이직,2025-04-19 15:49:00,오프라인행사,MG18,98,완료,True,0.71,3,2026-06-30,0,4,4,2,80,38,178.4,13,False
M054,조준서,남성,43,176,69,서울,송파구,박사,수도권,연구직,새롬금융,11100,33000,전세,False,3300,미혼,0,농어업,전문직,상,함께 거주,True,경기,형제 2명,INFP,불교,주 1~2회,비흡연,등산,원함,일부공동,야외활동,상관없음,1,2,5,2,4,베이직,2024-11-21 18:30:00,지인추천,MG10,81,작성 중,True,0.95,1,2026-06-25,3,3,3,1,66,30,186.7,29,False
M055,조서연,여성,40,161,45,서울,강남구,고졸,인서울,중견기업,이음파트너스,5100,5900,전세,True,2100,미혼,0,자영업,교직,중,함께 거주,True,경남,1남1녀,INFJ,불교,주 3회 이상,비흡연,요리,원함,일부공동,집에서 휴식,어려움,3,3,4,3,3,베이직,2025-08-04 19:18:00,SNS,MG16,82,작성 중,True,0.31,0,2026-06-24,1,2,1,3,34,15,95.2,9,True
M056,임서윤,여성,27,161,65,부산,해운대구,학사,인서울,공무원,해봄스튜디오,7700,7400,자가,True,7500,미혼,0,전문직,회사원,중하,모두 사별,True,전북,3남매 이상,ESFP,기독교,주 3회 이상,비흡연,전시,원함,각자관리,가족시간,상관없음,5,4,4,2,4,베이직,2024-04-02 15:43:00,검색광고,MG06,71,작성 중,True,0.61,4,2026-06-21,2,3,2,1,43,17,147.9,15,False
M057,윤지민,여성,47,169,78,경북,포항시,고졸,기타,의료,온누리메디컬,9100,15700,월세,False,4300,미혼,0,농어업,자영업,중상,함께 거주,False,충남,자매 2명,ENTJ,무교,월 2~4회,비흡연,운동,원함,일부공동,친구모임,좋아함,2,5,5,5,4,베이직,2025-04-10 10:21:00,오프라인행사,MG04,88,완료,True,0.72,4,2026-06-16,3,5,4,3,109,49,299.7,17,True
M058,안수아,여성,36,154,48,서울,노원구,학사,인서울,금융,이음파트너스,9400,11200,월세,True,2100,미혼,0,회사원,회사원,상,함께 거주,True,충남,형제 2명,ESFJ,불교,월 2~4회,비흡연,러닝,원함,각자관리,친구모임,알레르기 있음,1,5,4,2,4,프리미엄,2025-12-05 19:15:00,오프라인행사,MG09,64,작성 중,False,0.3,0,2026-04-26,0,0,3,0,11,5,45.6,0,True
M059,정지민,여성,45,172,62,경남,김해시,석사,기타,공무원,푸른연구원,7600,9900,가족동거,True,7800,미혼,0,기타,은퇴,중,함께 거주,False,인천,외동,INTJ,무교,월 1회 이하,비흡연,게임,원함,각자관리,문화생활,어려움,1,4,4,3,4,베이직,2025-07-15 10:32:00,검색광고,MG05,100,완료,True,0.25,3,2026-06-24,3,4,2,3,93,41,269.9,6,False
M060,송정우,남성,33,172,65,인천,연수구,전문학사,수도권,프리랜서,새롬금융,4100,5500,자가,False,11400,미혼,0,자영업,은퇴,중,함께 거주,True,인천,3남매 이상,ISTJ,불교,월 1회 이하,비흡연,영화,원함,일부공동,야외활동,상관없음,3,1,3,1,3,베이직,2025-02-05 11:30:00,오프라인행사,MG03,85,완료,True,0.91,5,2026-06-22,4,5,2,2,70,34,195.6,22,True
M061,송민서,여성,31,165,62,경기,용인시,박사,기타,IT,가온교육,10400,10200,전세,True,0,미혼,0,농어업,기타,중하,함께 거주,True,인천,외동,ISTJ,무교,월 2~4회,비흡연,독서,원함,공동관리,친구모임,상관없음,4,5,5,5,3,프리미엄,2025-11-03 18:13:00,지인추천,MG19,74,작성 중,True,0.37,3,2026-06-28,1,3,1,4,43,22,151.5,7,False
M062,윤채원,여성,31,156,55,세종,도담동,전문학사,인서울,공무원,푸른연구원,5500,2700,전세,True,8300,미혼,0,자영업,공무원,중상,함께 거주,True,경기,3남매 이상,ENFP,무교,안 함,비흡연,반려동물,원함,공동관리,가족시간,상관없음,2,2,5,5,2,베이직,2025-05-16 09:52:00,지인추천,MG08,81,작성 중,True,0.59,4,2026-06-26,2,1,3,4,68,33,174.6,2,False
M063,오도현,남성,38,168,63,경기,고양시,학사,수도권,공기업,가온교육,7200,15200,월세,True,4500,미혼,0,공무원,공무원,중,함께 거주,True,인천,형제 2명,ESTJ,무교,안 함,비흡연,독서,상의 후 결정,각자관리,야외활동,알레르기 있음,3,4,5,1,5,베이직,2025-03-14 20:56:00,검색광고,MG01,93,완료,True,0.38,3,2026-06-17,2,1,2,4,70,34,222.2,4,False
M064,류시우,남성,30,190,75,경기,용인시,학사,인서울,중견기업,미래공사,7600,6300,가족동거,True,3800,미혼,0,은퇴,회사원,상,함께 거주,True,경남,외동,INFP,무교,안 함,비흡연,음악,원함,공동관리,가족시간,어려움,2,2,5,5,3,프리미엄,2024-09-18 19:39:00,SNS,MG13,97,완료,True,0.78,3,2026-06-20,2,1,3,4,74,32,217.3,12,True
M065,황지우,여성,39,169,55,서울,강남구,학사,인서울,IT,해봄스튜디오,8000,11900,월세,True,6300,미혼,0,전문직,가사,하,함께 거주,True,경기,3남매 이상,ENFJ,무교,월 2~4회,비흡연,게임,상의 후 결정,일부공동,문화생활,상관없음,5,5,4,5,3,베이직,2024-03-02 14:33:00,오프라인행사,MG17,95,완료,True,0.53,1,2026-06-27,2,3,3,3,75,36,195,9,False
M066,홍서연,여성,34,158,44,광주,북구,학사,기타,중견기업,푸른연구원,8100,6200,전세,False,5000,미혼,0,전문직,자영업,중,함께 거주,True,서울,1남1녀,ENFP,천주교,월 1회 이하,비흡연,여행,상의 후 결정,공동관리,친구모임,좋아함,2,5,3,5,3,프리미엄,2026-01-24 14:03:00,SNS,MG08,89,완료,False,0.04,1,2026-05-05,2,0,0,0,14,4,30.5,0,False
M067,송예은,여성,25,173,73,경기,용인시,학사,인서울,공기업,새롬금융,5000,2400,가족동거,False,0,미혼,0,농어업,공무원,중,함께 거주,False,대구,자매 2명,INFP,기독교,월 1회 이하,흡연,전시,원함,공동관리,친구모임,좋아함,4,5,4,3,4,프리미엄,2025-11-14 17:41:00,SNS,MG12,93,완료,True,0.23,5,2026-06-20,2,1,4,1,55,24,136.2,4,False
M068,최윤서,여성,28,169,66,서울,강남구,학사,기타,중견기업,가온교육,7200,2400,전세,False,1600,재혼,2,회사원,공무원,중,모친 사별,True,경기,외동,ESFJ,무교,월 1회 이하,비흡연,요리,원함,각자관리,가족시간,알레르기 있음,5,2,5,1,4,베이직,2024-06-14 17:04:00,SNS,MG02,61,작성 중,False,0.35,1,2026-05-10,1,0,0,0,6,1,11.3,4,False
M069,임지민,여성,33,165,55,서울,노원구,학사,인서울,IT,나래컨설팅,8700,6900,자가,False,7900,미혼,0,농어업,회사원,중,모친 사별,True,경북,1남1녀,ENFJ,기타,월 1회 이하,비흡연,게임,원함,상의 후 결정,야외활동,좋아함,2,2,4,1,4,프리미엄,2024-08-03 09:37:00,SNS,MG19,80,작성 중,True,0.81,1,2026-06-23,1,2,3,4,66,27,140.7,12,True
M070,최소율,여성,35,163,58,전북,익산시,학사,해외대,교직,미래공사,6300,13300,자가,False,8500,미혼,0,회사원,은퇴,중하,이혼,True,경기,외동,ENTP,무교,안 함,비흡연,요리,원함,공동관리,문화생활,상관없음,4,4,5,2,4,프리미엄,2024-07-30 13:55:00,SNS,MG20,76,작성 중,True,0.42,3,2026-06-25,1,2,4,2,41,23,145.6,0,True
M071,송지아,여성,43,154,48,경기,고양시,학사,해외대,중소기업,한빛테크,4400,12100,가족동거,False,4200,재혼,1,회사원,공무원,중,함께 거주,True,서울,1남1녀,ISFP,불교,안 함,흡연,반려동물,원함,일부공동,친구모임,좋아함,4,2,4,2,4,베이직,2025-02-15 16:06:00,검색광고,MG08,91,완료,True,0.51,2,2026-06-25,3,3,4,3,76,37,203.7,10,False
M072,황지우,여성,35,154,49,서울,관악구,석사,인서울,자영업,나래컨설팅,7600,8800,자가,False,6200,미혼,0,기타,가사,하,함께 거주,False,서울,외동,ESFP,무교,월 2~4회,흡연,요리,원함,각자관리,친구모임,상관없음,2,4,4,5,5,베이직,2024-07-29 16:22:00,검색광고,MG17,65,작성 중,True,0.59,2,2026-06-19,1,2,0,5,73,24,117.5,12,True
M073,류시우,남성,42,181,68,경기,수원시,학사,기타,IT,한빛테크,8400,19500,전세,True,400,미혼,0,농어업,가사,상,모두 사별,True,경북,외동,ESTJ,무교,월 2~4회,비흡연,음악,원함,상의 후 결정,가족시간,상관없음,3,4,3,1,4,VIP,2025-05-15 15:52:00,지인추천,MG19,58,미완료,True,0.82,1,2026-06-21,2,1,3,4,61,26,129.9,13,True
M074,황지민,여성,35,162,56,경기,안양시,석사,기타,공기업,온누리메디컬,5700,5900,가족동거,True,1800,미혼,0,은퇴,기타,하,함께 거주,True,전북,자매 2명,ENFP,기독교,월 2~4회,흡연,게임,원함,공동관리,문화생활,상관없음,3,3,5,1,4,베이직,2025-07-30 15:44:00,SNS,MG16,89,완료,True,0.87,4,2026-06-30,2,4,1,2,68,31,184.8,15,True
M075,최윤서,여성,30,158,51,제주,서귀포시,석사,인서울,중소기업,온누리메디컬,5400,4600,가족동거,True,7500,미혼,0,회사원,전문직,하,함께 거주,True,전북,3남매 이상,INFP,불교,안 함,금연 중,등산,원함,공동관리,친구모임,어려움,1,5,4,1,5,베이직,2026-04-29 15:45:00,검색광고,MG02,100,완료,True,0.75,3,2026-06-24,3,0,3,2,52,27,164.4,19,True
M076,송도윤,남성,35,188,80,울산,남구,고졸,지방거점,IT,미래공사,7700,15300,전세,False,7100,미혼,0,농어업,교직,중,함께 거주,False,서울,형제 2명,INFJ,기독교,월 2~4회,금연 중,운동,원함,상의 후 결정,집에서 휴식,상관없음,4,3,5,4,5,프리미엄,2025-10-14 17:29:00,오프라인행사,MG04,82,작성 중,True,0.68,1,2026-06-16,3,1,2,4,65,28,176.3,19,False
M077,정지민,여성,27,161,49,대전,서구,전문학사,기타,금융,푸른연구원,7300,4200,가족동거,True,900,미혼,0,전문직,자영업,중,함께 거주,True,서울,형제 2명,ENFJ,기타,월 2~4회,금연 중,전시,원함,각자관리,친구모임,좋아함,3,4,5,3,5,베이직,2024-02-05 12:29:00,검색광고,MG04,93,완료,True,0.57,3,2026-06-17,3,2,1,3,61,30,152.4,16,True
M078,신준서,남성,33,176,80,대구,중구,전문학사,지방거점,대기업,다온솔루션,7700,13000,월세,False,0,미혼,0,전문직,은퇴,중,함께 거주,True,경북,자매 2명,ENTP,무교,월 1회 이하,비흡연,반려동물,원함,상의 후 결정,친구모임,좋아함,5,1,5,1,4,베이직,2024-12-23 20:39:00,오프라인행사,MG09,88,완료,True,0.73,2,2026-06-22,3,2,2,1,51,24,136.4,10,False
M079,황현우,남성,36,182,78,경기,성남시,학사,기타,중소기업,해봄스튜디오,3600,5900,전세,False,0,미혼,0,회사원,회사원,중하,함께 거주,False,인천,형제 2명,ESTJ,불교,월 2~4회,비흡연,골프,원함,상의 후 결정,야외활동,좋아함,2,4,5,4,5,베이직,2024-08-06 17:05:00,오프라인행사,MG03,89,완료,True,0.57,2,2026-06-22,2,0,1,1,37,16,77.7,6,False
M080,류서준,남성,38,173,61,경기,고양시,학사,해외대,공기업,나래컨설팅,6000,4400,전세,True,2600,미혼,0,농어업,기타,중,함께 거주,True,서울,형제 2명,ISTP,무교,월 1회 이하,비흡연,반려동물,원함,공동관리,가족시간,좋아함,4,5,4,5,4,베이직,2024-07-21 18:39:00,검색광고,MG19,94,완료,True,0.57,3,2026-06-28,2,4,1,3,50,25,152.1,14,True
M081,윤민준,남성,33,170,63,부산,해운대구,전문학사,인서울,공무원,한빛테크,5900,5000,전세,True,1000,미혼,0,농어업,교직,중,별거,True,대구,자매 2명,ISFP,기독교,주 1~2회,비흡연,영화,원함,공동관리,야외활동,어려움,5,3,4,2,5,VIP,2025-01-07 16:59:00,제휴,MG12,89,완료,True,0.68,3,2026-06-17,3,1,4,2,67,30,165.8,15,True
M082,강서윤,여성,40,159,55,서울,송파구,석사,SKY,공무원,푸른연구원,6400,13900,자가,False,5600,미혼,0,공무원,자영업,중,모친 사별,True,서울,자매 2명,ENTP,무교,월 2~4회,비흡연,골프,원함,상의 후 결정,친구모임,어려움,3,4,3,5,4,프리미엄,2024-12-13 18:13:00,제휴,MG20,74,작성 중,True,0.59,0,2026-06-21,1,3,2,2,38,19,120.7,14,True
M083,강현우,남성,34,179,66,경기,용인시,학사,인서울,금융,다온솔루션,8600,9700,기타,False,3800,미혼,0,자영업,가사,중,함께 거주,False,경기,1남1녀,ENFP,무교,월 2~4회,비흡연,영화,원함,공동관리,야외활동,알레르기 있음,5,2,5,3,4,프리미엄,2024-11-03 10:59:00,지인추천,MG05,69,작성 중,True,0.63,1,2026-06-25,1,2,1,3,30,16,107.4,9,True
M084,최서연,여성,28,165,62,경북,구미시,박사,인서울,공무원,이음파트너스,5600,4300,전세,False,6200,미혼,0,은퇴,회사원,중,함께 거주,False,충남,형제 2명,ESFP,불교,안 함,비흡연,골프,원함,각자관리,집에서 휴식,좋아함,5,3,5,1,5,프리미엄,2024-11-28 13:45:00,오프라인행사,MG11,71,작성 중,True,0.71,3,2026-06-28,1,4,2,4,59,29,163,18,True
M085,윤유진,여성,38,156,59,광주,서구,학사,수도권,자영업,푸른연구원,8100,14900,가족동거,True,5800,미혼,0,농어업,교직,중하,함께 거주,False,인천,외동,ISTP,불교,월 2~4회,비흡연,골프,원함,공동관리,친구모임,어려움,3,2,5,5,4,베이직,2025-12-14 18:54:00,제휴,MG11,63,작성 중,True,0.64,2,2026-06-28,5,1,2,2,58,26,154.6,6,True
M086,권수아,여성,38,162,58,대전,중구,석사,인서울,IT,새롬금융,7100,11800,전세,True,2700,미혼,0,전문직,전문직,상,함께 거주,False,전북,3남매 이상,ENTP,무교,월 2~4회,비흡연,영화,원함,각자관리,가족시간,상관없음,5,2,3,1,4,베이직,2025-07-13 13:22:00,검색광고,MG05,85,완료,False,0.4,0,2026-05-30,0,0,0,1,1,2,18.2,3,False
M087,조지우,여성,34,161,52,서울,노원구,석사,인서울,중소기업,새롬금융,7700,12600,전세,False,2900,미혼,0,자영업,회사원,중하,함께 거주,True,서울,3남매 이상,ENFP,무교,월 1회 이하,비흡연,음악,원함,상의 후 결정,집에서 휴식,상관없음,3,2,5,4,5,VIP,2025-10-02 13:31:00,지인추천,MG13,100,완료,True,0.72,2,2026-06-18,5,1,2,5,105,45,245.1,11,False
M088,이유진,여성,39,164,62,경기,용인시,학사,수도권,중소기업,해봄스튜디오,4300,10300,자가,False,8300,미혼,0,은퇴,교직,중,함께 거주,True,인천,외동,ISTJ,무교,월 2~4회,비흡연,요리,원함,일부공동,친구모임,알레르기 있음,3,3,4,5,5,베이직,2026-03-16 18:27:00,제휴,MG06,62,작성 중,False,0.24,2,2026-04-23,0,1,0,2,9,4,47.1,0,False
M089,류수아,여성,37,159,61,경기,화성시,석사,지방거점,금융,가온교육,8800,3500,전세,False,0,미혼,0,전문직,교직,중,함께 거주,True,서울,자매 2명,ENFP,무교,안 함,흡연,골프,원하지 않음,상의 후 결정,집에서 휴식,좋아함,5,3,5,4,4,프리미엄,2025-03-27 11:06:00,SNS,MG07,88,완료,True,0.69,3,2026-06-19,2,1,2,3,51,20,117.2,8,True
M090,오지민,여성,33,166,65,대전,서구,학사,인서울,전문직,가온교육,10500,9900,전세,False,6800,미혼,0,자영업,전문직,중하,함께 거주,True,울산,자매 2명,ESTP,무교,안 함,비흡연,영화,원함,각자관리,문화생활,어려움,5,4,5,4,5,프리미엄,2024-06-20 14:46:00,오프라인행사,MG03,75,작성 중,True,0.62,4,2026-06-24,4,2,3,3,66,25,158.8,15,True
M091,신다은,여성,37,168,67,충남,천안시,석사,수도권,교직,해봄스튜디오,9600,22200,자가,False,10600,재혼,1,농어업,교직,중상,함께 거주,True,대구,3남매 이상,ENTJ,무교,월 2~4회,금연 중,반려동물,상의 후 결정,상의 후 결정,친구모임,알레르기 있음,5,1,3,3,3,베이직,2024-08-02 12:34:00,제휴,MG09,79,작성 중,True,0.53,2,2026-06-17,2,4,0,0,33,16,102.4,4,False
M092,안우진,남성,40,180,75,광주,광산구,석사,수도권,공기업,다온솔루션,7400,18800,전세,True,6000,미혼,0,농어업,회사원,중상,함께 거주,True,경남,외동,INTP,기독교,월 1회 이하,비흡연,음악,원함,일부공동,가족시간,상관없음,5,2,5,5,4,프리미엄,2024-04-01 19:19:00,SNS,MG04,69,작성 중,True,0.64,2,2026-06-20,4,1,3,1,43,21,151.3,4,True
M093,장예은,여성,42,163,59,서울,영등포구,석사,인서울,공기업,푸른연구원,9500,16000,월세,False,2500,미혼,0,기타,기타,하,함께 거주,True,인천,형제 2명,ESTP,무교,안 함,비흡연,요리,상의 후 결정,공동관리,문화생활,좋아함,2,2,5,4,2,베이직,2026-02-08 14:57:00,제휴,MG08,88,완료,True,0.41,1,2026-06-16,2,4,2,2,67,29,140.7,13,False
M094,안시우,남성,25,173,60,서울,강남구,석사,SKY,중소기업,푸른연구원,7000,3700,자가,True,6400,미혼,0,공무원,교직,중,함께 거주,False,서울,자매 2명,INTJ,기독교,안 함,비흡연,게임,원함,상의 후 결정,야외활동,어려움,1,2,4,3,5,프리미엄,2024-01-29 14:06:00,지인추천,MG11,100,완료,True,0.66,0,2026-06-29,3,0,1,2,33,15,115.7,9,True
M095,장지우,여성,34,168,62,강원,춘천시,석사,지방거점,IT,나래컨설팅,8800,10700,월세,True,6300,미혼,0,회사원,전문직,중하,이혼,False,서울,3남매 이상,ENTJ,불교,월 1회 이하,비흡연,골프,원함,공동관리,집에서 휴식,상관없음,2,3,5,5,4,베이직,2025-05-18 11:10:00,제휴,MG04,83,작성 중,True,0.64,3,2026-06-22,4,2,3,1,67,27,161.2,12,True
M096,안도현,남성,30,170,69,충남,천안시,전문학사,기타,중견기업,나래컨설팅,7900,10200,자가,False,10300,미혼,0,회사원,회사원,중하,이혼,True,인천,3남매 이상,ESTP,무교,월 1회 이하,비흡연,운동,상의 후 결정,일부공동,가족시간,어려움,2,1,3,2,2,프리미엄,2025-03-23 12:54:00,제휴,MG02,96,완료,True,0.63,3,2026-06-21,4,4,1,6,104,46,242.4,23,True
M097,최지아,여성,35,168,60,인천,남동구,학사,수도권,중견기업,다온솔루션,7700,5100,자가,True,4800,미혼,0,회사원,기타,상,함께 거주,False,서울,형제 2명,INTJ,무교,주 1~2회,비흡연,여행,원하지 않음,일부공동,친구모임,어려움,4,1,4,4,5,베이직,2026-01-01 17:06:00,제휴,MG02,72,작성 중,True,0.45,2,2026-06-26,2,3,1,5,86,31,170,8,False
M098,홍예은,여성,47,162,70,서울,영등포구,학사,수도권,자영업,다온솔루션,8700,3900,가족동거,True,0,미혼,0,회사원,기타,중하,함께 거주,True,경기,형제 2명,INFP,천주교,월 2~4회,비흡연,영화,원함,공동관리,집에서 휴식,어려움,3,3,4,4,4,VIP,2026-05-29 09:23:00,지인추천,MG06,74,작성 중,True,0.35,5,2026-06-18,3,3,0,3,58,26,173.2,3,True
M099,최정우,남성,38,186,74,서울,강남구,석사,지방거점,공무원,푸른연구원,9500,16300,가족동거,True,0,미혼,0,기타,자영업,상,함께 거주,False,제주,형제 2명,ENTJ,불교,주 1~2회,비흡연,전시,원하지 않음,일부공동,집에서 휴식,상관없음,5,5,4,4,3,베이직,2025-11-24 13:11:00,검색광고,MG10,92,완료,True,0.46,1,2026-06-30,3,1,1,4,60,29,174.4,11,True
M100,조서준,남성,42,177,74,강원,원주시,학사,지방거점,자영업,한빛테크,8300,13500,자가,False,6600,미혼,0,회사원,자영업,중상,함께 거주,True,서울,외동,ESTJ,천주교,안 함,비흡연,영화,원하지 않음,공동관리,친구모임,알레르기 있음,2,2,4,2,3,프리미엄,2024-09-18 10:07:00,지인추천,MG18,76,작성 중,True,0.61,3,2026-06-30,2,4,1,3,75,28,153.8,14,True
M101,류하윤,여성,38,161,50,충남,천안시,박사,인서울,교직,해봄스튜디오,9000,17900,월세,False,1000,미혼,0,기타,은퇴,중상,함께 거주,False,서울,형제 2명,ESFP,기독교,월 1회 이하,비흡연,게임,원함,공동관리,친구모임,상관없음,4,3,3,5,5,프리미엄,2024-02-15 09:30:00,지인추천,MG05,85,완료,True,0.64,4,2026-06-25,2,3,2,3,60,26,174.5,15,True
M102,윤지호,남성,43,174,80,충남,공주시,전문학사,지방거점,연구직,나래컨설팅,7200,12200,자가,False,5200,미혼,0,전문직,교직,상,함께 거주,True,부산,자매 2명,INTJ,무교,월 2~4회,금연 중,영화,상의 후 결정,공동관리,야외활동,좋아함,1,1,4,2,4,베이직,2024-05-06 11:01:00,SNS,MG10,85,완료,False,0.12,2,2026-04-20,1,1,1,1,12,4,46.2,0,False
M103,오예준,남성,49,181,79,강원,춘천시,학사,해외대,중소기업,새롬금융,5900,14800,월세,False,6300,미혼,0,자영업,전문직,중,부친 사별,True,인천,형제 2명,INFJ,무교,주 1~2회,비흡연,등산,원함,일부공동,야외활동,상관없음,5,5,5,2,5,베이직,2025-10-03 13:35:00,지인추천,MG09,68,작성 중,False,0.07,0,2026-06-14,0,0,2,0,2,2,8.7,2,False
M104,오하윤,여성,31,164,63,전남,여수시,학사,기타,대기업,온누리메디컬,7900,6800,가족동거,True,900,미혼,0,자영업,자영업,중상,함께 거주,False,서울,3남매 이상,ENTJ,천주교,월 1회 이하,비흡연,골프,원함,공동관리,친구모임,상관없음,5,4,5,1,4,베이직,2024-08-07 18:28:00,검색광고,MG19,75,작성 중,False,0.12,0,2026-05-27,2,1,1,2,26,11,87.7,0,False
M105,정채원,여성,35,172,74,부산,수영구,박사,인서울,공기업,다온솔루션,8100,3900,월세,True,4500,미혼,0,전문직,전문직,중,함께 거주,True,부산,외동,INFJ,무교,안 함,비흡연,여행,원하지 않음,일부공동,가족시간,알레르기 있음,5,4,5,3,3,베이직,2025-10-24 15:06:00,오프라인행사,MG06,91,완료,True,0.46,1,2026-06-26,1,5,2,2,50,20,121.3,14,True
M106,박지아,여성,40,159,47,강원,강릉시,석사,기타,공기업,가온교육,7700,8900,자가,False,7500,미혼,0,회사원,가사,중하,이혼,True,충북,형제 2명,ESTJ,불교,안 함,비흡연,요리,상의 후 결정,상의 후 결정,친구모임,상관없음,1,2,5,4,5,베이직,2026-03-19 09:09:00,검색광고,MG10,69,작성 중,True,0.63,2,2026-06-17,1,1,3,5,49,20,129.4,8,True
M107,정지호,남성,33,176,82,부산,수영구,학사,기타,공기업,가온교육,7800,8900,전세,False,3800,미혼,0,자영업,은퇴,중,함께 거주,True,경기,외동,ISTP,기독교,주 1~2회,흡연,게임,원함,공동관리,친구모임,상관없음,1,1,3,1,5,베이직,2025-02-26 15:07:00,검색광고,MG20,88,완료,True,0.5,0,2026-06-29,1,2,4,7,89,46,209.3,19,False
M108,오준서,남성,29,179,67,세종,도담동,학사,기타,대기업,미래공사,9400,3700,전세,False,2300,미혼,0,은퇴,회사원,중하,함께 거주,True,서울,외동,ESTJ,무교,안 함,비흡연,등산,상의 후 결정,일부공동,가족시간,상관없음,3,3,4,5,4,프리미엄,2024-07-11 14:06:00,지인추천,MG07,93,완료,True,0.24,4,2026-06-21,3,3,2,3,63,31,172.3,0,True
M109,최채원,여성,36,171,80,경기,안양시,학사,기타,전문직,나래컨설팅,13000,9800,전세,False,5900,미혼,0,기타,은퇴,중하,함께 거주,False,충남,형제 2명,INTP,무교,주 1~2회,흡연,독서,원하지 않음,상의 후 결정,집에서 휴식,좋아함,5,5,5,1,5,베이직,2025-03-19 17:48:00,제휴,MG07,90,완료,True,0.8,3,2026-06-26,3,1,4,4,99,40,226.1,20,True
M110,이서준,남성,34,174,74,광주,서구,박사,인서울,대기업,이음파트너스,11100,12800,가족동거,True,5300,재혼,0,농어업,자영업,중하,별거,False,서울,1남1녀,ESTJ,기독교,주 1~2회,비흡연,요리,원함,상의 후 결정,문화생활,어려움,4,3,5,5,4,프리미엄,2025-01-26 14:39:00,제휴,MG09,64,작성 중,True,0.78,2,2026-06-23,1,5,2,1,61,27,138.1,24,True
M111,한서연,여성,30,159,67,강원,강릉시,학사,지방거점,프리랜서,해봄스튜디오,6100,6400,자가,True,4900,미혼,0,공무원,은퇴,중,함께 거주,False,경기,외동,ENFJ,무교,월 2~4회,비흡연,운동,상의 후 결정,상의 후 결정,친구모임,좋아함,5,2,4,3,3,프리미엄,2026-04-03 15:56:00,SNS,MG07,81,작성 중,False,0.21,1,2026-04-25,1,0,1,1,15,4,37.8,3,False
M112,권서윤,여성,47,160,63,인천,연수구,학사,인서울,공무원,온누리메디컬,6300,11600,가족동거,True,3500,미혼,0,기타,회사원,중,이혼,True,부산,1남1녀,ENTP,무교,월 2~4회,비흡연,전시,상의 후 결정,각자관리,친구모임,상관없음,5,3,5,4,5,VIP,2025-04-16 17:38:00,SNS,MG01,100,완료,False,0.28,1,2026-04-28,1,0,2,0,13,5,41.2,0,False
M113,장건우,남성,33,171,67,경기,용인시,석사,해외대,의료,이음파트너스,9300,13200,자가,False,9300,미혼,0,전문직,전문직,중,함께 거주,False,인천,1남1녀,INFJ,기독교,주 3회 이상,비흡연,음악,원함,공동관리,친구모임,좋아함,4,2,5,5,5,VIP,2024-01-29 12:46:00,오프라인행사,MG15,80,작성 중,False,0.25,0,2026-06-01,0,1,0,2,8,3,39.1,0,False
M114,오윤서,여성,37,162,59,대전,유성구,학사,수도권,대기업,온누리메디컬,10100,13400,전세,False,700,미혼,0,은퇴,가사,중상,함께 거주,True,경기,3남매 이상,ENTJ,불교,월 2~4회,비흡연,게임,원함,상의 후 결정,친구모임,알레르기 있음,3,1,4,3,5,프리미엄,2024-04-07 10:00:00,SNS,MG13,77,작성 중,True,0.7,2,2026-06-18,0,3,2,2,30,14,92.6,12,True
M115,윤서윤,여성,39,159,68,강원,춘천시,전문학사,수도권,대기업,다온솔루션,9400,12100,가족동거,False,400,미혼,0,자영업,가사,중상,함께 거주,True,광주,형제 2명,ISFP,천주교,주 1~2회,비흡연,등산,원함,상의 후 결정,야외활동,상관없음,5,5,5,5,3,프리미엄,2024-11-17 10:18:00,SNS,MG01,84,작성 중,False,0.19,0,2026-05-27,1,0,0,2,13,4,32.5,0,False
M116,강준서,남성,25,172,72,경남,창원시,전문학사,해외대,중소기업,가온교육,2600,1200,자가,True,5800,미혼,0,자영업,공무원,중,함께 거주,False,울산,3남매 이상,INTJ,천주교,월 2~4회,비흡연,독서,원함,일부공동,집에서 휴식,좋아함,4,1,5,2,4,베이직,2025-01-07 11:26:00,SNS,MG11,67,작성 중,True,0.68,2,2026-06-17,1,2,1,4,56,21,107,13,True
M117,황민재,남성,32,166,63,대구,달서구,학사,지방거점,교직,해봄스튜디오,3900,1900,자가,True,0,미혼,0,회사원,은퇴,중,함께 거주,True,부산,형제 2명,INTJ,기독교,월 2~4회,비흡연,등산,원함,상의 후 결정,야외활동,어려움,1,5,5,4,4,베이직,2024-09-03 11:49:00,오프라인행사,MG11,68,작성 중,False,0.02,0,2026-04-18,0,0,0,2,7,4,41.4,0,False
M118,박현우,남성,25,170,67,경기,성남시,전문학사,기타,자영업,온누리메디컬,6500,2300,자가,False,3700,미혼,0,회사원,공무원,상,함께 거주,False,대구,3남매 이상,INTJ,무교,월 2~4회,비흡연,골프,원함,상의 후 결정,문화생활,상관없음,5,3,5,1,4,프리미엄,2025-03-29 13:39:00,제휴,MG08,61,작성 중,True,0.28,5,2026-06-27,3,3,3,2,32,19,127.5,4,False
M119,조채원,여성,28,159,61,서울,강남구,학사,수도권,교직,다온솔루션,5400,6200,가족동거,False,0,미혼,0,자영업,가사,중상,함께 거주,False,서울,3남매 이상,ENTP,무교,월 2~4회,비흡연,독서,원함,공동관리,가족시간,상관없음,2,3,5,2,3,프리미엄,2025-06-24 20:33:00,지인추천,MG19,70,작성 중,True,0.47,3,2026-06-25,2,1,2,2,49,21,130.9,5,False
M120,최서연,여성,44,153,56,세종,조치원읍,학사,SKY,공무원,푸른연구원,7400,17000,전세,False,0,미혼,0,공무원,기타,중,함께 거주,True,인천,1남1녀,INFP,기독교,월 2~4회,금연 중,반려동물,원함,상의 후 결정,가족시간,어려움,5,3,5,5,4,베이직,2025-12-13 16:35:00,SNS,MG05,59,미완료,False,0.49,0,2026-04-25,0,0,1,0,1,1,13.8,1,False
M121,서지우,여성,35,159,66,경기,화성시,학사,인서울,중견기업,다온솔루션,9200,19700,월세,True,300,미혼,0,농어업,교직,하,함께 거주,False,경기,1남1녀,ESTJ,천주교,월 2~4회,비흡연,게임,원하지 않음,각자관리,친구모임,상관없음,1,4,4,2,2,베이직,2025-06-11 09:03:00,오프라인행사,MG03,92,완료,True,0.32,2,2026-06-30,4,2,5,4,100,47,298.3,2,False
M122,류다은,여성,27,162,63,서울,강남구,학사,인서울,중소기업,나래컨설팅,5600,3800,전세,True,6000,미혼,0,자영업,교직,중하,함께 거주,True,서울,3남매 이상,ENTJ,무교,월 2~4회,비흡연,게임,원함,각자관리,가족시간,좋아함,2,5,5,1,5,프리미엄,2025-04-24 10:20:00,오프라인행사,MG14,100,완료,True,0.39,1,2026-06-17,4,3,2,4,95,42,253.7,24,True
M123,권서연,여성,25,161,58,경기,수원시,석사,인서울,대기업,가온교육,11000,4000,월세,True,0,미혼,0,공무원,공무원,중,함께 거주,True,경기,외동,ISTJ,기독교,안 함,비흡연,여행,원함,각자관리,야외활동,알레르기 있음,2,5,5,1,5,프리미엄,2025-10-19 13:01:00,지인추천,MG08,92,완료,True,0.67,1,2026-06-30,2,2,2,3,78,32,152.4,10,False
M124,류지민,여성,37,159,53,인천,연수구,학사,수도권,교직,다온솔루션,7000,8800,가족동거,True,800,미혼,0,전문직,교직,중,함께 거주,True,경기,3남매 이상,INTJ,무교,월 2~4회,비흡연,등산,상의 후 결정,일부공동,집에서 휴식,어려움,1,3,5,3,5,베이직,2024-10-10 14:58:00,검색광고,MG11,65,작성 중,True,0.64,2,2026-06-17,3,4,2,1,51,21,141.9,16,True
M125,정채원,여성,39,159,57,전북,군산시,석사,기타,전문직,한빛테크,12100,20300,전세,True,500,미혼,0,은퇴,기타,중,함께 거주,False,서울,1남1녀,ESTJ,무교,주 1~2회,흡연,여행,상의 후 결정,공동관리,문화생활,상관없음,4,4,5,5,4,베이직,2026-02-05 20:18:00,지인추천,MG12,96,완료,False,0.07,4,2026-06-04,2,0,2,1,19,9,67.5,0,False
M126,윤지훈,남성,28,174,66,경남,창원시,전문학사,수도권,전문직,새롬금융,9300,4400,월세,True,0,미혼,0,전문직,회사원,하,별거,True,세종,자매 2명,ENTJ,천주교,안 함,비흡연,독서,원함,공동관리,문화생활,상관없음,5,4,3,5,5,베이직,2025-01-22 17:57:00,검색광고,MG07,96,완료,True,0.61,4,2026-06-20,2,4,2,4,90,36,216.4,14,False
M127,강지민,여성,30,163,66,경기,고양시,학사,기타,대기업,해봄스튜디오,9300,6700,전세,True,5900,미혼,0,은퇴,기타,상,함께 거주,True,경북,3남매 이상,INTP,불교,주 3회 이상,비흡연,등산,원하지 않음,상의 후 결정,가족시간,상관없음,2,2,5,1,4,베이직,2026-03-24 17:46:00,검색광고,MG02,85,완료,True,0.45,2,2026-06-29,1,2,1,5,75,33,192.2,9,True
M128,조지아,여성,40,162,65,제주,서귀포시,학사,지방거점,전문직,가온교육,12500,34300,전세,True,4600,미혼,0,기타,가사,중,함께 거주,False,전남,자매 2명,ESTJ,불교,월 2~4회,비흡연,독서,원하지 않음,일부공동,문화생활,좋아함,3,3,4,3,5,베이직,2026-01-04 13:24:00,제휴,MG09,78,작성 중,True,0.53,0,2026-06-22,2,1,1,4,50,24,134.8,9,True
M129,송도현,남성,28,176,70,충북,청주시,학사,수도권,전문직,해봄스튜디오,10900,7700,자가,False,7300,미혼,0,은퇴,교직,중,함께 거주,False,경기,자매 2명,ISFJ,무교,월 1회 이하,금연 중,음악,원하지 않음,공동관리,가족시간,상관없음,5,1,4,3,4,프리미엄,2024-07-16 17:13:00,검색광고,MG15,80,작성 중,False,0.02,1,2026-06-02,0,0,0,0,0,0,0,0,False
M130,권채원,여성,36,163,51,서울,노원구,학사,수도권,중견기업,나래컨설팅,8400,5900,전세,True,5600,미혼,0,기타,교직,중상,함께 거주,True,전남,형제 2명,INFJ,무교,주 1~2회,비흡연,골프,상의 후 결정,상의 후 결정,가족시간,알레르기 있음,5,2,5,4,5,베이직,2025-03-04 12:15:00,SNS,MG03,68,작성 중,False,0.21,0,2026-05-29,1,0,0,1,6,2,10.5,0,False
M131,강은서,여성,25,166,65,세종,조치원읍,박사,기타,교직,푸른연구원,7800,5600,전세,True,6200,미혼,0,은퇴,가사,중하,함께 거주,False,대전,형제 2명,ENTP,기독교,안 함,비흡연,여행,상의 후 결정,상의 후 결정,친구모임,어려움,2,1,5,3,5,베이직,2025-11-03 11:45:00,지인추천,MG16,70,작성 중,False,0.21,2,2026-05-27,0,1,3,0,8,4,43.9,1,False
M132,홍수아,여성,31,170,70,부산,수영구,학사,지방거점,대기업,가온교육,7000,8500,가족동거,True,6300,미혼,0,자영업,회사원,중,모친 사별,True,서울,1남1녀,INTP,기독교,안 함,비흡연,러닝,원함,상의 후 결정,친구모임,좋아함,1,3,5,2,3,프리미엄,2025-09-08 13:28:00,검색광고,MG17,77,작성 중,True,0.77,2,2026-06-20,2,2,2,4,57,24,174.2,16,False
M133,최건우,남성,34,181,74,경기,안양시,학사,지방거점,중견기업,푸른연구원,6700,11900,자가,False,3300,미혼,0,전문직,공무원,중하,함께 거주,True,경남,형제 2명,INTP,무교,월 1회 이하,흡연,게임,원함,일부공동,가족시간,상관없음,4,4,3,4,5,베이직,2024-03-18 15:33:00,SNS,MG07,100,완료,False,0.19,1,2026-05-25,1,1,0,3,23,7,63.8,0,False
M134,송예은,여성,26,165,56,경기,용인시,고졸,기타,대기업,나래컨설팅,6400,3900,전세,True,0,미혼,0,농어업,회사원,중,함께 거주,True,인천,외동,ENFJ,무교,월 2~4회,비흡연,게임,원함,공동관리,가족시간,좋아함,3,1,4,3,4,베이직,2026-02-09 19:51:00,지인추천,MG02,91,완료,True,0.42,2,2026-06-29,2,2,2,7,57,31,181.8,17,False
M135,강유진,여성,28,162,54,경기,용인시,학사,기타,중견기업,미래공사,6000,2700,전세,False,0,미혼,0,전문직,가사,중,함께 거주,True,대전,형제 2명,ESTJ,기독교,월 1회 이하,비흡연,게임,상의 후 결정,공동관리,문화생활,상관없음,1,3,4,4,5,베이직,2025-04-29 15:00:00,제휴,MG20,90,완료,True,0.71,4,2026-06-19,1,3,2,1,38,16,100.6,12,True
M136,이예준,남성,44,173,84,경기,화성시,학사,지방거점,공무원,푸른연구원,5900,14500,월세,True,2500,미혼,0,은퇴,자영업,중상,함께 거주,True,서울,형제 2명,ENFJ,천주교,월 1회 이하,흡연,반려동물,원함,상의 후 결정,친구모임,좋아함,3,3,3,4,5,VIP,2025-03-07 19:08:00,검색광고,MG02,80,작성 중,False,0.38,3,2026-06-14,2,2,2,0,26,10,53,0,False
M137,안서준,남성,29,190,64,경기,성남시,학사,지방거점,자영업,새롬금융,7500,11000,가족동거,True,0,미혼,0,농어업,은퇴,상,함께 거주,True,전북,3남매 이상,ESFJ,기타,주 3회 이상,비흡연,독서,원함,각자관리,야외활동,상관없음,2,4,3,3,4,VIP,2025-11-27 09:34:00,지인추천,MG02,94,완료,True,0.51,0,2026-06-25,2,2,3,3,68,28,153.6,11,True
M138,서소율,여성,42,165,61,대구,달서구,학사,인서울,공기업,해봄스튜디오,8100,15600,가족동거,True,6900,미혼,0,자영업,은퇴,중상,이혼,True,인천,3남매 이상,ISFP,무교,월 2~4회,흡연,반려동물,원함,공동관리,집에서 휴식,상관없음,1,5,4,1,4,프리미엄,2026-04-11 17:58:00,SNS,MG11,90,완료,True,0.45,3,2026-06-27,2,2,3,3,45,21,143.7,11,True
M139,최유진,여성,29,162,59,경기,수원시,학사,지방거점,중소기업,푸른연구원,8300,10200,자가,True,7500,미혼,0,은퇴,교직,하,함께 거주,True,서울,3남매 이상,ENTJ,무교,안 함,금연 중,골프,원함,상의 후 결정,집에서 휴식,상관없음,4,3,5,2,5,베이직,2025-09-11 13:24:00,SNS,MG19,100,완료,True,0.6,1,2026-06-26,2,2,1,2,52,25,122.5,8,True
M140,서하준,남성,33,176,67,대구,중구,전문학사,인서울,공무원,온누리메디컬,6100,4300,자가,True,8800,미혼,0,농어업,회사원,중,함께 거주,False,경남,외동,ENTJ,무교,안 함,금연 중,등산,원함,일부공동,야외활동,알레르기 있음,2,5,5,4,4,프리미엄,2025-12-02 11:14:00,오프라인행사,MG17,79,작성 중,True,0.6,3,2026-06-22,2,2,2,3,63,32,223.7,10,False
M141,신예은,여성,35,163,61,광주,북구,학사,기타,IT,한빛테크,8300,16300,자가,False,8300,미혼,0,농어업,기타,중하,함께 거주,False,경기,3남매 이상,INTJ,무교,안 함,금연 중,독서,원함,일부공동,가족시간,좋아함,1,4,5,3,4,베이직,2026-01-10 17:09:00,SNS,MG12,100,완료,True,0.46,4,2026-06-20,3,2,1,4,62,28,141.9,13,True
M142,권하윤,여성,44,164,62,전남,목포시,전문학사,기타,공기업,한빛테크,7400,9900,자가,True,4400,미혼,0,공무원,자영업,중하,함께 거주,True,인천,자매 2명,INFJ,천주교,안 함,흡연,전시,원함,각자관리,집에서 휴식,어려움,4,5,5,5,4,프리미엄,2024-11-08 19:41:00,지인추천,MG17,86,완료,False,0.05,1,2026-06-13,1,1,1,1,22,7,59.8,0,False
M143,김예준,남성,38,177,81,전남,목포시,석사,해외대,대기업,미래공사,9000,6800,가족동거,False,6200,미혼,0,자영업,기타,중하,함께 거주,True,대전,자매 2명,ISTP,무교,주 3회 이상,비흡연,전시,원함,각자관리,야외활동,좋아함,2,3,5,4,2,프리미엄,2024-08-10 16:48:00,오프라인행사,MG08,71,작성 중,False,0.29,1,2026-06-13,2,2,0,0,14,4,48.9,4,False
M144,서도현,남성,34,180,83,서울,마포구,석사,기타,의료,푸른연구원,8300,2100,월세,True,5700,미혼,0,자영업,기타,중,함께 거주,True,경기,형제 2명,ESTJ,기독교,월 2~4회,금연 중,러닝,원함,상의 후 결정,친구모임,알레르기 있음,2,5,4,4,3,베이직,2025-05-22 19:36:00,검색광고,MG20,73,작성 중,True,0.31,4,2026-06-23,2,2,1,1,35,13,97.1,4,False
M145,홍하윤,여성,36,162,63,부산,수영구,학사,인서울,교직,한빛테크,8200,14500,자가,True,9900,미혼,0,자영업,자영업,중,모두 사별,True,부산,자매 2명,INTJ,무교,월 2~4회,비흡연,독서,원함,공동관리,문화생활,어려움,2,4,5,2,4,베이직,2025-07-26 20:58:00,지인추천,MG05,100,완료,True,0.48,6,2026-06-23,3,2,5,4,90,37,213.1,11,True
M146,이수아,여성,32,167,69,대구,북구,석사,인서울,금융,이음파트너스,11900,8000,자가,False,3400,미혼,0,농어업,교직,중하,함께 거주,True,서울,3남매 이상,INFJ,무교,안 함,비흡연,여행,원하지 않음,일부공동,야외활동,좋아함,3,2,5,1,2,베이직,2024-07-26 18:50:00,오프라인행사,MG11,100,완료,True,0.64,4,2026-06-22,1,4,3,3,81,35,183.3,10,True
M147,송하윤,여성,35,168,67,대전,서구,학사,수도권,자영업,온누리메디컬,7200,12000,가족동거,True,1400,미혼,0,은퇴,교직,중,이혼,False,전남,외동,ISFP,무교,주 1~2회,비흡연,운동,원함,각자관리,야외활동,어려움,2,2,5,5,5,베이직,2026-04-12 17:21:00,제휴,MG02,85,완료,True,0.55,2,2026-06-30,2,2,3,2,59,28,148.5,7,True
M148,강다은,여성,31,165,53,대전,서구,학사,기타,IT,온누리메디컬,7200,10200,자가,True,3700,미혼,0,기타,교직,중하,모두 사별,True,광주,1남1녀,ENTP,불교,안 함,비흡연,독서,상의 후 결정,상의 후 결정,야외활동,알레르기 있음,1,3,5,3,5,베이직,2024-06-24 15:56:00,오프라인행사,MG19,89,완료,False,0.32,0,2026-04-17,2,0,0,2,19,7,63.5,2,False
M149,신민재,남성,28,171,66,대전,유성구,학사,SKY,공무원,미래공사,4400,1900,가족동거,True,2100,미혼,0,자영업,전문직,중상,별거,True,광주,외동,INFJ,천주교,주 3회 이상,비흡연,음악,원하지 않음,각자관리,친구모임,좋아함,5,1,3,5,2,프리미엄,2025-03-02 14:41:00,오프라인행사,MG12,82,작성 중,True,0.94,3,2026-06-22,2,4,1,4,76,33,185.9,22,False
M150,박윤서,여성,44,172,63,서울,강남구,전문학사,수도권,공기업,온누리메디컬,7700,19900,자가,False,9800,재혼,0,농어업,자영업,중상,함께 거주,True,서울,자매 2명,INTP,불교,주 1~2회,비흡연,전시,원함,일부공동,집에서 휴식,어려움,2,2,5,3,4,베이직,2024-02-15 15:00:00,제휴,MG08,68,작성 중,True,0.53,4,2026-06-20,0,2,0,5,54,22,137.5,12,False
M151,장지훈,남성,34,172,66,서울,노원구,학사,인서울,중소기업,푸른연구원,3700,4000,전세,False,700,미혼,0,공무원,기타,중하,함께 거주,True,서울,자매 2명,ISFP,천주교,월 1회 이하,흡연,독서,원함,상의 후 결정,가족시간,어려움,4,5,4,5,2,베이직,2024-08-25 20:56:00,검색광고,MG10,99,완료,True,0.49,3,2026-06-18,3,2,3,2,74,33,182.8,7,False
M152,이정우,남성,32,173,61,경기,수원시,학사,수도권,연구직,한빛테크,5800,7200,월세,False,0,미혼,0,농어업,기타,중하,함께 거주,False,울산,1남1녀,INTP,불교,안 함,비흡연,골프,상의 후 결정,각자관리,문화생활,좋아함,2,4,4,1,3,베이직,2024-04-03 19:52:00,검색광고,MG06,74,작성 중,True,0.35,0,2026-06-18,1,0,3,4,53,22,139.8,3,False
M153,신소율,여성,33,165,66,인천,남동구,학사,해외대,중견기업,푸른연구원,7900,7500,자가,True,9200,미혼,0,전문직,은퇴,중상,함께 거주,True,서울,3남매 이상,ISTP,무교,월 1회 이하,비흡연,여행,원하지 않음,각자관리,야외활동,상관없음,2,4,5,2,5,베이직,2025-11-06 18:56:00,SNS,MG08,63,작성 중,False,0.05,0,2026-04-20,1,2,1,0,8,5,38.2,0,False
M154,김정우,남성,43,178,75,인천,서구,학사,인서울,연구직,나래컨설팅,6400,9200,전세,True,7600,미혼,0,은퇴,공무원,상,이혼,True,서울,외동,ESFJ,무교,월 2~4회,비흡연,영화,원함,공동관리,문화생활,상관없음,2,4,5,3,4,프리미엄,2025-11-27 14:39:00,SNS,MG13,93,완료,True,0.58,2,2026-06-30,1,3,2,2,42,25,127.4,6,True
M155,박우진,남성,37,161,58,경기,안양시,석사,기타,연구직,온누리메디컬,8000,7200,가족동거,True,5200,미혼,0,농어업,회사원,상,함께 거주,False,세종,1남1녀,ESTJ,무교,주 1~2회,비흡연,러닝,원함,일부공동,문화생활,알레르기 있음,5,1,5,4,4,VIP,2025-10-15 16:15:00,제휴,MG16,89,완료,True,0.52,2,2026-06-19,2,4,1,4,79,39,189.8,14,True
M156,홍현우,남성,25,169,64,인천,서구,석사,지방거점,중소기업,푸른연구원,6900,2600,월세,True,6700,미혼,0,농어업,가사,중하,함께 거주,True,서울,3남매 이상,ISTP,기독교,안 함,비흡연,음악,원함,공동관리,가족시간,어려움,5,4,5,5,3,프리미엄,2025-04-10 12:39:00,SNS,MG09,99,완료,True,0.74,4,2026-06-27,3,3,4,4,103,47,252.6,20,True
M157,신민재,남성,33,182,64,부산,수영구,고졸,기타,IT,가온교육,6200,14400,자가,False,6700,미혼,0,회사원,전문직,중,함께 거주,True,부산,1남1녀,ESFP,기독교,월 2~4회,비흡연,음악,원함,상의 후 결정,문화생활,좋아함,2,1,3,1,3,프리미엄,2026-01-17 20:10:00,검색광고,MG10,86,완료,True,0.64,2,2026-06-30,3,4,2,2,74,34,195.3,7,True
M158,한지민,여성,25,163,70,경기,성남시,고졸,인서울,자영업,해봄스튜디오,4600,2100,가족동거,True,400,미혼,0,농어업,자영업,중,함께 거주,True,경기,자매 2명,ENTP,기독교,주 1~2회,비흡연,전시,원함,일부공동,집에서 휴식,알레르기 있음,3,3,4,3,4,프리미엄,2024-08-06 14:06:00,제휴,MG09,96,완료,True,0.72,3,2026-06-23,2,3,2,4,75,30,175.4,15,True
M159,정서연,여성,27,160,54,경남,진주시,학사,기타,중소기업,온누리메디컬,5800,3100,자가,True,11700,미혼,0,농어업,가사,중상,함께 거주,False,경기,3남매 이상,ISFJ,무교,주 1~2회,비흡연,게임,원함,상의 후 결정,문화생활,좋아함,5,3,3,2,3,베이직,2025-11-22 16:44:00,검색광고,MG01,95,완료,True,0.49,3,2026-06-20,3,2,3,3,69,34,203.6,10,False
M160,안정우,남성,27,176,72,경북,포항시,학사,수도권,프리랜서,새롬금융,5800,2500,자가,True,6200,미혼,0,회사원,자영업,중,함께 거주,True,서울,3남매 이상,ISFJ,기독교,월 1회 이하,비흡연,전시,원함,상의 후 결정,가족시간,상관없음,5,2,5,3,3,베이직,2025-08-07 17:28:00,오프라인행사,MG20,70,작성 중,True,0.27,1,2026-06-20,3,3,2,3,61,23,156,6,False
M161,이도윤,남성,36,183,65,인천,서구,학사,인서울,중소기업,푸른연구원,7500,14300,전세,False,0,미혼,0,기타,회사원,하,함께 거주,True,경북,3남매 이상,ESFJ,무교,월 2~4회,비흡연,영화,상의 후 결정,각자관리,가족시간,상관없음,5,4,4,2,2,베이직,2025-03-12 09:35:00,검색광고,MG11,72,작성 중,False,0.13,1,2026-06-04,0,0,0,1,8,4,31.3,0,False
M162,박예준,남성,38,178,76,경기,안양시,학사,SKY,공기업,온누리메디컬,7300,2900,가족동거,True,2500,미혼,0,은퇴,기타,중,함께 거주,True,광주,형제 2명,ENTP,기독교,월 2~4회,비흡연,전시,상의 후 결정,일부공동,친구모임,상관없음,4,2,5,2,3,베이직,2024-01-15 15:13:00,오프라인행사,MG06,72,작성 중,True,0.74,4,2026-06-19,1,2,2,1,36,16,111.8,9,False
M163,권준서,남성,36,171,68,서울,영등포구,석사,인서울,교직,가온교육,6500,6700,전세,False,1000,미혼,0,농어업,공무원,하,함께 거주,True,대구,외동,ESTJ,기독교,월 1회 이하,비흡연,반려동물,상의 후 결정,각자관리,집에서 휴식,상관없음,2,3,4,4,4,베이직,2024-12-25 18:56:00,오프라인행사,MG14,75,작성 중,False,0.19,2,2026-05-14,0,0,0,2,2,2,4.1,0,True
M164,최지호,남성,25,174,60,경기,성남시,학사,기타,중소기업,미래공사,6400,3300,월세,False,8500,미혼,0,자영업,가사,중,함께 거주,False,경남,형제 2명,ESTJ,기타,안 함,비흡연,전시,원함,공동관리,야외활동,좋아함,2,4,4,4,5,VIP,2025-01-16 12:12:00,SNS,MG02,86,완료,False,0.47,1,2026-05-23,0,0,0,1,5,1,9.3,3,False
M165,임하윤,여성,40,160,58,서울,성동구,석사,인서울,공무원,가온교육,6600,10800,월세,True,100,미혼,0,자영업,자영업,중,함께 거주,True,경기,1남1녀,ENTP,기독교,안 함,비흡연,독서,원함,일부공동,가족시간,상관없음,3,2,4,3,4,베이직,2025-12-15 12:03:00,검색광고,MG14,95,완료,True,0.63,1,2026-06-19,1,4,2,4,80,33,173.3,14,True
M166,오윤서,여성,36,161,56,대전,중구,석사,기타,대기업,해봄스튜디오,10800,17600,가족동거,True,0,미혼,0,회사원,자영업,중상,함께 거주,True,대전,3남매 이상,ENTP,기독교,월 2~4회,비흡연,전시,상의 후 결정,공동관리,집에서 휴식,알레르기 있음,3,3,5,4,3,프리미엄,2026-02-26 12:52:00,검색광고,MG13,72,작성 중,True,0.81,0,2026-06-18,2,2,2,5,59,21,134.9,8,True
M167,오유진,여성,34,161,59,경기,고양시,석사,인서울,중소기업,해봄스튜디오,6700,8500,월세,True,5500,미혼,0,전문직,자영업,중하,이혼,True,경남,형제 2명,ENTJ,기독교,월 1회 이하,비흡연,전시,원함,각자관리,야외활동,상관없음,4,3,4,5,3,프리미엄,2025-04-14 20:29:00,SNS,MG15,99,완료,True,0.6,4,2026-06-27,2,3,2,2,35,20,127.3,15,False
M168,이예준,남성,38,181,77,부산,수영구,학사,인서울,공기업,푸른연구원,7700,10400,가족동거,True,0,미혼,0,은퇴,은퇴,중하,이혼,True,대구,형제 2명,ISTJ,기타,안 함,비흡연,골프,원하지 않음,각자관리,친구모임,알레르기 있음,3,5,3,5,5,베이직,2024-03-08 19:06:00,지인추천,MG12,79,작성 중,True,0.7,0,2026-06-22,2,1,4,4,85,36,209.2,13,True
M169,오서준,남성,32,182,75,경기,용인시,학사,기타,전문직,가온교육,9500,9100,자가,False,6500,미혼,0,농어업,교직,상,함께 거주,True,전남,1남1녀,ENTJ,무교,월 1회 이하,비흡연,영화,원함,각자관리,야외활동,상관없음,2,2,5,2,3,프리미엄,2024-08-06 11:41:00,검색광고,MG16,71,작성 중,False,0.54,0,2026-06-10,0,1,2,1,10,4,42.4,3,True
M170,오다은,여성,31,162,61,서울,강남구,석사,기타,대기업,새롬금융,10500,7900,가족동거,True,9500,미혼,0,회사원,기타,중,함께 거주,True,경남,자매 2명,ENTJ,무교,월 2~4회,비흡연,러닝,원함,각자관리,야외활동,어려움,1,1,5,3,4,프리미엄,2024-04-24 15:09:00,검색광고,MG02,99,완료,True,0.66,3,2026-06-27,2,3,3,2,50,27,174.1,20,True
M171,정우진,남성,41,183,59,충남,공주시,고졸,지방거점,연구직,이음파트너스,8800,29600,전세,False,0,미혼,0,전문직,회사원,상,함께 거주,True,세종,1남1녀,ESTP,무교,안 함,비흡연,게임,원하지 않음,일부공동,야외활동,좋아함,4,4,4,4,2,베이직,2024-05-25 16:40:00,SNS,MG02,78,작성 중,True,0.69,2,2026-06-28,0,3,1,4,40,17,135.1,11,True
M172,최지훈,남성,38,181,64,서울,관악구,학사,인서울,중견기업,새롬금융,6600,3200,전세,True,0,미혼,0,공무원,전문직,중하,함께 거주,True,강원,외동,ENTJ,기독교,안 함,비흡연,운동,원함,상의 후 결정,가족시간,알레르기 있음,2,2,5,1,4,베이직,2024-01-28 10:31:00,제휴,MG20,73,작성 중,False,0.22,3,2026-04-18,1,1,1,1,7,4,51,0,False
M173,오지훈,남성,35,180,73,경기,성남시,학사,기타,공기업,푸른연구원,8100,12900,자가,True,9900,미혼,0,기타,전문직,중,함께 거주,False,경기,1남1녀,ISFP,천주교,주 1~2회,비흡연,요리,원함,상의 후 결정,집에서 휴식,알레르기 있음,4,2,4,2,4,VIP,2024-07-09 20:09:00,제휴,MG16,74,작성 중,True,0.57,3,2026-06-28,2,2,2,6,75,36,199.2,11,True
M174,신서연,여성,37,158,47,인천,남동구,학사,인서울,중소기업,푸른연구원,8100,11200,전세,False,400,미혼,0,공무원,공무원,중,함께 거주,True,서울,형제 2명,ISFJ,무교,안 함,비흡연,음악,원함,공동관리,친구모임,좋아함,5,3,5,4,5,VIP,2026-05-10 12:18:00,검색광고,MG19,84,작성 중,True,0.77,2,2026-06-24,1,3,4,5,91,37,231,31,True
M175,김수아,여성,30,164,64,충남,공주시,학사,수도권,연구직,미래공사,7300,8800,월세,True,6400,미혼,0,전문직,기타,중하,함께 거주,True,서울,1남1녀,INTJ,불교,월 2~4회,흡연,골프,원함,각자관리,문화생활,좋아함,3,4,5,2,4,베이직,2025-10-01 16:53:00,검색광고,MG02,79,작성 중,True,0.63,2,2026-06-20,2,1,2,3,67,27,170.2,9,False
M176,임수아,여성,42,170,61,서울,강남구,학사,기타,중견기업,새롬금융,8000,24300,월세,False,1400,미혼,0,농어업,가사,중상,모친 사별,True,경기,1남1녀,ESTJ,무교,월 1회 이하,비흡연,등산,원함,상의 후 결정,가족시간,좋아함,2,4,5,2,2,베이직,2024-10-16 14:48:00,제휴,MG03,76,작성 중,True,0.66,3,2026-06-18,2,2,2,1,49,21,118.2,9,True
M177,권도윤,남성,45,169,59,대구,달서구,석사,지방거점,중견기업,가온교육,6600,10600,전세,False,0,미혼,0,회사원,회사원,상,모친 사별,True,강원,형제 2명,ISFP,기독교,월 2~4회,비흡연,독서,상의 후 결정,각자관리,친구모임,상관없음,5,5,3,4,4,베이직,2024-04-22 10:44:00,제휴,MG12,76,작성 중,True,0.44,2,2026-06-22,2,3,2,3,58,27,135.4,16,False
M178,신준서,남성,44,180,58,부산,해운대구,학사,기타,전문직,한빛테크,12000,44600,가족동거,False,4700,미혼,0,공무원,자영업,중하,함께 거주,True,충남,외동,ESTP,천주교,월 2~4회,비흡연,등산,원함,공동관리,집에서 휴식,어려움,1,4,4,1,5,베이직,2025-03-15 09:31:00,검색광고,MG07,76,작성 중,True,0.73,1,2026-06-27,1,1,0,5,33,17,112.9,11,True
M179,임현우,남성,28,173,62,광주,광산구,학사,지방거점,자영업,푸른연구원,6400,5400,전세,True,4400,미혼,0,자영업,자영업,상,함께 거주,True,경남,형제 2명,ENFJ,무교,월 1회 이하,비흡연,반려동물,원함,상의 후 결정,집에서 휴식,어려움,2,5,3,5,4,프리미엄,2025-09-14 19:09:00,제휴,MG02,93,완료,True,0.71,3,2026-06-28,4,3,1,2,77,38,173,8,False
M180,정우진,남성,34,175,68,경기,안양시,석사,인서울,중견기업,한빛테크,8900,13200,월세,True,4300,미혼,0,전문직,가사,중상,함께 거주,True,부산,3남매 이상,INFP,무교,월 2~4회,금연 중,전시,원함,각자관리,가족시간,좋아함,3,2,4,2,5,프리미엄,2026-01-19 20:57:00,지인추천,MG13,64,작성 중,True,0.58,2,2026-06-18,4,2,3,1,56,23,160,12,False
M181,최도윤,남성,31,175,55,인천,부평구,학사,인서울,의료,나래컨설팅,7300,6300,가족동거,True,4700,미혼,0,전문직,자영업,중,함께 거주,True,부산,형제 2명,ENFP,불교,안 함,비흡연,음악,상의 후 결정,공동관리,야외활동,알레르기 있음,4,1,3,3,4,베이직,2025-10-07 12:53:00,SNS,MG07,100,완료,True,0.56,6,2026-06-17,1,3,4,5,82,41,226,12,False
M182,권예준,남성,40,180,75,전북,익산시,학사,SKY,공무원,미래공사,6700,5800,전세,False,2300,미혼,0,은퇴,자영업,중,함께 거주,True,서울,외동,ISTJ,무교,안 함,비흡연,요리,원함,각자관리,가족시간,어려움,4,2,5,1,4,베이직,2025-04-11 20:30:00,지인추천,MG07,81,작성 중,True,0.9,5,2026-06-24,2,3,3,2,66,29,161.1,11,False
M183,서민준,남성,36,171,79,경기,수원시,석사,인서울,중견기업,이음파트너스,7700,12000,전세,True,7200,미혼,0,농어업,회사원,중하,함께 거주,True,대구,외동,INFP,무교,월 1회 이하,흡연,반려동물,원함,공동관리,야외활동,좋아함,1,3,5,5,4,베이직,2026-02-04 11:04:00,검색광고,MG20,69,작성 중,False,0.39,0,2026-04-20,1,0,3,0,18,6,48.6,2,False
M184,최지훈,남성,43,180,77,세종,조치원읍,학사,인서울,공무원,미래공사,6700,17900,기타,True,0,재혼,1,전문직,공무원,중,함께 거주,True,인천,3남매 이상,INTP,기독교,안 함,비흡연,골프,원하지 않음,각자관리,친구모임,어려움,1,3,4,2,3,프리미엄,2024-04-11 16:45:00,검색광고,MG10,72,작성 중,False,0.06,2,2026-05-08,1,1,0,1,16,6,26.1,0,False
M185,황민서,여성,39,166,54,광주,서구,학사,인서울,금융,푸른연구원,9200,13500,전세,True,10800,미혼,0,회사원,은퇴,중,함께 거주,False,광주,1남1녀,INFP,무교,월 1회 이하,흡연,영화,원함,상의 후 결정,집에서 휴식,상관없음,5,5,4,3,5,베이직,2024-09-27 16:24:00,지인추천,MG04,62,작성 중,True,0.41,1,2026-06-27,3,2,1,5,65,27,195,11,False
M186,홍서준,남성,45,171,52,서울,성동구,석사,수도권,자영업,나래컨설팅,8800,7200,가족동거,True,3100,미혼,0,전문직,교직,중하,이혼,True,경기,외동,ENTJ,무교,월 2~4회,흡연,운동,원함,상의 후 결정,야외활동,좋아함,5,2,5,5,3,프리미엄,2025-11-08 10:57:00,제휴,MG01,89,완료,True,0.34,5,2026-06-27,4,2,1,2,60,27,176.9,9,False
M187,류수아,여성,30,170,73,서울,성동구,학사,인서울,프리랜서,온누리메디컬,6000,6300,자가,False,2300,미혼,0,회사원,교직,중,함께 거주,True,경기,외동,ISFJ,불교,월 2~4회,비흡연,등산,원함,일부공동,야외활동,상관없음,3,3,5,4,4,프리미엄,2026-05-23 20:31:00,지인추천,MG06,62,작성 중,False,0.12,1,2026-05-18,0,0,0,1,3,2,13.8,0,False
M188,박지호,남성,31,185,73,서울,관악구,전문학사,지방거점,자영업,새롬금융,7400,2000,전세,True,4200,미혼,0,기타,가사,중,함께 거주,True,서울,3남매 이상,ESFJ,무교,주 3회 이상,비흡연,등산,원함,공동관리,집에서 휴식,좋아함,4,2,5,4,4,베이직,2025-02-19 12:58:00,검색광고,MG03,100,완료,True,0.2,3,2026-06-16,4,1,3,2,69,29,178.2,1,False
M189,홍지아,여성,36,167,52,충남,아산시,학사,기타,공기업,이음파트너스,9200,500,자가,False,1100,미혼,0,기타,교직,상,함께 거주,False,경남,형제 2명,ESFP,천주교,월 2~4회,비흡연,운동,상의 후 결정,각자관리,문화생활,상관없음,5,1,5,1,5,베이직,2025-08-16 13:19:00,SNS,MG12,91,완료,True,0.71,5,2026-06-17,2,1,3,4,56,26,185,13,False
M190,최지훈,남성,48,173,66,경남,진주시,석사,수도권,의료,온누리메디컬,9700,28900,전세,False,4800,미혼,0,농어업,교직,하,함께 거주,True,경남,자매 2명,ENFJ,기독교,월 2~4회,비흡연,등산,원함,공동관리,야외활동,어려움,5,2,5,3,4,베이직,2024-01-21 15:49:00,검색광고,MG19,84,작성 중,True,0.66,0,2026-06-20,2,4,2,3,67,27,157,16,False
M191,서예은,여성,38,167,56,부산,부산진구,석사,인서울,IT,새롬금융,8600,22200,전세,False,3100,미혼,0,은퇴,전문직,중,함께 거주,False,세종,형제 2명,ESFJ,무교,월 2~4회,비흡연,영화,원함,상의 후 결정,친구모임,알레르기 있음,4,4,4,1,3,프리미엄,2025-12-04 12:10:00,오프라인행사,MG13,87,완료,True,0.56,3,2026-06-29,1,2,2,4,43,25,150.6,9,False
M192,조도윤,남성,30,177,68,경기,화성시,학사,수도권,IT,미래공사,8000,500,자가,False,5800,미혼,0,공무원,자영업,중하,함께 거주,False,서울,외동,ESTP,무교,월 2~4회,비흡연,골프,상의 후 결정,상의 후 결정,가족시간,상관없음,3,3,5,4,5,베이직,2025-02-19 19:07:00,제휴,MG12,96,완료,True,0.52,3,2026-06-27,1,3,3,5,68,31,194.3,5,False
M193,오서준,남성,36,181,87,서울,성동구,석사,SKY,중소기업,해봄스튜디오,5800,11100,가족동거,True,2300,미혼,0,기타,교직,중하,함께 거주,True,경기,외동,INTP,무교,주 1~2회,비흡연,게임,상의 후 결정,일부공동,친구모임,어려움,3,5,4,3,3,VIP,2025-07-09 19:19:00,검색광고,MG01,75,작성 중,True,0.33,3,2026-06-28,5,3,0,3,55,30,190.4,5,True
M194,홍우진,남성,40,179,71,서울,성동구,학사,인서울,중견기업,한빛테크,7600,2800,월세,True,7800,미혼,0,전문직,은퇴,중하,함께 거주,True,경기,자매 2명,INTJ,기독교,주 1~2회,비흡연,독서,원하지 않음,상의 후 결정,친구모임,상관없음,5,2,5,4,3,프리미엄,2025-01-09 16:40:00,제휴,MG18,82,작성 중,True,0.65,3,2026-06-27,3,0,1,3,38,19,126.5,3,True
M195,임도현,남성,43,174,73,경기,용인시,학사,기타,공기업,나래컨설팅,8600,6900,월세,True,2500,미혼,0,전문직,기타,중,함께 거주,True,인천,3남매 이상,ESTJ,무교,주 1~2회,비흡연,등산,원함,각자관리,집에서 휴식,상관없음,2,2,5,3,5,베이직,2025-11-15 09:40:00,제휴,MG18,95,완료,True,0.26,0,2026-06-30,0,2,2,6,69,29,152.4,0,True
M196,오하준,남성,26,174,67,부산,동래구,석사,수도권,공무원,미래공사,4700,2800,전세,True,3800,미혼,0,공무원,기타,중,함께 거주,False,전북,3남매 이상,INFP,무교,주 3회 이상,흡연,게임,상의 후 결정,상의 후 결정,가족시간,상관없음,4,3,3,5,5,프리미엄,2024-02-06 13:31:00,오프라인행사,MG18,96,완료,True,0.35,5,2026-06-27,1,1,1,3,22,13,79.2,3,False
M197,서지아,여성,34,162,56,서울,영등포구,석사,인서울,중소기업,해봄스튜디오,5700,10600,월세,True,0,미혼,0,전문직,은퇴,중,함께 거주,False,대전,3남매 이상,INTP,무교,월 1회 이하,비흡연,음악,원하지 않음,일부공동,가족시간,상관없음,3,1,5,3,4,베이직,2024-08-11 13:45:00,SNS,MG16,68,작성 중,False,0.46,1,2026-05-29,0,1,0,2,7,4,35.7,2,False
M198,신도윤,남성,30,177,66,울산,남구,학사,지방거점,대기업,새롬금융,7600,10900,월세,True,1900,미혼,0,농어업,자영업,중,함께 거주,True,경기,외동,ENFP,무교,월 2~4회,비흡연,요리,상의 후 결정,각자관리,집에서 휴식,좋아함,4,2,3,1,3,프리미엄,2025-04-03 18:49:00,SNS,MG14,94,완료,True,0.21,4,2026-06-16,3,0,2,3,51,23,152.7,0,True
M199,정정우,남성,39,173,70,서울,성동구,전문학사,인서울,중소기업,이음파트너스,7700,18000,전세,True,400,미혼,0,회사원,교직,중하,함께 거주,True,부산,형제 2명,ESTP,무교,안 함,비흡연,골프,상의 후 결정,각자관리,친구모임,어려움,1,1,5,3,3,베이직,2024-04-24 15:11:00,오프라인행사,MG14,93,완료,True,1,0,2026-06-19,4,2,2,7,127,51,271.3,26,True
M200,이지호,남성,34,174,61,서울,관악구,학사,인서울,중소기업,새롬금융,8300,10000,월세,True,4700,미혼,0,농어업,회사원,중,함께 거주,False,경북,외동,ISTJ,기독교,월 1회 이하,흡연,전시,원하지 않음,각자관리,친구모임,좋아함,3,5,5,1,4,VIP,2024-07-25 11:07:00,오프라인행사,MG11,82,작성 중,True,0.65,2,2026-06-20,2,1,2,3,41,21,101,12,True
M201,서준서,남성,34,183,79,경기,용인시,학사,지방거점,교직,가온교육,6700,8200,전세,True,4700,미혼,0,자영업,기타,상,함께 거주,True,인천,1남1녀,ENFJ,무교,월 2~4회,비흡연,여행,상의 후 결정,공동관리,집에서 휴식,좋아함,4,4,4,1,5,프리미엄,2025-04-25 18:41:00,SNS,MG11,55,미완료,False,0.02,1,2026-06-13,1,1,0,1,12,4,35.9,0,False
M202,서지훈,남성,31,175,74,인천,서구,석사,기타,공무원,미래공사,5700,2800,가족동거,False,1600,미혼,0,은퇴,공무원,중,함께 거주,True,경북,형제 2명,ENFP,무교,월 1회 이하,비흡연,운동,원함,각자관리,집에서 휴식,알레르기 있음,1,5,5,5,3,프리미엄,2025-01-31 14:59:00,오프라인행사,MG04,76,작성 중,True,0.59,0,2026-06-18,2,2,1,3,58,26,137.2,8,False
M203,신건우,남성,37,176,73,제주,제주시,학사,인서울,중소기업,온누리메디컬,4100,6100,전세,False,0,미혼,0,농어업,가사,중,함께 거주,False,인천,1남1녀,ISTP,기독교,주 1~2회,비흡연,음악,원함,일부공동,문화생활,좋아함,4,1,3,2,5,베이직,2024-02-25 11:34:00,제휴,MG20,91,완료,True,0.66,6,2026-06-20,3,4,2,2,81,31,198.4,27,True
M204,황우진,남성,32,169,69,경기,수원시,석사,기타,중소기업,이음파트너스,6700,8900,자가,True,9800,미혼,0,전문직,회사원,중,별거,True,서울,자매 2명,ENTP,기독교,안 함,비흡연,여행,원함,상의 후 결정,야외활동,어려움,3,1,5,1,5,프리미엄,2025-03-05 15:32:00,오프라인행사,MG11,69,작성 중,True,0.7,2,2026-06-22,1,2,5,2,58,24,156.7,10,True
M205,조도윤,남성,36,159,54,경기,고양시,석사,인서울,공무원,해봄스튜디오,8300,6200,자가,True,12400,미혼,0,은퇴,회사원,중,별거,True,강원,1남1녀,ESFP,무교,월 2~4회,비흡연,전시,원함,각자관리,야외활동,어려움,2,2,5,4,4,프리미엄,2024-04-01 17:42:00,검색광고,MG20,59,미완료,True,0.41,2,2026-06-16,2,3,3,1,34,20,149,13,False
M206,오도윤,남성,32,178,79,서울,영등포구,학사,기타,IT,미래공사,8300,3000,전세,False,0,미혼,0,공무원,은퇴,중상,함께 거주,True,강원,외동,INFP,무교,월 1회 이하,비흡연,여행,원함,공동관리,야외활동,상관없음,1,3,3,3,5,베이직,2026-01-28 17:44:00,오프라인행사,MG09,85,완료,True,0.71,2,2026-06-24,5,2,2,1,74,32,172.1,21,True
M207,한민서,여성,39,165,71,서울,노원구,전문학사,기타,중소기업,다온솔루션,5100,6600,월세,True,3100,재혼,0,전문직,기타,중,함께 거주,True,전북,외동,ISTP,불교,월 2~4회,비흡연,운동,상의 후 결정,각자관리,가족시간,상관없음,2,4,5,3,3,베이직,2025-04-09 19:17:00,SNS,MG10,74,작성 중,True,0.52,1,2026-06-23,3,1,1,2,28,13,99.8,11,False
M208,권우진,남성,30,185,83,서울,송파구,고졸,기타,전문직,이음파트너스,11300,9400,가족동거,True,3000,미혼,0,공무원,자영업,중하,함께 거주,True,인천,외동,ESFJ,무교,월 1회 이하,비흡연,반려동물,상의 후 결정,일부공동,문화생활,어려움,3,1,4,2,5,베이직,2025-02-20 16:24:00,오프라인행사,MG06,94,완료,True,0.61,1,2026-06-27,4,2,3,3,91,41,234.3,9,False
M209,강윤서,여성,38,162,68,인천,연수구,학사,인서울,대기업,이음파트너스,8200,9500,전세,False,7400,미혼,0,자영업,공무원,상,함께 거주,False,부산,형제 2명,ENTP,무교,주 3회 이상,비흡연,운동,원함,각자관리,집에서 휴식,알레르기 있음,4,3,4,4,4,VIP,2024-02-03 12:02:00,SNS,MG06,64,작성 중,True,0.43,2,2026-06-19,3,2,2,3,51,23,133.1,7,True
M210,신예준,남성,32,170,85,대전,서구,학사,기타,공무원,미래공사,10400,9800,전세,True,0,미혼,0,공무원,교직,상,이혼,False,경북,3남매 이상,ESTJ,기독교,월 2~4회,비흡연,요리,상의 후 결정,각자관리,가족시간,좋아함,2,2,5,3,4,프리미엄,2026-01-07 17:26:00,검색광고,MG10,77,작성 중,True,0.58,3,2026-06-27,2,1,2,3,46,25,162.8,9,False
M211,정유진,여성,44,161,57,광주,서구,석사,지방거점,대기업,나래컨설팅,10100,19500,자가,True,12000,미혼,0,기타,교직,중하,모친 사별,True,인천,형제 2명,ESFP,기타,월 2~4회,비흡연,여행,원함,각자관리,야외활동,좋아함,1,2,4,2,4,베이직,2026-03-21 13:42:00,검색광고,MG16,70,작성 중,False,0.31,0,2026-05-11,1,0,0,1,10,3,20.6,2,False
M212,장서윤,여성,29,167,65,서울,성동구,고졸,인서울,IT,온누리메디컬,5400,6200,가족동거,False,8500,미혼,0,전문직,은퇴,중,함께 거주,False,부산,1남1녀,INFJ,천주교,월 1회 이하,비흡연,반려동물,원함,상의 후 결정,집에서 휴식,상관없음,4,1,5,2,4,프리미엄,2025-12-07 19:17:00,제휴,MG15,100,완료,True,0.4,2,2026-06-27,2,0,2,4,59,25,132,1,True
M213,정도윤,남성,25,174,67,경남,창원시,학사,수도권,IT,미래공사,8800,6600,전세,True,5300,미혼,0,농어업,전문직,중상,함께 거주,True,경기,외동,ISTP,기독교,안 함,흡연,골프,원함,각자관리,야외활동,알레르기 있음,1,5,5,1,5,VIP,2025-01-08 15:04:00,지인추천,MG15,92,완료,False,0.3,0,2026-04-17,0,2,0,0,10,3,23.6,1,False
M214,김채원,여성,34,169,62,전남,여수시,학사,지방거점,중소기업,다온솔루션,5300,5400,전세,True,0,미혼,0,공무원,가사,중,함께 거주,True,전북,형제 2명,ISFP,무교,주 1~2회,흡연,음악,원함,공동관리,문화생활,알레르기 있음,1,5,3,5,4,베이직,2024-09-27 12:45:00,제휴,MG20,81,작성 중,True,0.75,2,2026-06-30,4,2,3,2,82,35,208.8,22,True
M215,권서연,여성,28,181,59,서울,강남구,석사,수도권,중견기업,이음파트너스,7500,8000,전세,True,1000,미혼,0,공무원,가사,중,함께 거주,False,서울,외동,INFP,불교,월 1회 이하,비흡연,반려동물,원함,상의 후 결정,가족시간,좋아함,4,1,4,3,5,베이직,2024-12-30 15:20:00,지인추천,MG15,81,작성 중,False,0.02,2,2026-05-04,0,0,0,0,0,0,0,0,False
M216,박민재,남성,37,173,73,부산,해운대구,전문학사,해외대,중소기업,가온교육,4100,7800,전세,False,4500,미혼,0,은퇴,공무원,중,함께 거주,False,서울,3남매 이상,INTP,기독교,월 2~4회,비흡연,여행,상의 후 결정,각자관리,문화생활,좋아함,5,5,4,3,5,베이직,2024-06-18 17:45:00,검색광고,MG05,68,작성 중,False,0.24,2,2026-04-27,0,0,0,0,0,0,0,0,False
M217,최지훈,남성,28,184,85,인천,서구,석사,기타,전문직,가온교육,12400,5400,가족동거,False,5500,미혼,0,회사원,교직,중하,함께 거주,True,경남,자매 2명,ENTJ,불교,월 2~4회,흡연,영화,원함,상의 후 결정,문화생활,어려움,2,4,5,4,3,베이직,2024-11-17 14:12:00,오프라인행사,MG11,56,미완료,False,0.04,0,2026-05-28,0,2,2,0,10,4,48.7,4,False
M218,황다은,여성,28,166,75,부산,해운대구,학사,수도권,공기업,해봄스튜디오,7600,2800,전세,True,1600,미혼,0,자영업,은퇴,중하,함께 거주,True,전북,1남1녀,ESTP,무교,월 2~4회,비흡연,운동,상의 후 결정,각자관리,집에서 휴식,상관없음,2,3,4,1,4,프리미엄,2024-09-17 12:37:00,검색광고,MG13,60,작성 중,False,0.57,1,2026-04-22,0,0,0,1,3,2,19.4,1,False
M219,강정우,남성,30,176,62,경기,용인시,학사,기타,공기업,푸른연구원,7400,5400,자가,True,5400,미혼,0,자영업,공무원,중상,함께 거주,True,경기,형제 2명,ESFJ,불교,주 1~2회,비흡연,운동,원함,상의 후 결정,친구모임,알레르기 있음,1,4,5,3,5,베이직,2025-09-18 11:34:00,오프라인행사,MG14,78,작성 중,True,0.32,4,2026-06-21,1,2,1,1,30,8,66.5,5,False
M220,신민서,여성,29,157,60,서울,관악구,학사,기타,중견기업,새롬금융,8300,3900,자가,True,5800,미혼,0,자영업,전문직,중하,함께 거주,False,서울,외동,ESFP,천주교,월 2~4회,흡연,여행,원함,공동관리,문화생활,좋아함,5,1,4,5,5,프리미엄,2024-05-06 17:02:00,SNS,MG09,100,완료,False,0.29,1,2026-05-07,0,1,1,1,7,5,39.5,2,False
M221,류지우,여성,29,163,59,경기,안양시,석사,수도권,교직,이음파트너스,7700,3300,전세,True,2800,미혼,0,농어업,전문직,중,함께 거주,True,서울,자매 2명,ENFP,무교,월 2~4회,비흡연,골프,상의 후 결정,상의 후 결정,친구모임,상관없음,5,3,5,5,4,베이직,2025-03-14 15:04:00,SNS,MG12,96,완료,True,0.68,2,2026-06-25,2,1,1,4,71,31,156.7,7,True
M222,홍하윤,여성,30,164,65,서울,노원구,학사,SKY,중견기업,푸른연구원,7800,4700,자가,True,10300,미혼,0,농어업,공무원,중,함께 거주,True,서울,3남매 이상,INFP,무교,주 1~2회,비흡연,운동,상의 후 결정,각자관리,문화생활,어려움,1,4,5,5,4,베이직,2025-07-06 18:01:00,검색광고,MG19,63,작성 중,False,0.44,0,2026-05-15,3,1,1,3,43,11,95.8,6,True
M223,류서연,여성,33,165,63,인천,남동구,학사,인서울,중견기업,새롬금융,7100,8600,월세,True,1800,미혼,0,공무원,은퇴,중상,함께 거주,True,경기,3남매 이상,ISTJ,무교,월 1회 이하,비흡연,영화,상의 후 결정,상의 후 결정,야외활동,상관없음,1,2,5,2,5,베이직,2024-12-23 20:19:00,SNS,MG12,62,작성 중,True,0.79,3,2026-06-18,3,0,3,0,27,14,92.4,8,False
M224,장도현,남성,40,172,72,인천,남동구,학사,기타,대기업,새롬금융,7800,16700,전세,True,0,미혼,0,회사원,자영업,중하,함께 거주,True,강원,형제 2명,INFJ,무교,월 1회 이하,비흡연,게임,원함,일부공동,가족시간,상관없음,5,5,4,4,4,베이직,2024-04-08 12:28:00,검색광고,MG06,100,완료,True,0.46,2,2026-06-18,4,3,4,7,137,56,280,8,True
M225,신도현,남성,30,168,59,제주,제주시,학사,SKY,중견기업,새롬금융,6300,1900,자가,True,10200,미혼,0,자영업,회사원,중,모두 사별,True,서울,3남매 이상,ISTJ,무교,주 1~2회,비흡연,등산,원함,상의 후 결정,가족시간,어려움,2,1,3,4,5,프리미엄,2024-04-01 19:00:00,검색광고,MG11,93,완료,True,0.35,1,2026-06-21,4,2,1,0,42,20,152.9,3,True
M226,신은서,여성,45,167,52,경남,진주시,학사,기타,자영업,가온교육,9200,6500,전세,True,2000,미혼,0,공무원,가사,중상,함께 거주,True,전북,1남1녀,ISFJ,무교,주 1~2회,비흡연,독서,상의 후 결정,공동관리,가족시간,어려움,3,2,4,5,5,베이직,2024-12-21 13:15:00,지인추천,MG07,87,완료,True,0.51,4,2026-06-23,2,1,1,4,63,27,144.1,8,False
M227,송정우,남성,42,164,58,경기,성남시,전문학사,수도권,의료,이음파트너스,7900,7100,전세,True,0,미혼,0,기타,공무원,상,함께 거주,True,경기,외동,ISTP,무교,월 1회 이하,흡연,골프,원함,공동관리,야외활동,상관없음,2,4,5,5,4,베이직,2024-08-16 09:03:00,지인추천,MG06,73,작성 중,True,0.68,2,2026-06-22,3,4,3,3,91,37,208.5,23,False
M228,김시우,남성,35,179,74,서울,관악구,학사,지방거점,대기업,가온교육,7100,6900,전세,True,0,미혼,0,전문직,기타,중,함께 거주,False,서울,형제 2명,ISFJ,천주교,월 2~4회,비흡연,등산,원하지 않음,각자관리,가족시간,어려움,4,2,3,5,3,베이직,2026-03-30 15:52:00,검색광고,MG06,83,작성 중,True,0.41,4,2026-06-28,3,3,0,5,70,30,170,6,True
M229,윤민준,남성,43,179,56,경북,포항시,학사,인서울,공기업,온누리메디컬,6100,8600,전세,True,0,미혼,0,자영업,가사,중,별거,False,대전,외동,ENFJ,무교,월 2~4회,비흡연,독서,원함,공동관리,친구모임,어려움,2,1,4,5,4,베이직,2024-12-14 12:23:00,제휴,MG07,99,완료,False,0.31,0,2026-05-19,0,1,2,0,19,7,31.7,1,False
M230,최유진,여성,32,162,49,충북,충주시,전문학사,수도권,IT,이음파트너스,6800,7000,자가,True,7000,미혼,0,전문직,가사,상,함께 거주,False,경남,외동,INTP,무교,주 1~2회,비흡연,운동,원함,일부공동,친구모임,좋아함,3,5,5,1,3,베이직,2025-09-13 10:46:00,지인추천,MG18,62,작성 중,False,0.07,0,2026-04-30,0,1,1,1,7,3,23.3,0,False
M231,서현우,남성,36,179,66,대구,수성구,학사,수도권,공무원,해봄스튜디오,5700,10300,가족동거,False,2300,미혼,0,회사원,은퇴,중,함께 거주,False,서울,자매 2명,INTJ,기독교,안 함,금연 중,영화,원함,상의 후 결정,집에서 휴식,어려움,5,4,5,1,5,베이직,2024-11-10 14:36:00,SNS,MG18,80,작성 중,True,0.66,5,2026-06-22,2,4,1,2,48,25,143.7,11,True
M232,이지민,여성,35,155,52,경기,성남시,전문학사,수도권,전문직,새롬금융,9700,4900,전세,True,5800,미혼,0,전문직,가사,중,이혼,True,경기,외동,ENFJ,무교,월 1회 이하,비흡연,요리,원함,상의 후 결정,친구모임,좋아함,2,4,3,4,3,프리미엄,2024-07-04 17:22:00,오프라인행사,MG15,65,작성 중,False,0.25,1,2026-05-20,0,1,0,0,1,1,3.2,0,False
M233,임수아,여성,34,168,69,서울,성동구,박사,지방거점,전문직,다온솔루션,11100,9700,전세,False,0,미혼,0,농어업,기타,중하,함께 거주,True,서울,형제 2명,ESTP,무교,월 2~4회,금연 중,게임,원함,상의 후 결정,문화생활,상관없음,1,3,5,1,2,VIP,2024-02-12 09:42:00,제휴,MG02,66,작성 중,False,0.23,1,2026-05-01,0,0,0,1,4,1,4.9,0,False
M234,이예준,남성,41,163,53,서울,송파구,학사,수도권,중소기업,나래컨설팅,6100,11300,전세,False,0,미혼,0,공무원,공무원,중하,부친 사별,False,경북,외동,ESTP,기독교,안 함,비흡연,요리,원함,상의 후 결정,집에서 휴식,알레르기 있음,3,2,4,4,2,베이직,2025-10-01 13:14:00,지인추천,MG05,66,작성 중,False,0.26,3,2026-05-03,1,1,0,0,7,2,27.8,4,False
M235,신우진,남성,29,177,79,대전,중구,학사,지방거점,중견기업,가온교육,9200,5000,전세,False,5500,미혼,0,은퇴,회사원,중,함께 거주,False,경기,외동,ESTP,무교,안 함,비흡연,운동,원함,각자관리,문화생활,어려움,3,3,4,3,4,베이직,2026-03-05 10:43:00,오프라인행사,MG15,72,작성 중,False,0.3,2,2026-05-22,1,2,1,0,15,7,51.1,0,False
M236,장예준,남성,36,177,75,경기,수원시,석사,지방거점,의료,미래공사,11000,12000,기타,False,3300,미혼,0,자영업,전문직,중,함께 거주,False,인천,외동,ESFJ,천주교,안 함,비흡연,반려동물,원함,일부공동,집에서 휴식,어려움,1,1,5,2,2,프리미엄,2024-09-15 18:06:00,제휴,MG12,60,작성 중,True,0.43,5,2026-06-23,3,1,1,1,23,13,113.8,3,True
M237,임예은,여성,38,164,47,충남,아산시,학사,SKY,자영업,해봄스튜디오,7200,7900,전세,False,0,재혼,0,자영업,자영업,중하,함께 거주,True,세종,자매 2명,ENFJ,불교,주 1~2회,비흡연,반려동물,원하지 않음,각자관리,가족시간,좋아함,4,4,3,2,4,프리미엄,2024-11-14 19:03:00,SNS,MG19,46,미완료,False,0.11,0,2026-04-27,0,0,1,1,4,2,26.1,0,True
M238,조지민,여성,25,158,65,서울,송파구,석사,지방거점,공기업,온누리메디컬,9100,1900,전세,False,0,미혼,0,기타,은퇴,중,함께 거주,True,경남,1남1녀,ISTP,무교,주 1~2회,흡연,전시,원함,공동관리,친구모임,좋아함,5,5,4,1,2,VIP,2026-02-02 10:21:00,지인추천,MG10,65,작성 중,True,0.59,4,2026-06-19,3,2,5,3,57,25,172.9,19,True
M239,정건우,남성,36,178,65,경기,화성시,고졸,인서울,중견기업,한빛테크,5300,11700,월세,False,5100,미혼,0,은퇴,교직,중하,함께 거주,True,전북,1남1녀,ISTJ,기독교,월 1회 이하,비흡연,독서,상의 후 결정,상의 후 결정,야외활동,좋아함,3,2,5,3,5,프리미엄,2026-05-11 11:38:00,오프라인행사,MG08,98,완료,True,0.51,2,2026-06-20,1,3,2,2,65,30,161.9,8,True
M240,오예준,남성,27,174,64,경기,성남시,전문학사,기타,중견기업,한빛테크,3200,2500,전세,False,0,미혼,0,농어업,자영업,중,함께 거주,True,경기,외동,ISTJ,무교,주 3회 이상,비흡연,등산,원함,상의 후 결정,가족시간,어려움,5,1,5,1,4,프리미엄,2025-06-07 13:39:00,오프라인행사,MG12,69,작성 중,True,0.39,3,2026-06-30,1,0,3,5,61,30,163.4,5,True
M241,안지호,남성,40,174,76,인천,남동구,전문학사,지방거점,공기업,가온교육,7500,10100,자가,True,8700,미혼,0,은퇴,교직,중상,함께 거주,True,강원,1남1녀,ENFJ,천주교,주 1~2회,비흡연,등산,상의 후 결정,각자관리,가족시간,알레르기 있음,4,2,3,5,3,베이직,2024-10-16 19:24:00,검색광고,MG15,84,작성 중,True,0.78,3,2026-06-29,3,4,0,2,47,23,136.6,18,False
M242,권민재,남성,37,176,78,경북,경주시,학사,SKY,공무원,푸른연구원,5600,8900,월세,True,4700,미혼,0,공무원,기타,중하,함께 거주,True,경기,형제 2명,ENTJ,불교,주 1~2회,흡연,음악,상의 후 결정,상의 후 결정,야외활동,좋아함,4,3,4,2,5,프리미엄,2025-03-11 15:14:00,지인추천,MG16,100,완료,True,0.4,2,2026-06-27,1,2,1,5,78,27,145.4,3,True
M243,정다은,여성,36,157,48,서울,강남구,학사,SKY,중소기업,해봄스튜디오,6500,10900,자가,True,4200,미혼,0,전문직,기타,중상,함께 거주,True,경기,3남매 이상,ENFP,무교,주 1~2회,비흡연,요리,상의 후 결정,공동관리,친구모임,상관없음,5,1,3,2,4,프리미엄,2025-12-11 15:10:00,제휴,MG01,92,완료,True,0.56,4,2026-06-18,4,2,1,3,67,28,143.7,9,True
M244,조민준,남성,25,170,67,전남,목포시,석사,인서울,IT,푸른연구원,9400,6900,자가,True,6700,미혼,0,자영업,자영업,중상,함께 거주,True,제주,형제 2명,ISTJ,무교,안 함,비흡연,전시,상의 후 결정,공동관리,친구모임,어려움,2,5,4,1,4,베이직,2024-09-13 16:03:00,검색광고,MG02,82,작성 중,False,0.36,1,2026-05-02,1,1,0,2,14,5,43.3,5,False
M245,박서연,여성,40,167,55,서울,영등포구,학사,인서울,금융,해봄스튜디오,9200,22700,전세,False,0,재혼,1,농어업,교직,중하,함께 거주,True,서울,자매 2명,ESTP,무교,월 2~4회,비흡연,게임,상의 후 결정,상의 후 결정,야외활동,좋아함,4,4,3,3,4,프리미엄,2025-03-01 16:42:00,오프라인행사,MG07,55,미완료,False,0.37,3,2026-04-29,0,0,0,1,3,1,9.9,0,False
M246,정민서,여성,33,159,63,대구,수성구,학사,인서울,대기업,새롬금융,12100,9200,자가,True,9000,미혼,0,농어업,공무원,상,별거,True,대전,1남1녀,ESTP,기독교,월 1회 이하,비흡연,게임,원함,상의 후 결정,문화생활,상관없음,2,4,5,1,5,프리미엄,2025-07-01 15:25:00,오프라인행사,MG10,76,작성 중,True,0.58,1,2026-06-30,5,1,3,1,71,29,162.4,5,False
M247,권지우,여성,32,164,55,인천,부평구,학사,기타,의료,미래공사,10200,19200,월세,True,6100,미혼,0,은퇴,회사원,중하,함께 거주,True,충남,형제 2명,ISFP,무교,월 2~4회,금연 중,영화,원함,일부공동,야외활동,상관없음,3,4,5,4,4,베이직,2026-05-10 19:55:00,SNS,MG03,80,작성 중,True,0.41,5,2026-06-24,3,2,1,0,46,20,113.6,0,False
M248,안민재,남성,40,185,74,경북,포항시,전문학사,지방거점,IT,온누리메디컬,6700,13600,전세,False,0,미혼,0,공무원,은퇴,중,별거,True,충북,1남1녀,ENTJ,불교,월 2~4회,비흡연,전시,원함,상의 후 결정,집에서 휴식,좋아함,2,1,5,3,5,베이직,2026-01-26 17:52:00,지인추천,MG18,100,완료,True,0.71,2,2026-06-20,2,1,2,4,82,34,184,12,True
M249,윤서연,여성,45,165,59,경기,고양시,학사,지방거점,전문직,다온솔루션,9400,20400,월세,False,5000,미혼,0,기타,전문직,중,함께 거주,True,경기,1남1녀,ISFJ,무교,주 1~2회,비흡연,독서,상의 후 결정,상의 후 결정,친구모임,상관없음,5,4,5,2,4,프리미엄,2025-01-08 18:10:00,오프라인행사,MG09,89,완료,True,0.51,3,2026-06-30,5,2,2,2,50,26,147.5,4,False
M250,윤건우,남성,36,170,65,경기,성남시,학사,지방거점,금융,푸른연구원,9200,14500,월세,True,5000,미혼,0,농어업,가사,중상,함께 거주,False,서울,형제 2명,ENTJ,무교,월 1회 이하,비흡연,요리,원함,일부공동,문화생활,어려움,1,3,4,4,4,베이직,2024-03-27 16:16:00,SNS,MG17,52,미완료,False,0.56,2,2026-06-08,2,0,0,1,10,6,27.9,2,False
M251,김수아,여성,32,158,46,경기,고양시,학사,기타,중소기업,가온교육,2600,3300,전세,True,6900,미혼,0,전문직,회사원,중상,함께 거주,True,경기,외동,INTP,무교,주 1~2회,비흡연,반려동물,원하지 않음,상의 후 결정,가족시간,알레르기 있음,2,2,5,5,5,VIP,2026-02-01 11:12:00,오프라인행사,MG01,66,작성 중,True,0.58,2,2026-06-26,0,0,1,6,52,23,125.9,10,False
M252,박예은,여성,41,176,69,서울,마포구,학사,인서울,중소기업,다온솔루션,4800,12800,전세,False,0,미혼,0,은퇴,회사원,중하,함께 거주,True,경북,형제 2명,ESFP,무교,월 2~4회,비흡연,반려동물,원하지 않음,각자관리,가족시간,상관없음,5,4,5,1,4,베이직,2026-01-04 17:59:00,지인추천,MG12,86,완료,True,0.45,2,2026-06-24,2,2,0,3,50,23,133.1,1,False
M253,장서준,남성,37,178,66,서울,송파구,학사,기타,중견기업,나래컨설팅,8400,15300,가족동거,True,0,미혼,0,회사원,기타,중,부친 사별,True,서울,형제 2명,INFP,불교,주 1~2회,금연 중,게임,원하지 않음,상의 후 결정,집에서 휴식,상관없음,3,4,3,2,5,프리미엄,2025-01-15 19:58:00,제휴,MG20,80,작성 중,True,0.93,4,2026-06-16,5,0,5,2,83,37,218.4,20,True
M254,한서연,여성,32,161,69,인천,남동구,석사,인서울,IT,온누리메디컬,8500,6200,전세,True,0,미혼,0,기타,공무원,중,함께 거주,True,울산,형제 2명,ENFJ,불교,주 1~2회,흡연,등산,원함,상의 후 결정,집에서 휴식,상관없음,4,3,4,2,3,프리미엄,2025-04-22 13:18:00,오프라인행사,MG03,100,완료,True,0.58,1,2026-06-24,2,2,1,1,49,20,99.7,5,True
M255,임유진,여성,38,165,53,전북,군산시,전문학사,기타,중견기업,다온솔루션,5700,8400,전세,False,4900,미혼,0,농어업,회사원,중상,함께 거주,True,대전,외동,INTJ,무교,주 1~2회,비흡연,등산,원함,각자관리,문화생활,어려움,5,2,5,4,4,베이직,2025-05-21 19:43:00,검색광고,MG17,86,완료,True,0.79,0,2026-06-16,2,2,1,2,37,20,119.3,20,True
M256,한예준,남성,41,167,66,전남,순천시,학사,인서울,전문직,다온솔루션,10700,16800,전세,False,5100,미혼,0,은퇴,전문직,중하,함께 거주,True,부산,자매 2명,ESFJ,천주교,월 1회 이하,비흡연,러닝,원함,일부공동,친구모임,어려움,1,2,4,1,5,베이직,2024-05-03 17:33:00,제휴,MG06,87,완료,True,0.6,2,2026-06-16,3,1,2,2,55,22,143.7,3,False
M257,오예준,남성,33,174,63,광주,광산구,학사,SKY,중소기업,푸른연구원,2900,2400,가족동거,False,0,미혼,0,공무원,기타,상,함께 거주,True,경기,자매 2명,ISTP,무교,월 2~4회,비흡연,음악,상의 후 결정,상의 후 결정,친구모임,좋아함,2,2,5,1,3,베이직,2026-02-04 10:07:00,지인추천,MG07,84,작성 중,True,0.88,5,2026-06-17,2,5,2,3,36,21,174.7,28,False
M258,서지민,여성,26,162,56,서울,노원구,학사,해외대,자영업,다온솔루션,9000,6500,월세,True,8600,미혼,0,공무원,공무원,중,함께 거주,True,경기,1남1녀,ESTJ,무교,월 1회 이하,비흡연,독서,상의 후 결정,일부공동,야외활동,어려움,5,4,4,3,5,베이직,2024-10-24 14:16:00,제휴,MG20,82,작성 중,True,0.59,1,2026-06-18,4,2,2,0,46,26,145.2,14,False
M259,송민재,남성,42,172,82,세종,조치원읍,학사,지방거점,중소기업,새롬금융,6600,8200,전세,True,900,미혼,0,전문직,은퇴,하,함께 거주,True,경기,1남1녀,ESFJ,무교,월 1회 이하,금연 중,등산,원함,상의 후 결정,야외활동,알레르기 있음,4,2,4,5,4,VIP,2025-05-08 17:07:00,SNS,MG11,62,작성 중,False,0.39,1,2026-05-12,0,0,1,0,7,2,11.6,0,False
M260,윤지우,여성,30,158,46,부산,부산진구,학사,기타,중견기업,푸른연구원,7300,8400,월세,True,5600,미혼,0,은퇴,회사원,하,함께 거주,True,대구,형제 2명,INFJ,무교,주 1~2회,비흡연,영화,상의 후 결정,상의 후 결정,야외활동,좋아함,5,1,3,2,4,베이직,2025-03-10 10:34:00,오프라인행사,MG05,81,작성 중,True,0.5,1,2026-06-22,1,3,1,3,49,23,118.1,2,True
M261,정하준,남성,29,187,77,충남,공주시,학사,수도권,중소기업,해봄스튜디오,5300,5200,가족동거,True,3600,미혼,0,농어업,기타,중하,이혼,False,부산,1남1녀,INFP,무교,월 1회 이하,비흡연,러닝,원함,공동관리,야외활동,상관없음,4,2,3,3,4,베이직,2026-05-21 20:43:00,SNS,MG01,60,작성 중,True,0.66,2,2026-06-28,2,2,2,2,27,14,107.7,12,False
M262,박예준,남성,32,174,69,경남,창원시,석사,인서울,전문직,푸른연구원,10600,3300,자가,True,7200,미혼,0,공무원,가사,중하,함께 거주,True,경기,외동,ENTP,기독교,월 1회 이하,금연 중,게임,원함,상의 후 결정,가족시간,어려움,1,3,5,3,3,프리미엄,2025-12-19 18:39:00,제휴,MG20,77,작성 중,True,0.59,3,2026-06-20,2,1,1,3,35,20,92.9,8,False
M263,서민준,남성,38,180,85,인천,서구,석사,수도권,공기업,다온솔루션,9100,6600,자가,True,9800,재혼,0,공무원,은퇴,중상,이혼,False,서울,형제 2명,ESFJ,무교,안 함,비흡연,반려동물,원하지 않음,공동관리,친구모임,어려움,5,3,4,3,3,베이직,2025-06-02 11:52:00,지인추천,MG16,79,작성 중,True,0.36,0,2026-06-24,1,3,2,1,45,19,116.5,0,True
M264,윤다은,여성,49,164,62,경북,포항시,전문학사,지방거점,대기업,다온솔루션,7400,31300,자가,True,0,미혼,0,공무원,은퇴,중하,함께 거주,True,세종,외동,INFP,무교,월 2~4회,비흡연,골프,원함,각자관리,집에서 휴식,좋아함,4,4,4,1,2,베이직,2024-05-15 18:26:00,제휴,MG09,77,작성 중,False,0.2,3,2026-06-12,0,0,0,1,3,2,19.9,0,False
M265,장예준,남성,31,175,68,부산,동래구,학사,수도권,프리랜서,가온교육,5600,3700,월세,True,5700,미혼,0,전문직,교직,중,함께 거주,True,경북,형제 2명,ISTP,기독교,안 함,비흡연,요리,상의 후 결정,상의 후 결정,야외활동,알레르기 있음,5,4,5,4,4,베이직,2026-04-08 16:55:00,오프라인행사,MG05,71,작성 중,True,0.68,3,2026-06-16,3,2,2,1,38,17,124.2,14,True
M266,황은서,여성,35,170,56,경북,구미시,학사,기타,공무원,가온교육,6500,500,월세,False,0,미혼,0,은퇴,자영업,하,함께 거주,False,경북,외동,ENFP,불교,월 2~4회,금연 중,여행,원함,공동관리,친구모임,상관없음,2,1,5,5,5,VIP,2025-04-17 17:19:00,SNS,MG12,66,작성 중,False,0.33,3,2026-05-12,0,0,0,0,0,0,0,0,False
M267,강우진,남성,32,171,55,서울,성동구,학사,지방거점,중소기업,다온솔루션,5100,2800,전세,True,6500,미혼,0,농어업,전문직,중상,함께 거주,True,충북,3남매 이상,ISFP,무교,월 1회 이하,비흡연,등산,원함,공동관리,문화생활,좋아함,2,5,5,3,4,VIP,2024-08-13 20:09:00,검색광고,MG08,85,완료,True,0.57,3,2026-06-16,1,2,3,1,41,19,143.9,8,True
M268,강지아,여성,39,165,70,경남,창원시,학사,인서울,연구직,푸른연구원,7200,10500,월세,True,2300,미혼,0,은퇴,전문직,중,함께 거주,False,서울,외동,INFJ,무교,월 2~4회,흡연,골프,원함,공동관리,친구모임,상관없음,3,4,5,5,4,베이직,2024-07-14 11:55:00,SNS,MG19,82,작성 중,True,0.62,1,2026-06-21,1,1,2,4,46,22,133,11,True
M269,임은서,여성,31,160,58,대구,북구,전문학사,인서울,프리랜서,나래컨설팅,4400,3200,기타,True,0,미혼,0,농어업,은퇴,중,함께 거주,True,부산,자매 2명,ESFJ,천주교,월 2~4회,비흡연,러닝,원함,상의 후 결정,야외활동,알레르기 있음,2,4,5,4,4,베이직,2026-02-11 09:05:00,지인추천,MG19,93,완료,True,1,0,2026-06-22,3,2,1,3,62,29,175.8,18,True
M270,정정우,남성,25,184,69,전북,익산시,석사,지방거점,중견기업,이음파트너스,7600,3000,자가,True,5800,미혼,0,회사원,전문직,중,함께 거주,True,제주,1남1녀,ESFJ,무교,안 함,금연 중,여행,원함,각자관리,가족시간,어려움,2,5,5,5,4,베이직,2025-12-17 09:39:00,지인추천,MG06,67,작성 중,True,0.57,4,2026-06-25,3,0,2,4,46,24,154.3,19,True
M271,최윤서,여성,34,171,80,인천,부평구,석사,인서울,전문직,이음파트너스,9500,7700,전세,True,0,미혼,0,전문직,공무원,하,이혼,True,울산,3남매 이상,ENFJ,무교,월 1회 이하,비흡연,반려동물,원함,일부공동,문화생활,어려움,3,5,5,2,5,프리미엄,2024-05-18 18:22:00,제휴,MG02,61,작성 중,True,0.7,3,2026-06-22,1,2,2,3,40,19,108.3,14,False
M272,김소율,여성,48,172,68,경남,김해시,학사,SKY,공무원,한빛테크,7400,14000,전세,True,2600,미혼,0,공무원,회사원,중,함께 거주,True,인천,자매 2명,INTJ,무교,주 1~2회,비흡연,전시,상의 후 결정,공동관리,가족시간,상관없음,4,5,5,1,4,베이직,2025-11-28 10:46:00,SNS,MG07,77,작성 중,True,0.51,3,2026-06-17,4,2,4,1,58,24,176.2,18,False
M273,최은서,여성,40,163,52,경기,고양시,학사,인서울,대기업,새롬금융,11600,17900,전세,False,700,미혼,0,농어업,기타,중하,함께 거주,True,경북,1남1녀,ISTJ,무교,월 1회 이하,비흡연,반려동물,원함,상의 후 결정,문화생활,알레르기 있음,4,2,3,1,3,베이직,2025-04-13 15:40:00,검색광고,MG20,78,작성 중,True,0.74,3,2026-06-22,3,2,2,2,62,28,197.4,15,True
M274,송우진,남성,35,175,68,서울,마포구,학사,기타,공기업,미래공사,7100,9600,월세,False,6100,미혼,0,전문직,기타,중,별거,True,서울,자매 2명,ISTJ,천주교,월 1회 이하,비흡연,반려동물,원함,각자관리,문화생활,알레르기 있음,5,5,4,2,4,프리미엄,2024-11-04 13:02:00,검색광고,MG05,96,완료,True,0.61,3,2026-06-29,2,2,1,3,67,27,171.5,6,True
M275,김다은,여성,25,161,56,충북,청주시,석사,해외대,자영업,이음파트너스,9500,6400,가족동거,True,4700,미혼,0,회사원,기타,중,함께 거주,True,경북,형제 2명,ESFJ,불교,월 2~4회,비흡연,러닝,원함,각자관리,가족시간,어려움,4,4,5,3,3,베이직,2024-02-25 14:22:00,오프라인행사,MG10,72,작성 중,True,0.52,2,2026-06-30,0,2,2,3,30,14,106.5,10,True
M276,강소율,여성,40,170,62,경기,용인시,학사,수도권,연구직,해봄스튜디오,8700,20500,가족동거,True,4800,미혼,0,농어업,회사원,중,이혼,False,서울,3남매 이상,ESFJ,불교,안 함,비흡연,음악,상의 후 결정,일부공동,가족시간,상관없음,1,4,4,5,5,베이직,2024-05-04 15:28:00,검색광고,MG09,80,작성 중,True,0.78,0,2026-06-30,1,4,2,5,44,26,196.6,19,False
M277,황현우,남성,41,165,62,인천,남동구,고졸,지방거점,연구직,미래공사,3300,5400,월세,False,5100,미혼,0,공무원,공무원,중하,이혼,False,경북,외동,INTJ,기독교,안 함,비흡연,요리,상의 후 결정,일부공동,가족시간,알레르기 있음,5,1,5,4,5,프리미엄,2025-11-18 11:07:00,SNS,MG02,88,완료,False,0.04,2,2026-04-23,3,0,3,1,13,9,88.1,0,False
M278,김시우,남성,37,172,85,서울,관악구,전문학사,인서울,대기업,다온솔루션,10400,16500,가족동거,False,0,미혼,0,전문직,공무원,중,함께 거주,True,부산,형제 2명,INFJ,불교,월 2~4회,비흡연,운동,원함,각자관리,집에서 휴식,알레르기 있음,1,5,4,1,5,베이직,2024-10-16 20:08:00,SNS,MG04,64,작성 중,True,0.83,2,2026-06-29,1,3,2,3,56,23,161.3,9,True
M279,강예준,남성,37,179,77,충북,제천시,학사,지방거점,IT,해봄스튜디오,9800,20300,기타,True,8000,미혼,0,공무원,전문직,중하,함께 거주,False,서울,형제 2명,ENFP,기타,월 1회 이하,흡연,여행,상의 후 결정,상의 후 결정,집에서 휴식,어려움,4,1,4,4,2,베이직,2024-06-18 16:55:00,검색광고,MG16,90,완료,False,0.1,0,2026-04-24,1,0,2,1,22,4,30.8,0,False
M280,한민준,남성,35,171,55,경기,성남시,석사,지방거점,대기업,가온교육,7300,7400,가족동거,False,0,미혼,0,회사원,회사원,중상,함께 거주,True,서울,형제 2명,INFJ,천주교,월 2~4회,비흡연,골프,원함,공동관리,친구모임,상관없음,3,3,5,5,4,프리미엄,2025-10-15 17:04:00,지인추천,MG10,93,완료,True,0.36,0,2026-06-22,2,3,1,4,69,33,184.5,17,False
M281,김하윤,여성,27,164,68,대전,중구,학사,인서울,중소기업,푸른연구원,5300,4800,자가,True,4900,미혼,0,공무원,가사,중하,함께 거주,True,광주,외동,ISTP,천주교,월 2~4회,흡연,운동,상의 후 결정,상의 후 결정,집에서 휴식,어려움,3,1,5,5,3,VIP,2025-07-09 14:50:00,제휴,MG01,83,작성 중,False,0.5,2,2026-05-13,0,1,3,2,32,10,79,5,True
M282,한윤서,여성,38,159,66,경기,고양시,학사,인서울,중소기업,새롬금융,4500,6900,월세,True,500,재혼,0,전문직,기타,중하,부친 사별,True,경기,외동,ENTP,불교,안 함,비흡연,전시,상의 후 결정,상의 후 결정,문화생활,어려움,5,3,4,1,4,프리미엄,2026-05-06 09:44:00,지인추천,MG14,77,작성 중,False,0.39,0,2026-05-08,1,0,1,2,15,6,56.2,7,False
M283,한민재,남성,25,165,65,서울,영등포구,학사,수도권,교직,푸른연구원,6100,2500,자가,False,8600,재혼,0,농어업,가사,중,함께 거주,True,전북,외동,ENTP,무교,월 2~4회,흡연,등산,원함,일부공동,문화생활,상관없음,5,4,5,1,5,베이직,2024-11-12 15:02:00,SNS,MG17,95,완료,True,0.66,3,2026-06-21,1,0,2,7,68,28,157,4,False
M284,류수아,여성,35,165,48,서울,마포구,학사,인서울,전문직,온누리메디컬,10600,19800,자가,True,11200,미혼,0,회사원,공무원,중,함께 거주,False,서울,외동,ESTJ,무교,월 1회 이하,흡연,골프,원함,일부공동,문화생활,어려움,3,5,5,4,5,베이직,2026-04-09 18:26:00,제휴,MG15,94,완료,True,0.5,3,2026-06-16,4,3,4,7,129,57,339.6,22,True
M285,김도윤,남성,34,172,59,충남,공주시,전문학사,기타,대기업,미래공사,10200,17800,가족동거,True,0,미혼,0,전문직,교직,중하,함께 거주,False,제주,자매 2명,ENTP,불교,월 1회 이하,금연 중,운동,원함,공동관리,야외활동,알레르기 있음,3,1,4,2,3,베이직,2025-11-11 15:39:00,SNS,MG13,93,완료,True,0.52,3,2026-06-20,3,1,2,2,59,21,131.2,10,True
M286,장다은,여성,26,163,57,경남,창원시,학사,기타,대기업,미래공사,8700,3500,월세,False,6400,미혼,0,공무원,교직,중상,이혼,True,전남,1남1녀,ENFJ,무교,월 2~4회,비흡연,러닝,원함,상의 후 결정,집에서 휴식,알레르기 있음,3,3,5,4,3,베이직,2025-08-13 11:20:00,지인추천,MG09,77,작성 중,True,0.66,3,2026-06-22,2,3,1,2,42,20,112.4,15,True
M287,신민준,남성,38,179,75,강원,원주시,학사,지방거점,중소기업,다온솔루션,3000,3600,월세,True,4100,미혼,0,회사원,회사원,하,함께 거주,True,서울,형제 2명,ENFJ,무교,월 2~4회,비흡연,운동,원함,일부공동,가족시간,알레르기 있음,4,1,5,2,2,베이직,2024-01-08 18:32:00,제휴,MG18,82,작성 중,True,0.7,2,2026-06-21,0,2,2,4,56,25,127.6,11,False
M288,김민준,남성,28,169,66,서울,관악구,전문학사,기타,전문직,새롬금융,10300,7200,월세,True,3000,미혼,0,회사원,공무원,중상,함께 거주,True,강원,자매 2명,INFJ,무교,안 함,금연 중,게임,원함,상의 후 결정,집에서 휴식,상관없음,1,3,4,5,5,프리미엄,2026-04-23 18:49:00,검색광고,MG18,100,완료,True,0.52,2,2026-06-21,1,4,1,3,43,23,144.1,12,False
M289,윤서윤,여성,32,161,60,경남,진주시,석사,지방거점,연구직,해봄스튜디오,9100,12900,자가,False,8900,미혼,0,전문직,전문직,중,함께 거주,True,충남,1남1녀,ISTJ,천주교,월 2~4회,흡연,운동,원함,각자관리,야외활동,좋아함,2,2,4,5,4,프리미엄,2025-10-26 17:53:00,SNS,MG09,67,작성 중,True,0.27,3,2026-06-20,2,0,1,3,20,11,71.9,11,False
M290,안지아,여성,28,168,58,경기,안양시,학사,수도권,공무원,해봄스튜디오,4500,2900,월세,True,2800,미혼,0,회사원,회사원,중,부친 사별,False,인천,3남매 이상,ESTP,무교,월 1회 이하,비흡연,반려동물,원함,상의 후 결정,친구모임,상관없음,1,3,4,3,4,베이직,2024-12-24 10:36:00,검색광고,MG16,72,작성 중,True,0.79,3,2026-06-21,3,2,3,3,65,22,147.5,19,True
M291,한도윤,남성,28,172,73,대구,북구,학사,수도권,공기업,이음파트너스,6600,5300,월세,True,4300,미혼,0,은퇴,은퇴,하,함께 거주,True,대전,외동,ESFJ,불교,월 1회 이하,금연 중,독서,원함,각자관리,집에서 휴식,좋아함,2,3,4,2,3,베이직,2024-06-04 14:09:00,검색광고,MG07,77,작성 중,False,0.47,0,2026-05-24,1,0,0,0,1,1,11.4,0,False
M292,김민서,여성,26,168,59,서울,송파구,석사,수도권,교직,이음파트너스,7100,5800,월세,False,1000,미혼,0,전문직,전문직,상,함께 거주,True,인천,자매 2명,ISTP,무교,안 함,비흡연,영화,원하지 않음,상의 후 결정,야외활동,어려움,3,2,5,5,4,베이직,2025-07-18 19:01:00,지인추천,MG19,69,작성 중,True,0.55,3,2026-06-29,2,3,0,2,46,15,120,10,True
M293,조유진,여성,34,156,61,경기,안양시,석사,기타,교직,나래컨설팅,8000,4800,기타,True,7200,미혼,0,공무원,공무원,중상,부친 사별,False,서울,형제 2명,ISFJ,기독교,월 2~4회,비흡연,영화,원함,공동관리,야외활동,상관없음,5,5,5,1,3,프리미엄,2024-01-14 18:19:00,오프라인행사,MG07,86,완료,True,0.51,0,2026-06-16,1,4,1,1,50,25,129,10,True
M294,권민재,남성,39,182,69,서울,영등포구,학사,수도권,중소기업,해봄스튜디오,6600,5200,전세,True,2300,미혼,0,자영업,가사,중,함께 거주,True,울산,1남1녀,INFP,무교,월 2~4회,비흡연,영화,원함,각자관리,집에서 휴식,어려움,3,5,5,1,5,프리미엄,2026-02-19 18:26:00,지인추천,MG15,100,완료,True,0.57,4,2026-06-30,1,4,3,4,98,41,203.5,23,True
M295,김채원,여성,29,169,62,대구,중구,학사,기타,대기업,온누리메디컬,9100,9700,자가,True,10700,미혼,0,기타,전문직,하,함께 거주,True,서울,형제 2명,ESFJ,기타,월 1회 이하,비흡연,반려동물,원함,상의 후 결정,문화생활,어려움,2,1,5,2,5,프리미엄,2026-02-26 11:08:00,제휴,MG13,87,완료,True,0.59,2,2026-06-23,1,3,3,2,60,24,147.5,11,True
M296,장예은,여성,36,172,65,대구,중구,학사,기타,중소기업,한빛테크,5600,4100,월세,False,3000,미혼,0,회사원,은퇴,중상,함께 거주,True,서울,3남매 이상,INFP,기독교,월 1회 이하,비흡연,전시,원함,일부공동,친구모임,어려움,3,1,5,4,5,프리미엄,2024-08-15 12:58:00,SNS,MG16,75,작성 중,True,0.49,2,2026-06-17,4,4,2,5,74,35,241.5,15,False
M297,정지아,여성,32,169,73,서울,관악구,학사,수도권,중소기업,푸른연구원,6600,5600,전세,False,0,미혼,0,농어업,회사원,중하,함께 거주,True,대전,1남1녀,ESTJ,무교,안 함,금연 중,골프,원함,각자관리,친구모임,알레르기 있음,4,2,5,5,5,베이직,2025-10-04 20:00:00,SNS,MG08,61,작성 중,False,0.02,0,2026-05-15,0,1,0,0,2,1,8.9,0,False
M298,이예은,여성,33,162,62,대구,달서구,석사,인서울,전문직,온누리메디컬,10600,10600,전세,False,0,미혼,0,농어업,교직,중하,함께 거주,True,경기,3남매 이상,INFJ,무교,주 3회 이상,비흡연,음악,상의 후 결정,상의 후 결정,문화생활,알레르기 있음,3,1,5,1,2,프리미엄,2024-09-24 12:47:00,오프라인행사,MG16,83,작성 중,True,0.6,2,2026-06-26,4,3,1,2,58,27,173.9,16,True
M299,임하준,남성,46,181,67,서울,영등포구,학사,수도권,중소기업,한빛테크,7700,11700,자가,True,800,재혼,0,은퇴,자영업,중하,함께 거주,True,서울,형제 2명,ENFJ,불교,월 2~4회,비흡연,러닝,원함,공동관리,문화생활,좋아함,2,5,4,1,4,베이직,2026-01-19 20:57:00,제휴,MG09,70,작성 중,False,0.22,3,2026-06-01,0,0,1,1,4,2,10.9,0,False
M300,윤지우,여성,35,166,69,충남,아산시,학사,인서울,중견기업,미래공사,6600,6000,자가,True,6100,미혼,0,기타,교직,중상,함께 거주,False,서울,외동,ISTJ,무교,안 함,비흡연,골프,원함,상의 후 결정,야외활동,좋아함,1,5,5,4,4,프리미엄,2025-11-17 19:31:00,제휴,MG10,76,작성 중,True,0.67,3,2026-06-24,3,3,5,2,66,39,231.6,12,False
M301,정지민,여성,45,173,66,인천,남동구,학사,지방거점,중견기업,푸른연구원,8200,7900,자가,True,7800,미혼,0,기타,기타,중상,함께 거주,True,전북,외동,ESFP,불교,안 함,비흡연,반려동물,상의 후 결정,공동관리,집에서 휴식,상관없음,3,2,5,4,4,프리미엄,2025-03-31 15:19:00,SNS,MG03,83,작성 중,True,0.41,3,2026-06-26,2,2,2,3,60,28,155.4,11,False
M302,김지민,여성,38,154,57,경기,화성시,석사,인서울,프리랜서,가온교육,8600,16000,자가,False,5000,미혼,0,회사원,은퇴,중,함께 거주,False,경기,3남매 이상,ESTP,천주교,월 2~4회,비흡연,독서,원하지 않음,각자관리,친구모임,어려움,1,3,5,5,4,프리미엄,2024-01-16 15:47:00,제휴,MG11,63,작성 중,True,0.86,2,2026-06-16,1,1,3,2,23,12,99.8,16,True
M303,강준서,남성,42,185,76,광주,광산구,학사,수도권,공무원,이음파트너스,7400,500,전세,False,2500,미혼,0,기타,자영업,중,부친 사별,True,서울,1남1녀,ESTP,기독교,안 함,비흡연,운동,원함,일부공동,친구모임,어려움,2,4,3,3,4,프리미엄,2025-12-09 16:35:00,SNS,MG01,100,완료,True,0.27,1,2026-06-18,2,1,4,5,75,35,217.4,8,True
M304,신지아,여성,35,161,55,부산,부산진구,석사,인서울,중소기업,가온교육,5300,12500,가족동거,True,0,미혼,0,기타,가사,중하,이혼,True,경기,외동,ENFP,천주교,월 2~4회,금연 중,영화,원함,각자관리,문화생활,알레르기 있음,1,5,5,2,5,프리미엄,2024-08-30 14:12:00,제휴,MG07,77,작성 중,True,0.48,1,2026-06-18,4,2,3,1,61,28,162.6,7,True
M305,홍지호,남성,32,172,70,부산,부산진구,전문학사,기타,공기업,미래공사,8100,4200,자가,True,14600,미혼,0,은퇴,공무원,하,함께 거주,False,경기,형제 2명,INFJ,천주교,월 2~4회,비흡연,전시,원함,상의 후 결정,친구모임,알레르기 있음,3,3,5,3,3,베이직,2024-09-10 19:25:00,제휴,MG19,72,작성 중,True,0.7,2,2026-06-26,3,2,3,2,71,30,162.9,16,True
M306,장지훈,남성,34,181,79,경기,성남시,학사,인서울,전문직,푸른연구원,10400,15700,전세,True,4600,미혼,0,전문직,기타,중,함께 거주,True,서울,1남1녀,ENFJ,천주교,월 2~4회,비흡연,전시,원함,일부공동,친구모임,알레르기 있음,3,3,5,1,3,베이직,2024-01-26 09:09:00,지인추천,MG19,100,완료,False,0.18,1,2026-05-09,0,1,0,2,9,3,31.5,0,False
M307,박유진,여성,35,163,58,경기,안양시,학사,인서울,공무원,온누리메디컬,7500,7200,가족동거,True,0,미혼,0,자영업,가사,중상,함께 거주,True,경기,자매 2명,ESTJ,기독교,월 1회 이하,비흡연,반려동물,원함,각자관리,집에서 휴식,좋아함,5,4,4,5,4,베이직,2024-12-17 10:29:00,SNS,MG06,87,완료,False,0.1,4,2026-05-12,1,1,0,2,21,7,53.3,0,True
M308,홍민서,여성,25,158,52,서울,강남구,학사,지방거점,IT,푸른연구원,8300,4400,전세,True,700,미혼,0,공무원,기타,중,함께 거주,True,경남,3남매 이상,ESFP,무교,월 1회 이하,비흡연,여행,원함,공동관리,친구모임,알레르기 있음,5,1,5,4,5,베이직,2024-11-03 13:42:00,지인추천,MG20,69,작성 중,True,0.5,2,2026-06-24,3,3,2,3,52,25,148.6,6,True
M309,황지호,남성,39,174,62,경기,용인시,석사,인서울,대기업,가온교육,9900,10100,월세,False,9900,미혼,0,자영업,공무원,중,함께 거주,True,경기,1남1녀,ISTJ,기독교,월 1회 이하,비흡연,음악,원함,일부공동,친구모임,어려움,1,5,5,5,4,베이직,2026-01-14 16:00:00,제휴,MG02,72,작성 중,True,0.47,2,2026-06-21,2,4,2,6,70,36,203.6,8,True
M310,박지훈,남성,43,167,59,경기,용인시,학사,지방거점,공무원,미래공사,5000,10200,자가,True,4400,미혼,0,기타,은퇴,상,함께 거주,True,충남,1남1녀,ESTJ,기독교,월 2~4회,흡연,반려동물,원함,각자관리,가족시간,어려움,4,1,3,5,5,프리미엄,2026-04-11 12:21:00,검색광고,MG08,69,작성 중,True,0.98,3,2026-06-24,3,2,4,2,51,28,169.7,21,True
M311,신도윤,남성,42,175,65,서울,마포구,학사,SKY,교직,이음파트너스,7300,4400,전세,False,1600,미혼,0,은퇴,기타,중상,부친 사별,False,경기,1남1녀,ESFJ,무교,월 1회 이하,비흡연,등산,상의 후 결정,공동관리,집에서 휴식,어려움,3,1,4,2,5,베이직,2025-11-20 11:36:00,제휴,MG05,84,작성 중,True,0.34,2,2026-06-22,3,0,2,3,46,21,158.8,7,False
M312,오지민,여성,31,158,62,서울,관악구,학사,수도권,의료,한빛테크,7400,9100,전세,False,1500,미혼,0,전문직,공무원,중상,모친 사별,True,서울,자매 2명,ENTP,기독교,주 1~2회,비흡연,게임,상의 후 결정,공동관리,문화생활,알레르기 있음,1,3,5,4,5,프리미엄,2025-03-23 13:05:00,SNS,MG19,70,작성 중,False,0.21,1,2026-05-28,0,2,1,3,17,9,74,4,False
M313,안수아,여성,30,165,63,경기,안양시,전문학사,인서울,금융,새롬금융,8100,5400,월세,True,0,미혼,0,자영업,기타,중하,이혼,True,전북,외동,ENFP,기독교,안 함,비흡연,반려동물,원함,상의 후 결정,문화생활,알레르기 있음,2,1,5,2,5,프리미엄,2025-05-25 18:47:00,오프라인행사,MG07,53,미완료,False,0.19,0,2026-04-17,0,0,0,0,0,0,0,0,False
M314,박은서,여성,41,152,45,경북,구미시,전문학사,기타,중소기업,이음파트너스,4200,3900,자가,True,8200,미혼,0,회사원,교직,중,함께 거주,True,서울,1남1녀,ESTJ,무교,월 2~4회,비흡연,음악,원함,공동관리,친구모임,어려움,4,5,5,4,2,프리미엄,2026-01-09 17:21:00,지인추천,MG16,94,완료,True,0.81,4,2026-06-17,2,0,4,2,61,25,172.8,10,True
M315,박건우,남성,40,175,76,전북,군산시,학사,수도권,전문직,다온솔루션,10600,17100,가족동거,True,5200,미혼,0,공무원,교직,중하,별거,True,광주,1남1녀,ISTP,기독교,월 2~4회,비흡연,등산,원함,공동관리,가족시간,알레르기 있음,4,5,5,4,2,베이직,2026-03-14 15:33:00,SNS,MG11,100,완료,True,0.69,2,2026-06-18,3,3,1,1,36,20,137.3,15,True
M316,강민준,남성,33,177,56,서울,강남구,학사,기타,중견기업,미래공사,6800,11600,가족동거,True,0,미혼,0,회사원,자영업,중하,이혼,True,부산,1남1녀,ESTJ,기타,월 2~4회,비흡연,반려동물,상의 후 결정,일부공동,야외활동,어려움,2,4,4,2,3,베이직,2024-02-08 14:54:00,제휴,MG04,95,완료,True,0.85,3,2026-06-29,3,1,3,2,78,32,196.6,15,False
M317,송서윤,여성,35,158,44,광주,북구,학사,기타,중소기업,해봄스튜디오,5300,8500,자가,False,8000,미혼,0,은퇴,전문직,중상,함께 거주,False,광주,3남매 이상,INFP,천주교,월 2~4회,비흡연,운동,원하지 않음,각자관리,문화생활,좋아함,2,3,4,4,4,베이직,2024-03-22 20:28:00,오프라인행사,MG11,73,작성 중,True,0.51,2,2026-06-30,5,1,2,4,59,27,167,18,True
M318,권예은,여성,37,160,56,충남,천안시,석사,인서울,대기업,다온솔루션,8800,9800,전세,False,4400,미혼,0,회사원,은퇴,중,함께 거주,True,서울,형제 2명,ESTP,기타,주 1~2회,흡연,전시,원함,일부공동,가족시간,어려움,1,1,5,2,5,베이직,2025-02-02 10:11:00,지인추천,MG11,64,작성 중,True,0.33,3,2026-06-23,2,2,2,4,40,19,120.2,1,True
M319,황지훈,남성,37,180,76,서울,관악구,학사,인서울,의료,다온솔루션,9500,16400,기타,True,0,미혼,0,공무원,공무원,하,함께 거주,True,인천,자매 2명,ISFP,기독교,안 함,비흡연,음악,상의 후 결정,각자관리,야외활동,알레르기 있음,1,4,5,3,4,베이직,2025-11-01 16:13:00,검색광고,MG01,91,완료,True,0.75,4,2026-06-17,1,1,1,3,42,16,94.7,15,False
M320,안시우,남성,33,174,66,경기,고양시,학사,기타,프리랜서,한빛테크,7900,10500,전세,False,0,미혼,0,공무원,기타,중하,부친 사별,False,서울,외동,INFP,무교,월 1회 이하,비흡연,독서,상의 후 결정,일부공동,친구모임,어려움,3,2,5,1,3,프리미엄,2026-03-15 09:28:00,검색광고,MG13,98,완료,True,0.59,3,2026-06-17,3,1,2,2,57,22,132.2,4,True
M321,장민재,남성,32,171,51,서울,관악구,박사,인서울,중견기업,나래컨설팅,8900,10100,자가,True,11000,미혼,0,농어업,전문직,중,함께 거주,True,세종,1남1녀,ISTP,무교,월 2~4회,비흡연,러닝,원함,각자관리,친구모임,좋아함,1,1,4,4,2,베이직,2025-06-02 19:22:00,지인추천,MG19,91,완료,True,0.44,2,2026-06-29,1,3,2,5,46,29,183.7,12,True
M322,류서연,여성,39,170,64,충북,제천시,학사,기타,중소기업,가온교육,6900,15300,기타,False,0,미혼,0,전문직,공무원,하,함께 거주,True,서울,형제 2명,ESTP,무교,주 1~2회,비흡연,게임,원함,공동관리,문화생활,좋아함,3,1,5,5,5,베이직,2025-11-10 16:35:00,제휴,MG09,98,완료,True,0.56,2,2026-06-24,4,1,2,4,76,31,168.8,18,True
M323,임윤서,여성,43,162,66,광주,북구,석사,수도권,교직,가온교육,9500,15600,월세,False,0,미혼,0,공무원,기타,하,함께 거주,True,서울,자매 2명,ESFJ,천주교,월 1회 이하,비흡연,독서,원함,일부공동,야외활동,상관없음,3,5,4,2,4,프리미엄,2026-02-15 15:14:00,오프라인행사,MG15,100,완료,True,0.59,3,2026-06-24,2,0,0,3,40,18,88.6,7,False
M324,황민재,남성,34,173,62,충남,천안시,학사,기타,공무원,가온교육,8400,14400,전세,True,300,미혼,0,공무원,교직,중하,함께 거주,True,경남,외동,INFJ,기독교,주 3회 이상,비흡연,음악,상의 후 결정,일부공동,가족시간,알레르기 있음,3,4,3,2,5,베이직,2024-02-16 12:59:00,지인추천,MG17,95,완료,False,0.32,0,2026-05-24,0,0,2,1,10,6,49.1,1,True
M325,서하준,남성,34,171,77,서울,성동구,석사,지방거점,연구직,가온교육,7600,6600,가족동거,True,8600,미혼,0,전문직,공무원,중하,함께 거주,False,전남,외동,ISFP,기타,월 2~4회,흡연,음악,상의 후 결정,공동관리,야외활동,좋아함,2,2,5,3,4,베이직,2024-03-20 12:41:00,검색광고,MG01,90,완료,True,0.48,2,2026-06-16,2,0,2,4,63,25,143.3,9,False
M326,강하윤,여성,35,170,67,부산,수영구,고졸,인서울,IT,한빛테크,7200,6400,전세,True,400,미혼,0,은퇴,가사,중,함께 거주,False,서울,자매 2명,INTJ,무교,월 2~4회,금연 중,요리,상의 후 결정,각자관리,가족시간,어려움,5,2,3,4,4,베이직,2024-07-19 19:49:00,검색광고,MG20,67,작성 중,False,0.34,2,2026-05-08,2,0,0,1,10,5,33.9,0,False
M327,이지민,여성,35,159,56,경기,성남시,학사,수도권,연구직,다온솔루션,5500,8200,전세,False,4100,미혼,0,농어업,은퇴,중하,이혼,True,서울,3남매 이상,ENTP,무교,월 2~4회,비흡연,여행,상의 후 결정,각자관리,집에서 휴식,상관없음,3,5,5,2,3,베이직,2026-05-10 13:28:00,오프라인행사,MG09,82,작성 중,True,0.22,4,2026-06-16,2,2,1,2,44,18,127.6,4,False
M328,김하윤,여성,38,155,52,인천,부평구,석사,인서울,금융,한빛테크,12500,28500,가족동거,True,0,미혼,0,자영업,기타,중상,이혼,True,강원,형제 2명,ISTJ,기독교,월 2~4회,흡연,전시,원함,일부공동,친구모임,좋아함,3,5,5,1,4,베이직,2024-08-14 12:44:00,SNS,MG12,87,완료,True,0.17,2,2026-06-18,2,3,2,0,28,14,107.4,3,False
M329,조서연,여성,30,168,80,전북,전주시,석사,수도권,금융,다온솔루션,6900,6000,자가,False,7700,미혼,0,자영업,기타,중하,함께 거주,True,강원,1남1녀,INTJ,무교,안 함,비흡연,여행,원함,공동관리,문화생활,알레르기 있음,3,4,5,5,2,베이직,2025-01-06 10:27:00,지인추천,MG18,87,완료,True,0.72,4,2026-06-29,2,3,3,3,74,30,179.4,7,True
M330,권지우,여성,29,164,65,강원,강릉시,고졸,인서울,중견기업,한빛테크,5200,2100,전세,True,0,미혼,0,공무원,가사,중상,함께 거주,True,경기,3남매 이상,ESTP,불교,월 2~4회,비흡연,요리,원함,공동관리,집에서 휴식,상관없음,1,2,5,1,4,베이직,2025-12-25 09:10:00,제휴,MG16,92,완료,True,0.59,4,2026-06-22,3,3,2,2,74,30,150.3,11,False
M331,안은서,여성,29,167,68,충북,청주시,학사,수도권,교직,나래컨설팅,6800,1800,자가,True,3300,미혼,0,농어업,공무원,중하,이혼,True,경북,외동,INTJ,기독교,주 1~2회,비흡연,등산,원함,각자관리,야외활동,알레르기 있음,1,5,4,2,4,베이직,2026-02-22 11:41:00,오프라인행사,MG06,100,완료,True,0.7,3,2026-06-28,3,1,5,3,91,41,239.3,10,False
M332,장도윤,남성,45,176,54,경남,창원시,학사,지방거점,중소기업,나래컨설팅,7600,10600,자가,True,1200,미혼,0,농어업,자영업,중상,함께 거주,False,서울,3남매 이상,ENTP,무교,안 함,비흡연,골프,원함,공동관리,문화생활,좋아함,2,3,5,3,5,VIP,2026-02-16 10:26:00,지인추천,MG20,52,미완료,False,0.19,2,2026-06-08,2,1,1,0,11,5,36.5,0,False
M333,안현우,남성,42,169,61,경기,용인시,박사,인서울,의료,새롬금융,8100,7700,자가,False,6900,미혼,0,자영업,기타,중하,함께 거주,True,서울,3남매 이상,ENTP,기독교,안 함,비흡연,반려동물,상의 후 결정,공동관리,가족시간,좋아함,5,2,5,2,4,베이직,2024-01-09 11:23:00,제휴,MG20,74,작성 중,True,0.31,3,2026-06-20,2,1,2,0,27,13,74.3,4,False
M334,황도윤,남성,29,178,66,경기,안양시,학사,기타,연구직,나래컨설팅,6300,3800,월세,False,0,재혼,0,공무원,전문직,중하,함께 거주,True,광주,형제 2명,ENFJ,무교,주 1~2회,비흡연,게임,상의 후 결정,각자관리,친구모임,좋아함,2,2,5,1,3,프리미엄,2026-05-19 09:26:00,SNS,MG14,88,완료,True,0.58,5,2026-06-22,4,1,0,3,46,22,123.1,8,True
M335,황건우,남성,31,167,61,대전,중구,전문학사,인서울,중소기업,푸른연구원,4300,2900,전세,False,2000,미혼,0,회사원,교직,중,이혼,True,경기,형제 2명,ENFP,천주교,월 1회 이하,비흡연,독서,상의 후 결정,일부공동,친구모임,상관없음,5,3,5,1,5,베이직,2025-07-17 11:23:00,검색광고,MG20,83,작성 중,True,0.37,2,2026-06-26,2,2,2,6,79,32,214.8,8,True
M336,한민서,여성,25,167,51,서울,노원구,석사,기타,중견기업,푸른연구원,7200,4900,가족동거,True,5900,미혼,0,기타,교직,중상,함께 거주,True,인천,형제 2명,INTP,천주교,월 2~4회,비흡연,등산,원함,일부공동,가족시간,좋아함,4,4,3,4,5,프리미엄,2024-08-09 11:02:00,오프라인행사,MG13,80,작성 중,True,0.89,2,2026-06-24,2,2,1,0,31,16,99.5,3,False
M337,황다은,여성,40,162,62,인천,연수구,학사,인서울,전문직,해봄스튜디오,11500,12700,자가,True,2900,미혼,0,공무원,교직,중상,모두 사별,False,대전,1남1녀,INTJ,무교,안 함,비흡연,전시,상의 후 결정,일부공동,가족시간,알레르기 있음,1,2,5,2,4,VIP,2024-05-19 19:38:00,검색광고,MG14,56,미완료,False,0.02,2,2026-06-06,2,0,0,0,11,3,16.5,0,False
M338,오민준,남성,27,172,60,부산,부산진구,학사,인서울,중소기업,푸른연구원,8700,6000,자가,True,0,미혼,0,공무원,회사원,중상,이혼,True,충북,형제 2명,ESTP,기독교,주 1~2회,비흡연,독서,상의 후 결정,공동관리,집에서 휴식,상관없음,4,5,5,4,4,베이직,2025-03-21 12:46:00,오프라인행사,MG09,75,작성 중,True,0.68,1,2026-06-17,1,1,0,2,24,12,59.3,5,True
M339,송채원,여성,42,158,57,충남,아산시,학사,인서울,중견기업,이음파트너스,4500,14500,전세,True,5300,미혼,0,공무원,자영업,중,함께 거주,True,경북,자매 2명,INTP,기독교,월 2~4회,금연 중,여행,상의 후 결정,공동관리,문화생활,알레르기 있음,1,4,5,5,4,프리미엄,2025-10-10 20:30:00,검색광고,MG05,94,완료,True,0.81,1,2026-06-30,2,3,1,3,61,29,157.8,12,False
M340,권하준,남성,38,175,68,서울,영등포구,석사,기타,공무원,새롬금융,7400,10500,자가,True,0,미혼,0,기타,은퇴,중상,모두 사별,True,경북,1남1녀,ENTJ,무교,월 2~4회,비흡연,골프,원함,일부공동,친구모임,알레르기 있음,4,5,5,2,2,베이직,2024-07-14 15:55:00,SNS,MG17,85,완료,True,0.56,2,2026-06-17,4,2,3,2,66,32,230.5,13,True
M341,권시우,남성,33,188,96,서울,성동구,석사,지방거점,중소기업,이음파트너스,7300,7100,월세,False,7200,미혼,0,회사원,교직,중상,이혼,False,경기,1남1녀,ESFP,기독교,월 2~4회,비흡연,요리,원함,상의 후 결정,가족시간,좋아함,2,3,5,2,5,베이직,2025-01-12 10:12:00,SNS,MG18,80,작성 중,True,0.05,6,2026-06-20,1,3,0,3,48,23,137.5,0,False
M342,강도현,남성,46,183,72,충남,공주시,석사,수도권,전문직,푸른연구원,12400,47200,전세,False,1900,재혼,0,농어업,전문직,중,함께 거주,False,제주,형제 2명,ISTJ,불교,월 2~4회,비흡연,게임,원함,상의 후 결정,야외활동,어려움,5,4,5,4,3,베이직,2026-05-03 19:53:00,제휴,MG19,52,미완료,False,0.31,2,2026-05-25,0,1,1,1,6,3,37.1,0,False
M343,류지민,여성,42,159,53,서울,성동구,석사,인서울,의료,온누리메디컬,10800,2900,자가,True,0,미혼,0,전문직,자영업,중,함께 거주,True,경기,3남매 이상,ISFP,무교,주 3회 이상,비흡연,음악,원함,각자관리,가족시간,어려움,3,4,3,3,5,베이직,2024-08-17 17:09:00,지인추천,MG06,78,작성 중,False,0.41,2,2026-04-24,0,1,0,0,6,1,16.9,0,False
M344,송지아,여성,35,169,57,충북,청주시,고졸,기타,중견기업,나래컨설팅,5700,500,자가,True,10100,미혼,0,은퇴,교직,중,부친 사별,True,서울,자매 2명,INTJ,기독교,월 2~4회,비흡연,음악,상의 후 결정,일부공동,가족시간,상관없음,5,4,3,3,4,베이직,2024-11-11 17:13:00,지인추천,MG04,95,완료,True,0.8,3,2026-06-19,3,2,2,4,72,33,186.8,19,True
M345,황지민,여성,41,164,56,경북,구미시,석사,해외대,프리랜서,한빛테크,7800,13100,월세,False,7800,미혼,0,농어업,은퇴,중상,함께 거주,True,광주,외동,ENFJ,무교,월 2~4회,비흡연,전시,원함,상의 후 결정,문화생활,알레르기 있음,4,4,3,2,3,프리미엄,2024-09-01 12:02:00,검색광고,MG19,57,미완료,False,0.16,0,2026-05-31,1,0,0,1,8,3,34.5,3,False
M346,송지우,여성,41,166,52,경남,김해시,학사,해외대,대기업,미래공사,9500,18200,가족동거,False,2700,미혼,0,공무원,은퇴,중상,함께 거주,True,충남,자매 2명,ESFJ,불교,월 2~4회,비흡연,운동,상의 후 결정,일부공동,집에서 휴식,상관없음,3,1,5,2,2,VIP,2026-03-10 15:47:00,지인추천,MG20,72,작성 중,False,0.46,0,2026-04-20,1,0,0,3,14,7,62.5,4,True
M347,박현우,남성,33,182,58,경북,경주시,고졸,수도권,전문직,푸른연구원,10700,9800,자가,True,9100,미혼,0,농어업,공무원,중,함께 거주,True,경기,외동,INFP,무교,월 2~4회,비흡연,음악,원함,각자관리,야외활동,알레르기 있음,4,4,5,1,3,베이직,2025-11-15 20:47:00,SNS,MG16,77,작성 중,True,0.87,0,2026-06-26,1,4,3,2,63,29,160.9,19,True
M348,장예은,여성,36,164,64,대전,서구,고졸,수도권,중견기업,한빛테크,7000,16700,자가,True,8900,미혼,0,공무원,전문직,중,함께 거주,True,서울,형제 2명,ENFP,무교,월 1회 이하,비흡연,러닝,원함,공동관리,집에서 휴식,어려움,2,1,3,5,4,프리미엄,2024-04-13 19:10:00,오프라인행사,MG19,93,완료,True,0.83,3,2026-06-29,2,0,1,4,48,26,113.2,10,False
M349,홍지훈,남성,31,174,66,경기,성남시,학사,지방거점,공기업,가온교육,6000,5000,전세,False,4200,미혼,0,자영업,공무원,중,함께 거주,False,서울,1남1녀,ISTP,기독교,주 1~2회,비흡연,운동,원함,공동관리,야외활동,상관없음,5,5,4,5,4,프리미엄,2026-05-05 19:58:00,지인추천,MG18,77,작성 중,True,0.52,3,2026-06-17,4,2,3,3,92,35,197.6,19,True
M350,장은서,여성,41,154,65,충북,충주시,학사,SKY,중소기업,푸른연구원,4700,6500,전세,True,0,미혼,0,농어업,가사,중,함께 거주,False,서울,1남1녀,ISFJ,기독교,월 1회 이하,비흡연,운동,상의 후 결정,상의 후 결정,친구모임,좋아함,1,4,5,1,5,VIP,2026-01-12 09:45:00,검색광고,MG05,64,작성 중,False,0.21,0,2026-05-27,1,0,1,1,8,3,40,3,False
M351,신서연,여성,30,160,52,서울,노원구,석사,기타,공기업,미래공사,6700,3000,월세,True,0,미혼,0,자영업,공무원,중상,함께 거주,False,경기,형제 2명,ISTP,기독교,월 1회 이하,흡연,전시,상의 후 결정,각자관리,가족시간,알레르기 있음,5,3,4,3,4,프리미엄,2024-07-31 14:31:00,지인추천,MG04,75,작성 중,True,0.49,2,2026-06-28,3,2,2,2,59,25,139.3,11,False
M352,서소율,여성,49,158,60,경기,안양시,학사,인서울,공무원,나래컨설팅,9500,17000,월세,False,0,재혼,0,회사원,전문직,중상,별거,False,경기,3남매 이상,INFJ,기독교,안 함,비흡연,전시,원하지 않음,일부공동,문화생활,알레르기 있음,3,2,4,3,4,베이직,2025-01-31 09:45:00,오프라인행사,MG09,88,완료,True,0.6,2,2026-06-26,2,1,2,3,49,19,105.3,9,True
M353,한민재,남성,40,182,70,서울,영등포구,석사,지방거점,중소기업,한빛테크,6300,17300,월세,False,6700,재혼,2,자영업,자영업,중,함께 거주,True,대전,자매 2명,ISFP,불교,안 함,흡연,운동,상의 후 결정,공동관리,야외활동,알레르기 있음,4,2,3,1,4,프리미엄,2024-12-16 13:59:00,SNS,MG20,72,작성 중,False,0.1,0,2026-06-01,1,1,0,0,11,3,30.6,0,False
M354,권지호,남성,40,179,75,대구,달서구,학사,해외대,중소기업,푸른연구원,5100,6300,자가,True,10100,미혼,0,자영업,회사원,중,모친 사별,True,경기,3남매 이상,ENTJ,무교,안 함,비흡연,등산,상의 후 결정,상의 후 결정,집에서 휴식,알레르기 있음,2,2,5,3,4,베이직,2024-10-25 19:03:00,검색광고,MG11,72,작성 중,True,0.93,2,2026-06-29,1,0,3,2,32,14,84.6,14,False
M355,황정우,남성,29,170,76,경기,성남시,석사,지방거점,중소기업,다온솔루션,6400,2300,자가,False,10400,미혼,0,회사원,교직,중,함께 거주,True,경기,외동,ISTP,천주교,월 2~4회,비흡연,전시,상의 후 결정,일부공동,야외활동,어려움,4,4,5,5,4,VIP,2026-02-18 20:59:00,검색광고,MG19,88,완료,True,0.71,2,2026-06-16,2,2,2,4,57,25,155.6,16,False
M356,조윤서,여성,31,164,54,경기,화성시,학사,지방거점,프리랜서,가온교육,5400,5300,전세,False,3400,미혼,0,회사원,공무원,중하,함께 거주,True,전남,형제 2명,ISFJ,불교,월 2~4회,비흡연,요리,원함,각자관리,친구모임,좋아함,3,5,5,2,4,프리미엄,2024-04-06 11:48:00,오프라인행사,MG17,92,완료,False,0.11,3,2026-05-01,1,0,1,0,10,5,41.8,0,True
M357,안정우,남성,31,167,73,경기,안양시,학사,인서울,중소기업,다온솔루션,7900,11100,전세,False,4000,미혼,0,공무원,기타,중,함께 거주,True,경기,3남매 이상,INFP,무교,월 2~4회,비흡연,등산,원함,상의 후 결정,야외활동,어려움,1,4,4,2,5,프리미엄,2025-12-06 18:01:00,SNS,MG17,84,작성 중,True,0.54,2,2026-06-23,3,1,0,3,38,17,93.4,11,True
M358,홍민서,여성,41,168,78,충북,제천시,학사,인서울,연구직,한빛테크,6600,15500,자가,True,10600,미혼,0,기타,기타,중상,모친 사별,True,부산,외동,ESTP,천주교,주 1~2회,비흡연,독서,원함,각자관리,문화생활,알레르기 있음,2,2,3,4,4,베이직,2024-07-20 16:44:00,검색광고,MG04,73,작성 중,True,0.67,3,2026-06-28,2,1,1,2,28,19,107.6,7,True
M359,류민서,여성,33,165,59,경기,용인시,전문학사,기타,대기업,미래공사,8100,6900,전세,True,4000,미혼,0,은퇴,기타,중,함께 거주,True,경기,자매 2명,ISTJ,무교,주 1~2회,비흡연,반려동물,원함,공동관리,집에서 휴식,좋아함,2,2,4,3,3,베이직,2024-10-12 18:05:00,검색광고,MG20,95,완료,True,0.83,0,2026-06-23,3,1,4,5,77,37,188.9,21,True
M360,이예준,남성,33,166,56,울산,중구,학사,수도권,공무원,새롬금융,3900,6000,가족동거,True,2600,미혼,0,공무원,기타,하,함께 거주,False,인천,형제 2명,INTP,천주교,안 함,흡연,운동,원함,상의 후 결정,집에서 휴식,어려움,3,3,5,3,2,베이직,2025-09-15 17:11:00,검색광고,MG12,96,완료,True,0.52,1,2026-06-27,1,2,2,3,61,27,147.5,4,False
M361,한지훈,남성,43,166,60,세종,조치원읍,학사,기타,연구직,나래컨설팅,6900,6500,자가,True,2300,미혼,0,자영업,회사원,중,함께 거주,True,경기,자매 2명,ESFP,무교,안 함,비흡연,게임,상의 후 결정,일부공동,친구모임,알레르기 있음,3,2,5,5,5,프리미엄,2025-11-01 16:28:00,지인추천,MG14,90,완료,True,0.51,3,2026-06-16,3,2,3,6,94,46,257.5,17,True
M362,황소율,여성,34,159,63,서울,송파구,전문학사,수도권,공무원,한빛테크,5100,5600,전세,True,1900,미혼,0,기타,가사,중,함께 거주,False,서울,외동,ESFP,천주교,월 2~4회,비흡연,여행,상의 후 결정,상의 후 결정,가족시간,어려움,3,1,5,1,3,베이직,2024-05-04 20:29:00,SNS,MG17,68,작성 중,False,0.34,0,2026-06-08,1,0,1,1,13,6,27.4,0,False
M363,강하준,남성,29,179,64,부산,해운대구,석사,기타,공기업,다온솔루션,7300,500,자가,True,5700,미혼,0,공무원,가사,중상,함께 거주,False,경기,1남1녀,ISFJ,불교,월 2~4회,비흡연,전시,원함,각자관리,문화생활,어려움,2,4,4,1,2,베이직,2026-05-19 16:05:00,지인추천,MG08,81,작성 중,True,0.77,6,2026-06-20,0,2,3,1,24,15,85.8,12,True
M364,김도현,남성,26,171,71,부산,부산진구,학사,SKY,연구직,나래컨설팅,7000,2900,자가,False,6000,미혼,0,회사원,기타,중하,모친 사별,True,전북,3남매 이상,ISTJ,천주교,월 2~4회,흡연,러닝,원함,각자관리,가족시간,알레르기 있음,2,2,5,3,3,베이직,2026-01-28 17:58:00,SNS,MG17,85,완료,False,0.16,0,2026-05-06,1,1,1,2,7,8,75.8,0,False
M365,최예준,남성,38,180,81,경기,안양시,학사,수도권,교직,해봄스튜디오,9200,500,자가,True,9200,미혼,0,자영업,자영업,중상,함께 거주,True,부산,3남매 이상,ENFJ,기독교,월 2~4회,비흡연,등산,원함,일부공동,가족시간,어려움,2,5,3,3,4,베이직,2025-09-12 19:51:00,지인추천,MG11,69,작성 중,False,0.4,0,2026-04-30,0,0,0,1,2,1,16.1,0,False
M366,송정우,남성,41,175,69,서울,노원구,석사,수도권,중견기업,새롬금융,9900,500,월세,True,0,미혼,0,농어업,교직,중상,함께 거주,True,인천,자매 2명,ENFJ,무교,주 1~2회,비흡연,전시,원함,상의 후 결정,문화생활,상관없음,3,4,4,1,5,베이직,2024-03-02 11:13:00,제휴,MG09,73,작성 중,True,0.81,4,2026-06-18,6,4,2,3,83,40,246,33,True
M367,윤준서,남성,39,176,65,경기,수원시,석사,인서울,중견기업,이음파트너스,7800,5700,전세,True,900,미혼,0,은퇴,가사,중,함께 거주,False,전북,1남1녀,ISFJ,무교,월 2~4회,비흡연,골프,원함,공동관리,문화생활,좋아함,2,3,4,4,3,베이직,2025-02-24 11:07:00,지인추천,MG06,74,작성 중,True,0.55,2,2026-06-29,3,5,3,2,91,38,227.3,10,True
M368,홍정우,남성,38,175,67,경기,성남시,전문학사,수도권,중소기업,새롬금융,6500,11100,전세,False,2200,미혼,0,자영업,교직,중상,함께 거주,True,강원,외동,ESFJ,무교,주 1~2회,비흡연,반려동물,상의 후 결정,각자관리,문화생활,어려움,1,2,4,5,4,베이직,2025-11-21 14:58:00,지인추천,MG14,78,작성 중,True,0.54,3,2026-06-20,1,1,2,4,62,27,125.5,8,True
M369,윤지우,여성,38,163,61,전남,목포시,학사,수도권,공무원,미래공사,5600,6100,전세,False,4400,미혼,0,자영업,공무원,중,함께 거주,True,전북,3남매 이상,INFJ,천주교,주 1~2회,흡연,등산,원함,일부공동,친구모임,상관없음,5,2,3,5,4,프리미엄,2024-10-29 17:11:00,SNS,MG13,97,완료,True,0.78,2,2026-06-25,1,2,4,2,56,28,160.1,14,True
M370,김지훈,남성,41,167,65,전북,전주시,석사,기타,중견기업,새롬금융,8000,10500,월세,True,2600,미혼,0,자영업,자영업,중,함께 거주,True,부산,1남1녀,INTP,천주교,월 2~4회,비흡연,골프,원함,공동관리,집에서 휴식,어려움,3,1,3,2,3,베이직,2024-03-16 19:08:00,검색광고,MG02,100,완료,True,0.74,1,2026-06-24,4,1,2,4,64,31,191.9,13,False
M371,이시우,남성,38,179,77,충남,아산시,학사,수도권,중소기업,온누리메디컬,6600,15100,전세,True,2100,미혼,0,전문직,기타,중상,이혼,True,울산,자매 2명,ESFJ,불교,안 함,비흡연,등산,원함,각자관리,가족시간,어려움,5,5,5,2,4,프리미엄,2026-02-21 17:31:00,검색광고,MG02,96,완료,True,0.28,1,2026-06-17,3,2,3,3,71,33,198,12,True
M372,이예준,남성,35,178,78,인천,연수구,석사,인서울,연구직,미래공사,7700,3700,월세,True,4000,미혼,0,농어업,공무원,중하,함께 거주,True,경북,자매 2명,ENTJ,기독교,월 1회 이하,비흡연,러닝,원함,각자관리,집에서 휴식,상관없음,1,1,5,5,3,베이직,2026-01-13 17:51:00,SNS,MG06,82,작성 중,True,0.63,2,2026-06-24,1,1,5,4,66,29,186,12,True
M373,장채원,여성,44,162,56,부산,동래구,석사,지방거점,IT,온누리메디컬,8100,11900,전세,True,0,미혼,0,농어업,기타,중,함께 거주,True,서울,자매 2명,ISTJ,기독교,월 1회 이하,비흡연,음악,원하지 않음,일부공동,집에서 휴식,알레르기 있음,2,4,5,4,3,베이직,2025-10-20 11:13:00,지인추천,MG11,57,미완료,False,0.3,2,2026-06-03,3,1,1,0,14,6,41.5,5,False
M374,송시우,남성,47,174,58,경기,안양시,학사,지방거점,공기업,가온교육,7500,11000,월세,True,3200,미혼,0,회사원,회사원,중상,함께 거주,True,부산,1남1녀,ESTP,기독교,월 1회 이하,비흡연,여행,원함,각자관리,야외활동,상관없음,2,4,4,4,4,베이직,2025-05-15 19:16:00,SNS,MG14,100,완료,True,0.4,1,2026-06-17,2,1,3,1,43,21,134.9,3,False
M375,한예은,여성,31,158,50,경기,성남시,학사,수도권,전문직,푸른연구원,9300,3100,자가,False,5000,미혼,0,농어업,회사원,중,함께 거주,True,광주,1남1녀,ENTJ,기독교,월 1회 이하,비흡연,골프,상의 후 결정,상의 후 결정,집에서 휴식,어려움,1,2,5,1,3,베이직,2024-01-02 17:25:00,제휴,MG13,69,작성 중,True,0.52,3,2026-06-27,2,1,4,1,38,19,142.1,13,False
M376,최민재,남성,33,171,67,대전,유성구,학사,지방거점,중견기업,이음파트너스,6300,4100,가족동거,False,1000,미혼,0,은퇴,교직,중,함께 거주,True,강원,자매 2명,ISTP,무교,안 함,흡연,음악,원함,공동관리,집에서 휴식,어려움,4,2,4,5,5,베이직,2025-04-11 20:08:00,검색광고,MG19,78,작성 중,True,0.48,1,2026-06-22,2,1,2,3,50,20,128.4,8,False
M377,이정우,남성,33,163,64,서울,영등포구,학사,인서울,교직,가온교육,7600,11300,월세,True,1900,미혼,0,자영업,공무원,중,함께 거주,True,서울,3남매 이상,ISFP,천주교,월 2~4회,흡연,음악,상의 후 결정,상의 후 결정,집에서 휴식,상관없음,5,2,4,4,5,프리미엄,2024-11-07 13:26:00,제휴,MG18,72,작성 중,False,0.29,2,2026-05-02,1,0,0,3,17,4,41.5,0,False
M378,신예준,남성,32,168,70,경기,화성시,학사,기타,공기업,이음파트너스,7500,3300,자가,True,4900,재혼,2,전문직,기타,중,함께 거주,True,서울,3남매 이상,ENFP,무교,월 2~4회,비흡연,골프,상의 후 결정,상의 후 결정,집에서 휴식,어려움,2,5,5,3,3,프리미엄,2025-05-15 15:32:00,오프라인행사,MG01,90,완료,True,0.62,4,2026-06-27,6,1,3,3,76,37,212.4,18,True
M379,안서준,남성,36,174,76,경기,성남시,학사,해외대,중소기업,새롬금융,6600,15300,자가,True,2000,미혼,0,전문직,공무원,상,함께 거주,False,서울,3남매 이상,ESTP,무교,안 함,비흡연,러닝,상의 후 결정,일부공동,가족시간,상관없음,4,4,5,3,5,VIP,2026-02-17 11:46:00,제휴,MG18,100,완료,True,0.49,4,2026-06-30,3,2,2,3,65,29,177.7,14,True
M380,신준서,남성,33,172,65,대구,달서구,학사,인서울,연구직,이음파트너스,7000,9600,월세,True,3500,미혼,0,농어업,기타,중,함께 거주,True,전북,3남매 이상,INTJ,불교,월 2~4회,비흡연,반려동물,원함,각자관리,야외활동,알레르기 있음,2,2,5,5,4,프리미엄,2024-11-18 13:14:00,오프라인행사,MG18,93,완료,True,0.41,2,2026-06-26,1,2,1,1,30,15,79.1,2,False
M381,윤도현,남성,32,173,76,서울,강남구,전문학사,수도권,연구직,이음파트너스,5400,7600,가족동거,True,3100,미혼,0,회사원,기타,중,함께 거주,True,경기,자매 2명,ISFP,천주교,주 1~2회,비흡연,등산,원함,일부공동,문화생활,상관없음,4,2,5,2,3,VIP,2026-02-21 17:25:00,지인추천,MG11,77,작성 중,True,0.6,2,2026-06-23,4,5,2,3,81,36,183.2,20,False
M382,권채원,여성,32,164,56,서울,관악구,석사,기타,프리랜서,가온교육,3100,1600,가족동거,False,400,미혼,0,기타,회사원,중하,함께 거주,True,부산,3남매 이상,INFJ,무교,월 1회 이하,비흡연,영화,원함,공동관리,친구모임,알레르기 있음,4,5,5,3,3,베이직,2025-01-12 12:46:00,지인추천,MG18,63,작성 중,False,0.24,0,2026-04-19,0,0,0,1,6,1,13.7,3,False
M383,홍건우,남성,39,177,74,서울,성동구,학사,인서울,의료,온누리메디컬,9100,25500,가족동거,True,100,미혼,0,자영업,공무원,중,함께 거주,True,인천,3남매 이상,ENFP,무교,월 2~4회,흡연,등산,원함,상의 후 결정,야외활동,좋아함,4,5,5,5,2,베이직,2024-04-10 20:15:00,SNS,MG13,85,완료,False,0.38,1,2026-06-05,0,0,0,0,0,0,0,0,False
M384,조지호,남성,35,174,74,경기,성남시,학사,해외대,전문직,온누리메디컬,8900,10800,자가,True,4900,미혼,0,전문직,공무원,중하,함께 거주,True,서울,3남매 이상,ENFP,무교,주 1~2회,비흡연,독서,원함,각자관리,집에서 휴식,좋아함,1,3,5,3,4,VIP,2024-04-20 10:18:00,제휴,MG04,95,완료,False,0.37,4,2026-05-25,0,0,1,2,4,3,34.4,2,False
M385,김지호,남성,30,167,58,경기,고양시,학사,SKY,프리랜서,해봄스튜디오,4200,3100,월세,False,0,미혼,0,농어업,회사원,중상,함께 거주,True,울산,자매 2명,ISFJ,무교,주 1~2회,비흡연,등산,원함,각자관리,친구모임,상관없음,5,2,4,1,4,베이직,2024-09-17 13:09:00,SNS,MG16,94,완료,True,0.64,5,2026-06-27,3,3,3,4,101,47,255.8,16,False
M386,류도현,남성,34,177,81,서울,관악구,학사,지방거점,대기업,이음파트너스,7600,3200,자가,True,11200,미혼,0,은퇴,기타,상,함께 거주,True,충남,1남1녀,INTJ,기독교,안 함,비흡연,게임,원함,공동관리,야외활동,알레르기 있음,5,2,5,3,3,프리미엄,2024-03-28 09:06:00,오프라인행사,MG09,100,완료,True,0.61,2,2026-06-27,1,1,0,2,22,12,85.6,5,True
M387,한민서,여성,34,165,57,인천,서구,학사,인서울,중소기업,미래공사,5600,11400,월세,True,1500,미혼,0,전문직,공무원,중하,함께 거주,True,세종,1남1녀,ESFP,기독교,안 함,금연 중,운동,원하지 않음,상의 후 결정,가족시간,알레르기 있음,2,1,4,3,4,베이직,2024-01-13 16:34:00,SNS,MG18,79,작성 중,True,0.65,3,2026-06-29,4,3,1,5,84,39,223.9,17,False
M388,박지민,여성,28,159,55,강원,춘천시,박사,인서울,공무원,미래공사,7500,2800,전세,True,3800,미혼,0,은퇴,회사원,하,함께 거주,True,대구,3남매 이상,INTP,무교,주 3회 이상,흡연,여행,상의 후 결정,각자관리,가족시간,좋아함,1,3,5,3,5,베이직,2024-07-07 14:23:00,지인추천,MG01,62,작성 중,True,0.81,0,2026-06-27,0,1,2,2,17,8,49.3,8,True
M389,이윤서,여성,39,162,59,서울,관악구,학사,지방거점,중소기업,나래컨설팅,3800,6600,전세,True,400,미혼,0,공무원,공무원,중상,이혼,True,경남,자매 2명,ISFJ,불교,월 2~4회,비흡연,등산,원함,일부공동,가족시간,상관없음,3,1,5,1,5,프리미엄,2025-11-03 15:44:00,오프라인행사,MG09,86,완료,True,0.53,4,2026-06-16,2,2,0,4,44,20,146.6,4,True
M390,박예준,남성,31,178,74,서울,강남구,석사,수도권,중소기업,가온교육,7800,4200,가족동거,True,9900,미혼,0,자영업,공무원,중,함께 거주,True,광주,3남매 이상,ISFJ,불교,월 1회 이하,비흡연,게임,상의 후 결정,상의 후 결정,문화생활,어려움,3,3,3,2,5,프리미엄,2026-04-03 20:35:00,SNS,MG20,79,작성 중,True,0.68,3,2026-06-24,3,3,3,2,65,31,176.2,9,True
M391,권하준,남성,26,169,65,경북,구미시,학사,해외대,중소기업,나래컨설팅,7800,4700,자가,True,7700,미혼,0,기타,전문직,하,함께 거주,True,경기,외동,ENFJ,무교,월 1회 이하,비흡연,러닝,원함,일부공동,집에서 휴식,좋아함,3,5,5,2,5,프리미엄,2026-03-18 13:50:00,지인추천,MG02,98,완료,True,0.79,1,2026-06-25,1,3,3,1,75,34,166.6,14,True
M392,정건우,남성,34,173,80,서울,강남구,석사,지방거점,공무원,온누리메디컬,5500,12000,월세,True,400,미혼,0,회사원,교직,중하,부친 사별,True,경북,외동,ESTJ,무교,안 함,비흡연,등산,상의 후 결정,일부공동,야외활동,알레르기 있음,4,5,5,5,5,베이직,2025-12-25 10:00:00,오프라인행사,MG08,81,작성 중,True,0.52,4,2026-06-21,3,3,0,3,45,20,139,4,True
M393,강채원,여성,28,163,47,경기,용인시,학사,기타,자영업,나래컨설팅,6000,2300,가족동거,True,5700,미혼,0,기타,은퇴,중,함께 거주,True,광주,3남매 이상,ISFJ,기타,월 1회 이하,비흡연,요리,상의 후 결정,각자관리,가족시간,좋아함,1,2,4,5,5,베이직,2026-01-20 18:45:00,SNS,MG12,63,작성 중,True,0.4,0,2026-06-28,1,1,1,3,33,16,98.6,8,False
M394,송도현,남성,44,173,68,충북,충주시,석사,인서울,중견기업,한빛테크,9800,23900,전세,False,0,미혼,0,농어업,공무원,중하,함께 거주,False,서울,3남매 이상,ESTJ,무교,월 1회 이하,흡연,골프,원함,일부공동,집에서 휴식,상관없음,2,2,5,5,4,VIP,2025-04-21 17:08:00,지인추천,MG17,84,작성 중,True,0.56,2,2026-06-25,4,3,2,3,99,36,206,8,True
M395,윤지훈,남성,38,167,66,경기,안양시,학사,수도권,중소기업,이음파트너스,5100,10700,자가,False,1500,미혼,0,은퇴,교직,중,함께 거주,True,전북,3남매 이상,ENTJ,천주교,월 1회 이하,비흡연,골프,상의 후 결정,상의 후 결정,야외활동,상관없음,2,1,3,1,5,베이직,2025-08-15 18:25:00,오프라인행사,MG13,92,완료,True,0.5,3,2026-06-30,1,2,3,4,64,31,162,15,False
M396,박우진,남성,39,175,57,경기,수원시,학사,인서울,대기업,가온교육,8400,1200,가족동거,True,3100,재혼,0,자영업,기타,중상,함께 거주,True,광주,외동,ISTP,천주교,월 1회 이하,비흡연,전시,원함,일부공동,가족시간,좋아함,1,5,4,5,5,베이직,2026-05-15 20:27:00,오프라인행사,MG02,72,작성 중,True,0.39,0,2026-06-17,3,2,0,4,38,18,154.9,9,False
M397,한윤서,여성,35,154,52,서울,영등포구,전문학사,SKY,금융,미래공사,9000,14500,자가,True,7400,미혼,0,농어업,공무원,중,함께 거주,False,전남,형제 2명,ESTJ,무교,주 1~2회,비흡연,전시,원함,공동관리,친구모임,알레르기 있음,2,2,3,5,3,베이직,2025-09-05 14:19:00,검색광고,MG06,92,완료,True,0.54,2,2026-06-29,3,5,3,2,95,41,219.6,13,True
M398,서서준,남성,29,180,92,충남,공주시,석사,지방거점,금융,가온교육,9000,8400,자가,False,7500,미혼,0,기타,공무원,중,함께 거주,True,인천,형제 2명,ISFP,무교,주 1~2회,비흡연,반려동물,상의 후 결정,각자관리,집에서 휴식,알레르기 있음,1,3,3,5,4,프리미엄,2024-12-02 18:13:00,검색광고,MG13,78,작성 중,True,0.74,0,2026-06-16,4,1,2,1,32,15,108,8,False
M399,송은서,여성,32,171,74,대구,중구,전문학사,인서울,공기업,푸른연구원,5800,6100,전세,True,1900,미혼,0,공무원,가사,중,함께 거주,False,서울,1남1녀,INFP,무교,월 1회 이하,비흡연,음악,원함,각자관리,친구모임,상관없음,3,5,5,4,4,베이직,2025-07-28 17:18:00,제휴,MG16,93,완료,True,0.7,3,2026-06-28,2,2,1,4,47,22,122.5,13,False
M400,권지호,남성,32,171,81,인천,남동구,박사,수도권,중견기업,푸른연구원,9700,2600,전세,True,300,미혼,0,전문직,기타,중,함께 거주,True,부산,3남매 이상,ENFP,불교,월 2~4회,흡연,게임,상의 후 결정,공동관리,문화생활,상관없음,2,3,5,5,4,VIP,2025-01-09 19:28:00,검색광고,MG04,96,완료,True,0.88,2,2026-06-28,2,1,1,4,49,23,130.2,17,False
M401,서소율,여성,34,167,68,충남,아산시,학사,지방거점,중소기업,새롬금융,5700,7500,가족동거,True,0,미혼,0,공무원,회사원,중,함께 거주,True,대구,외동,ISFJ,불교,안 함,비흡연,운동,원하지 않음,일부공동,친구모임,알레르기 있음,2,5,5,4,4,베이직,2025-12-04 15:05:00,검색광고,MG18,84,작성 중,False,0.02,2,2026-04-30,0,0,2,1,9,5,40.9,0,False
M402,한다은,여성,31,170,55,서울,노원구,학사,지방거점,전문직,나래컨설팅,9200,8300,가족동거,True,4000,미혼,0,회사원,기타,중,함께 거주,True,대구,1남1녀,ENTJ,무교,주 1~2회,비흡연,여행,상의 후 결정,일부공동,친구모임,좋아함,3,5,5,5,2,베이직,2025-10-25 14:43:00,오프라인행사,MG19,77,작성 중,True,0.39,4,2026-06-27,0,2,2,5,66,22,124.2,8,True
M403,최채원,여성,36,171,65,부산,부산진구,석사,기타,공기업,해봄스튜디오,7600,17000,월세,False,0,미혼,0,전문직,회사원,하,함께 거주,True,경기,형제 2명,INFJ,무교,월 2~4회,비흡연,전시,원함,상의 후 결정,친구모임,어려움,3,2,4,2,4,프리미엄,2025-02-12 16:38:00,지인추천,MG20,77,작성 중,True,0.39,0,2026-06-19,1,1,2,3,40,19,117.2,4,True
M404,정은서,여성,37,170,73,대전,중구,학사,수도권,연구직,가온교육,10200,10100,전세,True,3700,미혼,0,자영업,공무원,상,함께 거주,False,서울,외동,INFJ,기독교,안 함,비흡연,반려동물,원함,일부공동,집에서 휴식,상관없음,3,1,5,5,4,프리미엄,2024-02-24 09:01:00,검색광고,MG20,79,작성 중,False,0.81,1,2026-05-16,1,1,1,1,7,4,49,1,False
M405,한유진,여성,33,169,61,인천,부평구,학사,기타,중견기업,해봄스튜디오,5400,6800,자가,False,1600,미혼,0,농어업,공무원,중하,함께 거주,False,경기,1남1녀,ENTJ,기독교,월 1회 이하,비흡연,골프,원함,각자관리,집에서 휴식,좋아함,2,5,4,3,4,베이직,2024-03-27 14:29:00,오프라인행사,MG01,81,작성 중,False,0.13,1,2026-05-22,1,1,2,1,20,7,61.2,0,False
M406,안지우,여성,38,173,70,울산,울주군,전문학사,인서울,자영업,미래공사,7900,6000,가족동거,False,5100,미혼,0,회사원,회사원,중,함께 거주,True,서울,자매 2명,ESFP,무교,월 2~4회,비흡연,영화,상의 후 결정,공동관리,가족시간,알레르기 있음,4,5,4,3,5,프리미엄,2024-12-01 12:29:00,제휴,MG07,97,완료,True,0.63,4,2026-06-22,3,3,0,4,75,37,193.3,11,True
M407,홍예은,여성,28,166,71,경기,용인시,학사,수도권,금융,새롬금융,11400,8400,가족동거,True,1500,미혼,0,은퇴,가사,중,함께 거주,False,충북,외동,INFJ,무교,월 1회 이하,비흡연,여행,상의 후 결정,각자관리,야외활동,알레르기 있음,5,3,5,5,5,프리미엄,2025-05-07 20:10:00,제휴,MG18,48,미완료,False,0.47,0,2026-04-24,0,0,0,2,10,3,25.1,1,False
M408,김서연,여성,32,161,51,전북,익산시,박사,인서울,중소기업,새롬금융,6800,7600,월세,True,11200,미혼,0,전문직,가사,중하,함께 거주,False,서울,자매 2명,ISTJ,천주교,월 2~4회,비흡연,골프,원함,공동관리,가족시간,어려움,1,1,5,2,5,프리미엄,2024-05-19 09:08:00,검색광고,MG16,61,작성 중,True,0.61,6,2026-06-28,3,1,3,1,39,19,134.6,11,True
M409,이예준,남성,33,175,73,광주,서구,학사,지방거점,전문직,푸른연구원,12600,21600,월세,True,6000,미혼,0,전문직,기타,중,함께 거주,True,울산,외동,ISFJ,기독교,주 1~2회,비흡연,여행,상의 후 결정,상의 후 결정,야외활동,알레르기 있음,4,5,3,5,3,베이직,2024-10-28 14:38:00,오프라인행사,MG05,45,미완료,True,0.91,0,2026-06-16,2,3,1,2,47,21,125.9,6,False
M410,황하윤,여성,39,164,67,세종,조치원읍,학사,수도권,공기업,가온교육,5700,8700,전세,True,4500,미혼,0,은퇴,가사,중하,함께 거주,False,부산,3남매 이상,ESTJ,불교,주 1~2회,흡연,반려동물,상의 후 결정,각자관리,친구모임,알레르기 있음,1,1,3,5,2,베이직,2024-03-15 13:15:00,제휴,MG15,92,완료,True,0.9,4,2026-06-21,3,2,3,2,64,26,193,15,True
M411,송지호,남성,33,176,72,전북,익산시,전문학사,수도권,교직,이음파트너스,7600,5700,자가,False,7000,미혼,0,은퇴,공무원,중,이혼,True,경기,형제 2명,ENFP,무교,월 1회 이하,비흡연,운동,상의 후 결정,각자관리,문화생활,알레르기 있음,2,2,5,1,5,베이직,2025-12-08 13:31:00,지인추천,MG05,68,작성 중,True,0.48,3,2026-06-20,3,3,0,0,39,17,114.5,7,True
M412,임준서,남성,40,176,60,충남,아산시,석사,인서울,중소기업,푸른연구원,6200,16600,월세,True,700,미혼,0,농어업,은퇴,중,함께 거주,True,서울,외동,INTJ,천주교,월 2~4회,비흡연,음악,원하지 않음,공동관리,가족시간,좋아함,2,5,4,4,4,프리미엄,2025-09-09 20:19:00,오프라인행사,MG19,60,작성 중,False,0.31,1,2026-05-22,1,0,1,2,11,5,40.2,5,False
M413,박수아,여성,28,161,57,경기,용인시,학사,지방거점,공기업,나래컨설팅,6800,4500,가족동거,True,5800,미혼,0,기타,공무원,중,함께 거주,True,경북,외동,ENFP,불교,주 1~2회,흡연,골프,원함,각자관리,친구모임,좋아함,1,5,3,4,3,베이직,2026-02-02 20:13:00,검색광고,MG18,63,작성 중,True,0.16,1,2026-06-24,1,1,3,1,28,12,70.5,4,True
M414,안서연,여성,40,164,57,인천,부평구,학사,인서울,교직,나래컨설팅,5600,14100,전세,False,0,미혼,0,농어업,교직,중,함께 거주,False,경기,3남매 이상,ENTP,무교,월 1회 이하,비흡연,음악,상의 후 결정,공동관리,집에서 휴식,알레르기 있음,5,2,4,3,3,베이직,2025-01-30 14:03:00,지인추천,MG09,67,작성 중,True,0.77,2,2026-06-30,0,2,2,1,21,13,71.7,5,True
M415,권지호,남성,37,178,74,서울,영등포구,학사,수도권,의료,나래컨설팅,9000,5600,전세,False,2300,미혼,0,자영업,가사,중,함께 거주,True,인천,형제 2명,INFP,무교,안 함,비흡연,게임,상의 후 결정,각자관리,문화생활,어려움,1,3,3,3,5,프리미엄,2025-02-23 09:21:00,SNS,MG15,98,완료,True,0.61,3,2026-06-30,3,3,4,2,76,32,210.4,16,True
M416,류정우,남성,32,174,68,대구,중구,석사,SKY,중소기업,미래공사,7800,3400,가족동거,True,1700,미혼,0,전문직,전문직,상,별거,False,경북,형제 2명,INTP,무교,월 1회 이하,비흡연,운동,원함,각자관리,집에서 휴식,알레르기 있음,3,3,4,5,5,프리미엄,2024-01-15 15:14:00,SNS,MG03,93,완료,True,0.74,3,2026-06-21,1,3,2,5,83,36,204.8,20,True
M417,강하윤,여성,35,164,50,강원,강릉시,전문학사,SKY,중소기업,한빛테크,6500,10900,가족동거,True,5300,미혼,0,공무원,은퇴,중상,함께 거주,True,전북,형제 2명,ISFJ,무교,안 함,비흡연,독서,원함,공동관리,가족시간,상관없음,3,2,3,3,3,프리미엄,2024-12-02 19:09:00,오프라인행사,MG02,84,작성 중,True,0.62,3,2026-06-21,2,2,5,2,66,30,178.4,11,True
M418,신도현,남성,39,186,74,경북,포항시,학사,기타,중소기업,다온솔루션,4100,5800,월세,True,0,미혼,0,농어업,회사원,중하,함께 거주,True,충남,3남매 이상,ESFP,천주교,월 2~4회,비흡연,요리,상의 후 결정,공동관리,가족시간,좋아함,3,1,4,5,4,프리미엄,2025-12-15 13:01:00,지인추천,MG06,100,완료,True,0.38,6,2026-06-22,3,1,2,3,46,23,160.7,4,False
M419,홍민재,남성,35,166,60,서울,관악구,학사,기타,중소기업,푸른연구원,4900,4500,전세,True,1600,미혼,0,자영업,회사원,중,모친 사별,True,서울,형제 2명,ISTJ,기독교,월 1회 이하,비흡연,운동,상의 후 결정,공동관리,야외활동,어려움,4,1,5,1,2,베이직,2025-02-24 20:36:00,검색광고,MG11,90,완료,True,0.67,4,2026-06-20,3,0,4,6,83,42,264.1,9,True
M420,오시우,남성,40,175,55,서울,마포구,학사,기타,전문직,푸른연구원,9300,1500,자가,False,12300,미혼,0,자영업,자영업,중상,이혼,True,제주,자매 2명,ENTJ,기타,월 2~4회,비흡연,음악,원함,상의 후 결정,친구모임,알레르기 있음,5,1,4,2,5,베이직,2025-11-08 09:26:00,검색광고,MG12,80,작성 중,True,0.83,5,2026-06-26,0,3,2,2,40,15,92.9,7,False
M421,신현우,남성,36,164,81,경기,성남시,학사,인서울,의료,해봄스튜디오,8600,14600,가족동거,True,8200,미혼,0,전문직,가사,하,이혼,True,대구,1남1녀,ESFP,천주교,월 1회 이하,비흡연,운동,원함,공동관리,친구모임,좋아함,4,3,4,4,5,프리미엄,2025-06-20 13:31:00,SNS,MG11,62,작성 중,True,0.55,4,2026-06-27,2,1,2,4,44,24,171.4,10,False
M422,신준서,남성,41,171,72,경기,성남시,박사,지방거점,중견기업,푸른연구원,12700,15500,전세,True,5700,미혼,0,농어업,기타,중상,함께 거주,True,경기,1남1녀,ISFP,불교,월 2~4회,흡연,반려동물,원하지 않음,각자관리,가족시간,상관없음,4,2,4,2,4,베이직,2024-03-24 12:56:00,SNS,MG06,85,완료,True,0.62,3,2026-06-16,1,3,1,2,59,23,109,10,True
M423,정지호,남성,41,174,63,경기,용인시,석사,지방거점,공기업,나래컨설팅,7300,11900,전세,False,1100,미혼,0,공무원,기타,중,함께 거주,True,서울,1남1녀,ESFP,무교,주 1~2회,비흡연,여행,원함,공동관리,야외활동,알레르기 있음,5,1,5,3,5,프리미엄,2026-05-05 20:04:00,지인추천,MG01,81,작성 중,True,0.41,3,2026-06-20,3,4,1,2,51,25,162.7,8,False
M424,안현우,남성,25,172,62,대전,유성구,석사,수도권,대기업,새롬금융,9600,4500,가족동거,True,300,미혼,0,자영업,자영업,중,이혼,True,서울,자매 2명,INTP,기독교,안 함,비흡연,전시,원함,각자관리,친구모임,알레르기 있음,1,4,5,4,5,프리미엄,2024-09-23 16:01:00,검색광고,MG03,84,작성 중,False,0.23,0,2026-04-24,1,1,1,2,17,6,33.7,1,False
M425,안지아,여성,46,164,59,경남,김해시,학사,지방거점,공무원,온누리메디컬,9400,15600,월세,True,1900,재혼,0,농어업,전문직,중,함께 거주,True,경남,외동,ESFP,천주교,월 2~4회,비흡연,독서,원함,일부공동,야외활동,알레르기 있음,2,3,5,2,5,프리미엄,2025-03-01 17:08:00,오프라인행사,MG10,79,작성 중,False,0.25,4,2026-05-05,0,1,1,1,4,3,30.4,6,False
M426,조민서,여성,36,162,63,전북,전주시,전문학사,수도권,대기업,미래공사,8100,3600,월세,True,6800,미혼,0,기타,회사원,중,함께 거주,True,부산,3남매 이상,INTJ,무교,월 2~4회,비흡연,음악,원함,공동관리,친구모임,좋아함,5,1,4,4,2,프리미엄,2024-08-28 09:26:00,제휴,MG12,73,작성 중,True,0.54,2,2026-06-19,2,2,4,2,61,29,176.9,7,True
M427,장지훈,남성,40,176,62,서울,노원구,학사,인서울,금융,가온교육,10100,14100,자가,True,10800,미혼,0,기타,회사원,중,함께 거주,True,전남,1남1녀,ENTP,기타,주 1~2회,비흡연,전시,상의 후 결정,각자관리,친구모임,알레르기 있음,1,2,3,2,5,VIP,2026-05-06 15:02:00,SNS,MG08,61,작성 중,True,0.76,0,2026-06-22,2,0,2,2,17,10,69,3,True
M428,김시우,남성,43,182,74,서울,관악구,학사,SKY,연구직,해봄스튜디오,7600,25100,월세,True,5900,미혼,0,은퇴,교직,중,함께 거주,True,경기,3남매 이상,ESFP,무교,월 1회 이하,비흡연,영화,원하지 않음,공동관리,친구모임,알레르기 있음,5,4,5,2,4,프리미엄,2024-02-10 15:56:00,지인추천,MG15,90,완료,True,0.53,5,2026-06-30,3,0,3,5,86,39,209.1,11,False
M429,한서연,여성,35,164,52,제주,서귀포시,학사,수도권,중소기업,온누리메디컬,6600,9700,전세,True,3100,미혼,0,은퇴,은퇴,중,함께 거주,True,인천,1남1녀,ENFJ,기독교,월 1회 이하,비흡연,전시,상의 후 결정,공동관리,집에서 휴식,알레르기 있음,5,3,5,2,5,베이직,2025-03-09 18:48:00,검색광고,MG05,50,미완료,True,0.16,1,2026-06-22,0,1,5,2,45,16,117.5,0,True
M430,황하준,남성,41,174,67,경기,성남시,학사,수도권,대기업,해봄스튜디오,8800,25000,월세,True,1700,미혼,0,은퇴,공무원,중,함께 거주,True,경기,1남1녀,ESTP,기독교,월 2~4회,비흡연,여행,원함,각자관리,친구모임,어려움,1,5,4,4,5,베이직,2025-12-21 17:58:00,오프라인행사,MG13,51,미완료,False,0.14,2,2026-04-16,0,0,2,0,7,2,19.5,0,False
M431,황도윤,남성,35,174,60,경기,안양시,학사,인서울,중견기업,한빛테크,6900,9200,자가,False,4500,미혼,0,전문직,공무원,중,함께 거주,True,인천,형제 2명,INFP,무교,월 2~4회,비흡연,독서,상의 후 결정,각자관리,친구모임,상관없음,5,1,4,4,4,베이직,2025-11-09 09:36:00,검색광고,MG17,76,작성 중,True,0.8,0,2026-06-27,1,2,2,2,46,22,146.8,17,True
M432,오지아,여성,25,167,75,부산,동래구,전문학사,기타,자영업,미래공사,3700,1300,가족동거,True,1600,미혼,0,은퇴,가사,중,함께 거주,True,대전,외동,ESFP,무교,주 1~2회,비흡연,음악,원함,상의 후 결정,야외활동,알레르기 있음,4,2,4,5,3,프리미엄,2024-11-16 18:34:00,오프라인행사,MG11,86,완료,True,0.3,0,2026-06-23,1,2,3,3,49,18,104.4,2,False
M433,홍예은,여성,25,159,60,인천,부평구,석사,지방거점,연구직,온누리메디컬,8300,4900,가족동거,True,6900,미혼,0,자영업,가사,중,모친 사별,True,서울,외동,ESTJ,천주교,월 1회 이하,비흡연,반려동물,원하지 않음,공동관리,야외활동,어려움,4,5,5,1,3,VIP,2025-03-13 13:33:00,지인추천,MG08,82,작성 중,False,0.16,1,2026-05-04,0,0,0,0,0,0,0,0,True
M434,홍지우,여성,25,159,60,서울,마포구,학사,인서울,중견기업,미래공사,6600,1100,자가,True,8000,미혼,0,농어업,전문직,중,함께 거주,True,경기,자매 2명,INFP,무교,주 1~2회,흡연,러닝,원함,공동관리,가족시간,좋아함,2,3,5,1,5,베이직,2025-10-11 19:00:00,제휴,MG19,83,작성 중,True,0.74,4,2026-06-28,0,1,1,1,18,9,54,5,True
M435,최정우,남성,38,174,58,서울,성동구,전문학사,인서울,중견기업,가온교육,4000,4100,자가,True,6400,미혼,0,공무원,은퇴,중상,별거,False,충북,형제 2명,ENTJ,불교,월 1회 이하,비흡연,영화,상의 후 결정,일부공동,가족시간,좋아함,5,1,4,2,4,베이직,2024-02-25 18:42:00,SNS,MG11,58,미완료,False,0.15,5,2026-05-07,0,1,1,0,4,2,18.9,0,False
M436,강은서,여성,33,167,79,부산,부산진구,학사,수도권,교직,다온솔루션,6800,7100,가족동거,True,2100,미혼,0,자영업,은퇴,중,함께 거주,True,전남,형제 2명,INTP,불교,월 2~4회,흡연,요리,원함,상의 후 결정,문화생활,상관없음,5,5,3,4,5,프리미엄,2025-07-23 14:53:00,지인추천,MG20,73,작성 중,True,0.73,4,2026-06-22,2,2,2,3,62,27,163.9,12,True
M437,권민준,남성,37,178,63,충남,아산시,전문학사,인서울,공기업,미래공사,6500,10800,자가,True,10900,미혼,0,농어업,자영업,중,부친 사별,False,경기,1남1녀,ESTJ,무교,월 2~4회,흡연,등산,원함,상의 후 결정,문화생활,상관없음,5,4,5,3,3,베이직,2025-07-22 15:03:00,오프라인행사,MG13,88,완료,True,0.31,2,2026-06-28,3,4,2,3,71,34,175,7,True
M438,안윤서,여성,29,165,66,경기,화성시,석사,해외대,전문직,다온솔루션,9100,9700,전세,False,2400,미혼,0,공무원,가사,하,함께 거주,True,인천,자매 2명,ESTP,불교,월 1회 이하,비흡연,요리,원함,상의 후 결정,친구모임,상관없음,2,4,5,3,4,베이직,2026-02-22 19:56:00,검색광고,MG02,60,작성 중,False,0.25,0,2026-05-20,0,0,0,0,0,0,0,0,False
M439,박예은,여성,48,161,63,충북,제천시,전문학사,기타,공기업,새롬금융,4600,10300,자가,True,3100,미혼,0,공무원,교직,중,함께 거주,True,광주,3남매 이상,ENFP,불교,월 1회 이하,흡연,운동,원함,각자관리,문화생활,좋아함,5,2,5,3,4,프리미엄,2025-03-05 15:09:00,지인추천,MG13,83,작성 중,True,0.52,2,2026-06-27,2,3,2,4,71,35,196.5,10,False
M440,이소율,여성,28,157,54,경기,고양시,학사,지방거점,금융,미래공사,10200,5300,전세,True,6300,미혼,0,기타,자영업,중상,함께 거주,False,대구,3남매 이상,ENFP,천주교,월 2~4회,흡연,반려동물,원함,각자관리,가족시간,상관없음,2,2,5,2,4,베이직,2026-01-11 14:58:00,지인추천,MG05,93,완료,True,0.89,1,2026-06-30,4,2,1,2,63,26,150.2,16,False
M441,최우진,남성,37,174,74,경기,용인시,고졸,수도권,중견기업,해봄스튜디오,7000,4900,월세,False,4200,미혼,0,공무원,공무원,중,부친 사별,False,경기,1남1녀,ESTP,불교,월 2~4회,비흡연,요리,원하지 않음,일부공동,가족시간,상관없음,4,1,5,5,4,베이직,2026-03-22 09:05:00,제휴,MG18,91,완료,True,0.75,4,2026-06-25,4,1,2,2,53,29,164.2,16,False
M442,서윤서,여성,33,166,65,경기,안양시,학사,지방거점,금융,나래컨설팅,9200,8200,전세,False,300,미혼,0,회사원,가사,중상,함께 거주,True,경기,3남매 이상,INFP,천주교,안 함,비흡연,독서,원하지 않음,공동관리,가족시간,알레르기 있음,3,1,3,3,5,프리미엄,2024-08-17 14:55:00,지인추천,MG14,86,완료,True,0.58,3,2026-06-28,1,1,4,3,50,26,155.7,14,False
M443,안준서,남성,34,171,67,경기,화성시,고졸,기타,중견기업,다온솔루션,4100,2100,월세,True,4800,미혼,0,전문직,기타,중,부친 사별,True,충남,외동,ENFP,무교,월 2~4회,비흡연,영화,원함,상의 후 결정,문화생활,어려움,2,4,4,2,3,베이직,2024-06-29 15:19:00,지인추천,MG05,90,완료,True,0.63,4,2026-06-19,1,3,4,0,55,24,136.6,9,False
M444,장지우,여성,42,168,59,대전,서구,학사,수도권,금융,해봄스튜디오,8600,18000,월세,False,200,미혼,0,공무원,기타,중,함께 거주,True,경남,자매 2명,ENFJ,무교,월 1회 이하,금연 중,요리,원함,공동관리,가족시간,어려움,2,3,3,1,4,베이직,2024-01-08 18:31:00,검색광고,MG15,73,작성 중,True,0.69,3,2026-06-24,3,1,3,1,56,23,117.7,10,False
M445,정준서,남성,26,173,72,경기,용인시,전문학사,지방거점,공무원,가온교육,4800,1400,전세,False,0,미혼,0,공무원,전문직,중,함께 거주,True,인천,형제 2명,ISFP,무교,월 2~4회,비흡연,독서,원함,상의 후 결정,야외활동,상관없음,5,5,5,2,3,베이직,2026-02-25 20:49:00,검색광고,MG13,95,완료,True,0.77,3,2026-06-22,4,1,2,4,84,35,210.6,21,True
M446,강건우,남성,35,170,62,대전,유성구,학사,수도권,IT,푸른연구원,8800,12600,가족동거,False,0,미혼,0,회사원,가사,중,함께 거주,True,서울,자매 2명,INFJ,무교,월 2~4회,흡연,전시,원함,각자관리,친구모임,알레르기 있음,1,4,5,5,3,베이직,2024-11-24 13:18:00,지인추천,MG05,100,완료,True,0.53,1,2026-06-16,2,4,2,1,58,26,138.2,2,False
M447,송정우,남성,36,185,70,광주,광산구,석사,기타,중견기업,나래컨설팅,8300,3600,자가,False,6400,미혼,0,공무원,은퇴,중하,함께 거주,False,충남,외동,ENFP,천주교,주 1~2회,비흡연,영화,원함,공동관리,친구모임,알레르기 있음,3,4,3,5,4,프리미엄,2024-09-23 13:57:00,검색광고,MG18,67,작성 중,True,0.31,0,2026-06-28,2,1,2,1,44,18,105.9,6,False
M448,한정우,남성,34,175,75,대전,중구,전문학사,인서울,공무원,다온솔루션,5800,4300,전세,True,0,미혼,0,회사원,공무원,중상,함께 거주,True,서울,자매 2명,INTP,무교,월 2~4회,비흡연,요리,원함,상의 후 결정,야외활동,어려움,1,5,5,4,4,베이직,2024-11-07 16:32:00,제휴,MG02,100,완료,True,0.86,5,2026-06-21,5,2,4,4,97,43,252.1,32,False
M449,정민재,남성,36,184,82,울산,남구,학사,지방거점,중소기업,가온교육,3400,5700,월세,True,2400,미혼,0,전문직,공무원,중,함께 거주,True,서울,형제 2명,ISTP,무교,안 함,흡연,게임,상의 후 결정,각자관리,야외활동,좋아함,3,3,3,2,2,프리미엄,2024-11-06 15:24:00,제휴,MG09,76,작성 중,False,0.03,2,2026-05-24,2,0,1,0,14,6,36.1,0,False
M450,장예은,여성,32,162,52,서울,강남구,석사,수도권,의료,가온교육,8900,8900,전세,False,2900,미혼,0,회사원,기타,중,함께 거주,True,경기,1남1녀,ENFJ,기독교,안 함,비흡연,게임,상의 후 결정,일부공동,친구모임,상관없음,4,4,5,1,5,프리미엄,2024-06-23 13:07:00,오프라인행사,MG20,64,작성 중,True,0.67,3,2026-06-18,2,0,1,2,25,12,78.1,8,False
M451,류예은,여성,37,167,56,서울,마포구,학사,인서울,공기업,새롬금융,7400,11200,월세,True,2600,미혼,0,은퇴,은퇴,상,함께 거주,True,충남,형제 2명,ESFP,천주교,주 1~2회,비흡연,골프,상의 후 결정,각자관리,집에서 휴식,좋아함,2,1,5,4,5,프리미엄,2024-10-25 09:31:00,지인추천,MG05,71,작성 중,True,0.72,1,2026-06-21,2,4,2,2,40,23,166.6,17,True
M452,윤민재,남성,42,174,61,서울,영등포구,학사,인서울,금융,푸른연구원,12300,15100,전세,True,1500,미혼,0,공무원,기타,중하,함께 거주,True,서울,3남매 이상,ISFJ,천주교,월 1회 이하,비흡연,전시,상의 후 결정,각자관리,야외활동,어려움,4,1,4,4,4,프리미엄,2025-03-20 16:32:00,지인추천,MG12,76,작성 중,True,0.66,1,2026-06-22,1,3,2,3,61,26,155,11,True
M453,강민재,남성,36,170,80,인천,연수구,학사,SKY,공무원,해봄스튜디오,7600,11500,가족동거,False,6700,미혼,0,회사원,회사원,중,함께 거주,True,대구,3남매 이상,INFJ,천주교,월 2~4회,비흡연,러닝,원함,공동관리,문화생활,어려움,4,1,3,5,4,베이직,2025-11-27 09:47:00,제휴,MG02,100,완료,True,0.73,2,2026-06-16,3,2,2,2,67,30,158,18,True
M454,황하준,남성,35,180,71,충남,공주시,학사,해외대,대기업,해봄스튜디오,11400,10700,자가,False,13000,미혼,0,자영업,공무원,중,함께 거주,False,서울,자매 2명,ISTP,천주교,주 1~2회,비흡연,요리,상의 후 결정,각자관리,가족시간,알레르기 있음,5,1,3,2,4,베이직,2024-09-07 13:38:00,검색광고,MG17,67,작성 중,False,0.41,1,2026-06-06,0,0,0,3,11,3,30,3,False
M455,임지훈,남성,36,171,57,서울,영등포구,학사,수도권,의료,해봄스튜디오,8300,12800,자가,True,7600,미혼,0,전문직,자영업,상,함께 거주,False,대전,형제 2명,ISFP,기독교,월 2~4회,비흡연,운동,원함,각자관리,가족시간,알레르기 있음,1,2,3,4,5,프리미엄,2024-08-15 10:51:00,지인추천,MG04,89,완료,True,0.61,1,2026-06-18,3,1,2,2,60,27,168.1,9,False
M456,장하준,남성,34,172,60,전남,목포시,고졸,SKY,IT,다온솔루션,7900,10400,자가,False,100,미혼,0,회사원,자영업,상,별거,True,충남,자매 2명,ESFJ,무교,월 2~4회,흡연,영화,원함,일부공동,문화생활,알레르기 있음,2,2,5,4,5,베이직,2025-10-13 17:01:00,제휴,MG06,67,작성 중,True,0.4,1,2026-06-16,1,1,1,2,27,13,83.1,3,False
M457,장채원,여성,36,163,74,인천,부평구,석사,인서울,대기업,다온솔루션,10600,19500,전세,False,1200,미혼,0,공무원,가사,중하,이혼,True,부산,1남1녀,ISFJ,무교,주 1~2회,비흡연,반려동물,원함,각자관리,집에서 휴식,알레르기 있음,2,3,4,1,2,베이직,2024-02-29 17:09:00,SNS,MG09,68,작성 중,False,0.08,2,2026-06-08,0,0,2,0,7,3,21,4,False
M458,장시우,남성,30,176,58,경기,용인시,학사,수도권,공무원,미래공사,5700,4100,월세,False,5900,재혼,0,은퇴,공무원,중,함께 거주,True,경남,3남매 이상,ENTJ,기독교,월 2~4회,비흡연,음악,원함,공동관리,가족시간,좋아함,3,1,3,2,5,베이직,2024-03-18 15:32:00,SNS,MG08,98,완료,True,0.91,4,2026-06-28,3,1,3,2,49,26,141.7,19,True
M459,홍윤서,여성,32,164,64,제주,제주시,박사,인서울,교직,나래컨설팅,11900,11600,가족동거,True,5700,미혼,0,은퇴,가사,중하,부친 사별,True,인천,3남매 이상,ESTJ,불교,월 2~4회,비흡연,운동,원하지 않음,공동관리,집에서 휴식,어려움,2,1,3,2,4,프리미엄,2025-09-16 11:48:00,제휴,MG18,87,완료,True,0.59,6,2026-06-22,2,4,3,1,64,29,145.4,10,True
M460,오하준,남성,38,181,69,경기,성남시,학사,SKY,교직,해봄스튜디오,10400,20900,자가,True,4900,미혼,0,은퇴,은퇴,중상,함께 거주,True,광주,자매 2명,ISTJ,무교,주 1~2회,흡연,게임,원함,공동관리,집에서 휴식,알레르기 있음,5,4,4,3,5,프리미엄,2026-02-15 15:45:00,지인추천,MG16,69,작성 중,False,0.12,1,2026-06-10,0,2,0,2,19,7,26.1,0,False
M461,안민서,여성,44,156,56,인천,서구,학사,수도권,금융,한빛테크,10300,35400,월세,False,3700,미혼,0,회사원,전문직,중하,별거,False,경기,자매 2명,ENFP,무교,월 2~4회,비흡연,운동,원함,각자관리,야외활동,어려움,4,4,5,2,5,베이직,2026-01-25 17:03:00,검색광고,MG19,54,미완료,True,0.68,0,2026-06-16,1,2,1,0,21,12,70.7,4,True
M462,김준서,남성,41,177,77,대전,유성구,학사,지방거점,연구직,온누리메디컬,8100,16100,월세,True,0,재혼,2,은퇴,전문직,중하,함께 거주,True,경북,형제 2명,ISTJ,무교,주 1~2회,비흡연,독서,상의 후 결정,상의 후 결정,집에서 휴식,상관없음,1,1,5,4,5,베이직,2026-02-22 12:20:00,제휴,MG03,78,작성 중,True,0.36,1,2026-06-17,1,0,0,4,22,10,66.3,7,False
M463,장정우,남성,39,175,64,제주,서귀포시,박사,인서울,공기업,나래컨설팅,9100,600,전세,True,0,미혼,0,공무원,기타,중,함께 거주,True,대전,외동,INTJ,기타,월 2~4회,비흡연,음악,원하지 않음,공동관리,가족시간,알레르기 있음,4,3,5,4,2,베이직,2024-01-02 18:03:00,제휴,MG08,81,작성 중,True,0.6,2,2026-06-27,2,3,2,5,60,33,217.5,7,True
M464,이하윤,여성,33,171,75,경기,용인시,전문학사,인서울,전문직,해봄스튜디오,9600,11300,월세,False,0,미혼,0,공무원,기타,상,함께 거주,True,대구,1남1녀,ESTJ,불교,월 2~4회,비흡연,요리,원하지 않음,각자관리,가족시간,좋아함,3,5,4,2,3,프리미엄,2024-10-10 17:23:00,지인추천,MG04,83,작성 중,True,0.42,4,2026-06-22,3,3,5,1,85,41,232.7,6,True
M465,강민재,남성,32,192,94,대전,중구,학사,해외대,IT,미래공사,8300,6700,월세,True,4800,미혼,0,은퇴,은퇴,중하,함께 거주,True,서울,자매 2명,ESFP,무교,주 1~2회,금연 중,반려동물,원함,상의 후 결정,집에서 휴식,좋아함,2,4,4,2,5,베이직,2026-02-20 13:49:00,제휴,MG06,81,작성 중,True,0.59,0,2026-06-22,3,3,2,4,68,32,218.3,5,False
M466,한수아,여성,44,152,51,인천,남동구,석사,SKY,자영업,이음파트너스,9800,20600,월세,True,200,미혼,0,회사원,전문직,중하,함께 거주,True,대전,형제 2명,ENFJ,무교,월 1회 이하,비흡연,요리,상의 후 결정,일부공동,친구모임,어려움,5,2,3,4,5,베이직,2025-10-10 11:37:00,지인추천,MG11,100,완료,True,0.6,3,2026-06-30,3,2,5,4,95,42,250.2,25,True
M467,류우진,남성,48,171,62,인천,부평구,석사,인서울,교직,새롬금융,10600,17200,월세,False,1700,재혼,2,은퇴,기타,중,함께 거주,True,대구,3남매 이상,ENTJ,기독교,안 함,비흡연,여행,원함,상의 후 결정,친구모임,상관없음,4,2,5,5,4,베이직,2025-09-02 09:03:00,오프라인행사,MG07,100,완료,True,0.64,4,2026-06-24,4,2,2,2,64,30,155.3,3,False
M468,임정우,남성,39,177,75,경기,고양시,박사,수도권,의료,다온솔루션,9800,23800,전세,False,3700,미혼,0,농어업,기타,하,함께 거주,True,대구,외동,ENTJ,불교,주 1~2회,흡연,등산,상의 후 결정,공동관리,야외활동,상관없음,2,1,4,5,3,프리미엄,2024-06-30 16:52:00,제휴,MG05,86,완료,True,0.64,4,2026-06-30,3,1,2,4,52,22,150.4,20,True
M469,최서준,남성,28,168,54,경북,구미시,학사,인서울,중소기업,새롬금융,4500,3300,자가,True,3200,미혼,0,공무원,회사원,중상,부친 사별,True,인천,1남1녀,INFP,기독교,안 함,비흡연,등산,원함,공동관리,친구모임,상관없음,4,3,3,3,3,베이직,2024-03-04 18:23:00,제휴,MG18,92,완료,True,0.65,1,2026-06-22,1,3,4,3,69,30,211.9,9,True
M470,홍현우,남성,43,172,66,경남,김해시,학사,수도권,공무원,한빛테크,6400,11400,월세,False,3200,미혼,0,은퇴,교직,하,함께 거주,True,서울,외동,INTJ,무교,월 1회 이하,비흡연,요리,상의 후 결정,각자관리,문화생활,상관없음,3,1,5,2,5,베이직,2026-05-16 09:11:00,제휴,MG04,90,완료,True,0.75,5,2026-06-20,1,2,3,2,52,21,131.1,12,True
M471,윤민준,남성,47,181,85,인천,연수구,학사,수도권,대기업,다온솔루션,10700,19600,가족동거,False,1900,재혼,2,은퇴,교직,중,함께 거주,True,경기,3남매 이상,ESTJ,무교,월 1회 이하,비흡연,반려동물,상의 후 결정,상의 후 결정,가족시간,좋아함,2,2,4,3,5,VIP,2024-11-02 11:20:00,오프라인행사,MG10,64,작성 중,False,0.16,0,2026-04-19,0,1,1,1,8,5,25.1,0,False
M472,김도윤,남성,36,179,78,부산,부산진구,학사,기타,중견기업,푸른연구원,8800,17500,자가,True,4200,미혼,0,회사원,자영업,중,함께 거주,True,강원,3남매 이상,ESFJ,무교,월 2~4회,흡연,음악,원함,공동관리,가족시간,상관없음,4,2,3,1,3,프리미엄,2025-08-18 20:38:00,검색광고,MG01,80,작성 중,True,0.67,1,2026-06-21,1,1,3,3,50,23,114.1,14,False
M473,서현우,남성,25,182,66,서울,송파구,학사,기타,중견기업,나래컨설팅,5500,2200,자가,False,8600,미혼,0,기타,은퇴,중상,부친 사별,False,인천,1남1녀,ISFP,무교,주 1~2회,비흡연,운동,상의 후 결정,상의 후 결정,가족시간,좋아함,2,1,4,4,4,프리미엄,2025-02-04 20:18:00,오프라인행사,MG06,92,완료,True,0.47,3,2026-06-24,2,0,2,3,41,20,105.2,5,True
M474,임준서,남성,33,171,66,충북,충주시,학사,인서울,전문직,가온교육,11000,6400,전세,True,6600,미혼,0,전문직,회사원,중,함께 거주,False,전북,자매 2명,INTP,불교,안 함,비흡연,등산,원하지 않음,각자관리,가족시간,상관없음,1,4,5,2,4,베이직,2025-03-08 14:17:00,오프라인행사,MG01,80,작성 중,True,0.78,0,2026-06-25,2,2,2,2,51,22,132.9,10,True
M475,오민준,남성,25,169,66,경기,안양시,학사,수도권,공기업,나래컨설팅,6100,2200,월세,False,9900,미혼,0,농어업,전문직,중,함께 거주,True,경남,3남매 이상,ENTJ,기독교,월 2~4회,흡연,전시,원함,각자관리,야외활동,알레르기 있음,4,1,3,1,4,프리미엄,2025-09-25 13:42:00,검색광고,MG14,98,완료,True,0.49,2,2026-06-30,1,2,3,1,50,21,136.2,9,True
M476,장하윤,여성,44,165,64,인천,남동구,석사,기타,중소기업,푸른연구원,3800,3300,월세,True,8600,미혼,0,회사원,공무원,중,함께 거주,False,부산,자매 2명,INTP,기독교,월 2~4회,흡연,반려동물,원함,공동관리,가족시간,상관없음,1,4,4,3,3,프리미엄,2026-04-03 20:52:00,검색광고,MG02,100,완료,True,0.47,4,2026-06-25,3,3,3,2,61,26,153.2,6,True
M477,강서윤,여성,42,161,63,강원,춘천시,학사,인서울,중견기업,푸른연구원,6000,16600,자가,True,6700,미혼,0,자영업,은퇴,중상,함께 거주,True,대전,형제 2명,INTJ,기독교,주 1~2회,비흡연,반려동물,상의 후 결정,상의 후 결정,가족시간,알레르기 있음,4,2,4,3,5,프리미엄,2024-12-17 14:22:00,지인추천,MG13,71,작성 중,True,0.4,4,2026-06-18,4,2,2,3,55,23,142.6,12,False
M478,오윤서,여성,44,162,59,경기,화성시,학사,인서울,자영업,한빛테크,7200,7500,전세,True,6000,미혼,0,농어업,은퇴,중,함께 거주,True,인천,3남매 이상,ENTP,기독교,안 함,비흡연,운동,원함,상의 후 결정,집에서 휴식,좋아함,4,4,4,2,3,베이직,2024-03-30 18:40:00,제휴,MG05,98,완료,True,0.34,4,2026-06-21,2,2,2,5,67,31,199.7,4,True
M479,박민준,남성,45,174,72,경기,화성시,학사,인서울,금융,이음파트너스,10300,22900,가족동거,True,4200,미혼,0,전문직,은퇴,중하,함께 거주,True,강원,형제 2명,INFP,기독교,월 1회 이하,비흡연,반려동물,원함,일부공동,문화생활,좋아함,4,1,4,2,4,프리미엄,2026-02-28 14:22:00,오프라인행사,MG12,92,완료,False,0.39,4,2026-04-29,2,0,1,1,8,6,53.6,8,True
M480,오소율,여성,40,157,59,서울,영등포구,석사,인서울,중소기업,미래공사,7500,20900,자가,True,10900,미혼,0,농어업,은퇴,중,함께 거주,True,경기,3남매 이상,ESFJ,무교,안 함,비흡연,게임,원함,일부공동,집에서 휴식,좋아함,5,1,4,1,5,베이직,2025-07-17 20:27:00,검색광고,MG02,73,작성 중,False,0.31,0,2026-06-14,0,0,0,2,7,2,28.5,0,True
M481,김하윤,여성,25,169,74,경기,수원시,석사,기타,연구직,미래공사,8700,4700,전세,False,2500,미혼,0,농어업,공무원,중,함께 거주,True,서울,3남매 이상,ENFP,기독교,월 2~4회,비흡연,전시,원하지 않음,공동관리,집에서 휴식,알레르기 있음,1,3,5,5,3,프리미엄,2026-01-28 13:40:00,제휴,MG06,71,작성 중,True,0.58,0,2026-06-24,2,0,2,1,37,19,87.4,4,True
M482,홍지민,여성,45,171,72,충북,제천시,학사,수도권,중소기업,미래공사,7400,20300,자가,False,3500,미혼,0,회사원,회사원,중하,별거,True,서울,외동,INFJ,천주교,월 1회 이하,흡연,등산,원함,상의 후 결정,집에서 휴식,좋아함,2,1,4,3,4,베이직,2024-11-19 17:07:00,오프라인행사,MG10,82,작성 중,True,0.65,5,2026-06-27,2,3,3,4,72,35,195.3,17,True
M483,윤도윤,남성,32,183,87,경남,김해시,석사,지방거점,공무원,미래공사,6500,500,전세,True,3200,미혼,0,농어업,자영업,중,함께 거주,True,서울,자매 2명,ISTP,무교,월 2~4회,흡연,요리,원함,공동관리,문화생활,상관없음,4,1,5,5,4,베이직,2026-04-20 12:13:00,SNS,MG08,71,작성 중,False,0.33,2,2026-05-31,1,2,0,0,1,3,27.7,3,False
M484,강하준,남성,32,174,61,경기,용인시,학사,인서울,연구직,한빛테크,5700,12200,가족동거,True,0,미혼,0,기타,기타,중상,함께 거주,True,충북,자매 2명,ISTJ,불교,월 2~4회,비흡연,게임,상의 후 결정,각자관리,가족시간,알레르기 있음,2,3,5,1,4,베이직,2026-03-27 14:02:00,오프라인행사,MG01,81,작성 중,True,0.64,4,2026-06-26,2,0,1,4,40,19,116,11,True
M485,윤서준,남성,36,173,66,서울,성동구,학사,인서울,공기업,다온솔루션,6900,7800,자가,True,1000,미혼,0,기타,자영업,중하,함께 거주,True,경기,1남1녀,INFJ,천주교,월 2~4회,흡연,영화,원함,일부공동,야외활동,알레르기 있음,4,3,5,3,5,베이직,2024-12-03 13:03:00,제휴,MG07,80,작성 중,True,0.61,2,2026-06-26,3,2,5,3,68,34,222.1,24,True
M486,오채원,여성,26,163,68,경기,고양시,전문학사,수도권,IT,해봄스튜디오,9000,2000,전세,True,0,미혼,0,전문직,회사원,중,함께 거주,True,인천,형제 2명,ENTP,기독교,안 함,비흡연,음악,원하지 않음,일부공동,문화생활,좋아함,1,3,5,2,3,베이직,2024-08-18 09:19:00,SNS,MG05,82,작성 중,False,0.14,2,2026-04-19,0,1,2,1,10,4,32.8,0,False
M487,조하윤,여성,37,169,60,서울,노원구,학사,기타,금융,한빛테크,10600,14300,자가,False,4200,미혼,0,전문직,자영업,상,함께 거주,False,경기,자매 2명,ESTJ,기독교,월 2~4회,비흡연,운동,원하지 않음,각자관리,친구모임,상관없음,1,4,5,2,5,프리미엄,2026-02-01 12:05:00,지인추천,MG09,100,완료,True,0.87,2,2026-06-28,4,5,1,3,88,38,227.8,24,False
M488,권하윤,여성,37,169,62,서울,노원구,학사,기타,금융,나래컨설팅,8500,17700,전세,True,3200,미혼,0,자영업,전문직,중하,함께 거주,True,서울,외동,ENFP,불교,주 3회 이상,비흡연,영화,상의 후 결정,상의 후 결정,집에서 휴식,상관없음,3,1,4,4,3,프리미엄,2024-10-11 09:38:00,제휴,MG04,65,작성 중,False,0.23,1,2026-04-16,1,1,1,0,5,3,26.1,3,False
M489,임지호,남성,38,171,60,전북,익산시,학사,기타,전문직,이음파트너스,12100,13300,월세,True,4000,미혼,0,회사원,가사,중하,이혼,False,서울,3남매 이상,ESTJ,불교,월 1회 이하,비흡연,등산,상의 후 결정,공동관리,야외활동,좋아함,4,2,5,1,3,베이직,2025-12-16 13:41:00,지인추천,MG05,91,완료,True,0.4,1,2026-06-30,3,2,2,3,43,25,160.8,6,False
M490,오유진,여성,31,163,63,부산,수영구,학사,지방거점,공기업,푸른연구원,7300,1500,전세,False,2700,재혼,1,농어업,자영업,중상,함께 거주,True,경기,형제 2명,INTP,기타,주 1~2회,비흡연,반려동물,원함,공동관리,집에서 휴식,좋아함,3,2,5,3,5,프리미엄,2024-09-23 10:22:00,SNS,MG17,77,작성 중,True,0.73,5,2026-06-25,1,3,1,0,15,13,89.6,14,True
M491,김도윤,남성,25,181,86,경기,성남시,전문학사,인서울,공무원,한빛테크,4500,500,전세,True,6300,미혼,0,은퇴,회사원,중,함께 거주,True,전남,1남1녀,ISFJ,무교,주 1~2회,비흡연,골프,상의 후 결정,공동관리,친구모임,좋아함,2,3,4,1,5,프리미엄,2026-04-22 15:21:00,검색광고,MG06,72,작성 중,True,0.32,3,2026-06-26,4,3,2,1,53,23,136.9,11,True
M492,김민서,여성,46,163,64,대전,유성구,학사,수도권,대기업,한빛테크,9000,26400,기타,False,8400,재혼,1,기타,은퇴,중하,함께 거주,False,대구,1남1녀,INFJ,천주교,주 1~2회,비흡연,독서,상의 후 결정,각자관리,야외활동,알레르기 있음,1,5,4,3,5,베이직,2025-05-03 12:27:00,지인추천,MG20,87,완료,True,0.42,2,2026-06-29,1,2,2,3,52,22,140.3,2,True
M493,정현우,남성,40,177,62,경기,고양시,학사,인서울,공무원,나래컨설팅,7100,12800,자가,True,8500,미혼,0,기타,은퇴,중,함께 거주,False,경기,자매 2명,ESTJ,불교,월 1회 이하,비흡연,음악,원함,상의 후 결정,집에서 휴식,좋아함,2,2,4,1,4,베이직,2025-10-05 11:24:00,SNS,MG07,89,완료,True,0.23,3,2026-06-20,3,3,2,1,43,22,140.4,5,False
M494,권다은,여성,30,172,61,광주,서구,박사,수도권,전문직,다온솔루션,13700,12800,월세,True,7100,미혼,0,공무원,전문직,중상,함께 거주,True,경기,형제 2명,ESFP,불교,월 1회 이하,금연 중,등산,원하지 않음,공동관리,집에서 휴식,알레르기 있음,1,3,4,3,2,베이직,2024-07-15 19:05:00,검색광고,MG03,79,작성 중,False,0.44,1,2026-06-15,0,0,1,2,10,3,31.2,1,False
M495,정민재,남성,30,174,69,서울,성동구,석사,수도권,공무원,온누리메디컬,7400,6700,월세,True,5900,미혼,0,기타,공무원,중,함께 거주,True,경기,1남1녀,ESFP,무교,안 함,비흡연,러닝,원함,상의 후 결정,친구모임,상관없음,3,5,4,4,3,프리미엄,2025-02-26 11:00:00,지인추천,MG08,79,작성 중,True,0.58,4,2026-06-27,3,2,0,1,36,15,78.8,8,True
M496,권현우,남성,25,179,74,경기,성남시,전문학사,수도권,의료,미래공사,7000,1800,전세,True,0,미혼,0,전문직,기타,중,함께 거주,True,서울,자매 2명,ISTP,무교,월 2~4회,흡연,영화,원함,상의 후 결정,집에서 휴식,좋아함,2,1,5,4,5,프리미엄,2024-08-07 19:13:00,오프라인행사,MG20,81,작성 중,True,0.26,3,2026-06-20,2,4,1,4,68,27,178.1,3,True
M497,오예은,여성,25,170,51,경남,진주시,학사,인서울,IT,미래공사,6500,2300,전세,True,0,미혼,0,공무원,전문직,중,함께 거주,False,대구,외동,INFJ,기타,월 2~4회,비흡연,여행,원함,상의 후 결정,야외활동,어려움,2,3,5,4,4,프리미엄,2026-04-13 10:21:00,지인추천,MG15,65,작성 중,False,0.44,0,2026-05-09,0,1,0,0,0,1,9.7,0,False
M498,강예준,남성,49,175,77,세종,나성동,학사,수도권,공무원,가온교육,6900,16900,전세,False,0,미혼,0,기타,교직,중,함께 거주,False,인천,자매 2명,INTP,불교,월 2~4회,비흡연,반려동물,상의 후 결정,각자관리,집에서 휴식,어려움,2,1,4,2,4,베이직,2026-01-12 19:48:00,오프라인행사,MG05,100,완료,False,0.02,2,2026-04-26,1,1,0,1,5,4,33.8,0,False
M499,한다은,여성,30,164,62,부산,해운대구,석사,기타,중견기업,해봄스튜디오,6400,4200,전세,True,1600,미혼,0,은퇴,전문직,중하,함께 거주,True,광주,3남매 이상,INTJ,무교,월 1회 이하,비흡연,영화,상의 후 결정,공동관리,집에서 휴식,좋아함,5,5,3,3,4,베이직,2024-05-16 12:31:00,제휴,MG01,100,완료,True,0.66,5,2026-06-28,2,2,3,3,67,29,165.9,17,False
M500,한민재,남성,40,179,70,대전,유성구,석사,수도권,중소기업,나래컨설팅,7300,19100,전세,True,300,미혼,0,자영업,전문직,중하,함께 거주,True,경기,자매 2명,ESTP,불교,월 2~4회,비흡연,러닝,상의 후 결정,일부공동,야외활동,상관없음,4,1,3,3,4,VIP,2025-04-17 11:40:00,오프라인행사,MG04,78,작성 중,True,0.58,4,2026-06-21,3,2,3,4,79,32,181,16,False
M501,강도윤,남성,36,169,57,서울,성동구,석사,기타,중소기업,미래공사,6800,11900,가족동거,True,6400,재혼,1,회사원,회사원,중,함께 거주,True,충북,3남매 이상,ESFP,천주교,안 함,비흡연,운동,상의 후 결정,상의 후 결정,집에서 휴식,좋아함,4,2,4,4,5,프리미엄,2025-12-26 15:07:00,검색광고,MG04,98,완료,False,0.2,4,2026-04-20,1,0,0,1,9,2,26.8,1,False
M502,오건우,남성,25,175,72,경기,성남시,학사,인서울,교직,나래컨설팅,7000,2700,월세,False,4600,미혼,0,공무원,회사원,중하,함께 거주,False,부산,형제 2명,ESTJ,불교,월 1회 이하,비흡연,영화,상의 후 결정,상의 후 결정,친구모임,상관없음,4,1,5,2,5,프리미엄,2025-04-17 18:27:00,오프라인행사,MG14,60,작성 중,False,0.25,0,2026-04-23,0,0,3,0,4,3,57.4,0,False
M503,장현우,남성,41,176,59,경기,성남시,학사,인서울,대기업,푸른연구원,8900,18700,전세,False,7100,미혼,0,기타,공무원,중,함께 거주,False,서울,3남매 이상,INFJ,무교,주 1~2회,비흡연,게임,원함,상의 후 결정,집에서 휴식,좋아함,5,1,3,3,5,베이직,2025-12-14 19:35:00,지인추천,MG07,78,작성 중,False,0.15,1,2026-06-10,1,0,1,1,10,5,48.3,1,False
M504,윤하윤,여성,40,163,60,충북,청주시,학사,인서울,연구직,이음파트너스,9200,19000,가족동거,False,4100,미혼,0,회사원,회사원,하,함께 거주,True,충북,자매 2명,ESFP,무교,월 2~4회,비흡연,러닝,상의 후 결정,공동관리,문화생활,상관없음,3,5,4,4,4,베이직,2026-03-16 14:36:00,SNS,MG14,82,작성 중,True,0.56,2,2026-06-30,6,2,1,3,72,33,223.6,20,False
M505,최은서,여성,49,162,62,전남,순천시,학사,지방거점,중소기업,푸른연구원,5100,6000,가족동거,False,0,재혼,2,자영업,은퇴,중,이혼,False,서울,형제 2명,ESTJ,무교,주 1~2회,비흡연,음악,원하지 않음,공동관리,집에서 휴식,알레르기 있음,5,5,5,1,3,베이직,2026-05-09 10:02:00,오프라인행사,MG15,69,작성 중,True,0.68,3,2026-06-30,2,3,3,3,63,27,166.1,5,True
M506,김지민,여성,34,156,54,부산,부산진구,석사,인서울,공기업,나래컨설팅,8100,16000,자가,True,7400,미혼,0,자영업,전문직,하,함께 거주,False,울산,형제 2명,ESFP,불교,월 2~4회,흡연,게임,원하지 않음,공동관리,친구모임,알레르기 있음,2,3,3,4,4,VIP,2025-01-26 11:13:00,오프라인행사,MG01,87,완료,True,0.73,3,2026-06-29,0,3,0,3,31,18,102.1,7,False
M507,권지아,여성,35,167,52,인천,서구,고졸,지방거점,자영업,다온솔루션,8100,7900,가족동거,False,3500,미혼,0,회사원,자영업,중,함께 거주,False,서울,1남1녀,ISTP,무교,주 1~2회,비흡연,골프,원함,각자관리,야외활동,상관없음,3,5,5,1,2,베이직,2024-10-16 17:05:00,오프라인행사,MG12,74,작성 중,True,0.12,3,2026-06-27,1,4,1,2,41,19,144.3,2,False
M508,안서준,남성,32,177,72,서울,성동구,전문학사,수도권,IT,미래공사,7400,11500,자가,True,9000,미혼,0,전문직,회사원,중하,함께 거주,False,서울,1남1녀,ESFJ,무교,월 1회 이하,비흡연,요리,상의 후 결정,각자관리,집에서 휴식,좋아함,4,3,4,5,2,베이직,2025-08-29 16:48:00,SNS,MG03,77,작성 중,True,0.4,0,2026-06-18,2,2,2,3,47,23,150.6,3,False
M509,신지호,남성,42,167,54,서울,영등포구,학사,인서울,IT,해봄스튜디오,8000,23000,가족동거,True,3900,미혼,0,자영업,가사,중상,함께 거주,True,경기,3남매 이상,ENTP,무교,월 1회 이하,비흡연,독서,원함,각자관리,가족시간,어려움,1,4,4,2,5,베이직,2025-08-21 14:20:00,검색광고,MG07,100,완료,True,0.71,1,2026-06-30,3,3,4,4,89,40,224.9,14,True
M510,송준서,남성,33,173,69,대구,북구,학사,인서울,공기업,나래컨설팅,7200,10000,자가,False,5800,미혼,0,공무원,자영업,중,부친 사별,True,경기,자매 2명,ENFJ,무교,주 1~2회,비흡연,골프,원함,상의 후 결정,집에서 휴식,알레르기 있음,1,4,5,4,2,베이직,2025-05-19 09:09:00,오프라인행사,MG01,87,완료,True,0.45,3,2026-06-23,3,4,1,1,41,22,165.3,8,True
M511,신건우,남성,39,171,65,서울,강남구,석사,수도권,중견기업,온누리메디컬,6500,9300,자가,True,9000,미혼,0,기타,회사원,중상,별거,True,경기,3남매 이상,ENTP,기독교,월 2~4회,비흡연,요리,원하지 않음,상의 후 결정,친구모임,어려움,5,5,3,2,4,프리미엄,2026-03-23 15:01:00,지인추천,MG01,97,완료,True,0.73,3,2026-06-28,2,4,0,4,58,29,171,11,True
M512,장지민,여성,36,165,70,서울,노원구,학사,수도권,교직,온누리메디컬,7100,6200,전세,True,4100,미혼,0,공무원,전문직,중,함께 거주,True,경북,자매 2명,ESTJ,기타,주 3회 이상,흡연,운동,원하지 않음,일부공동,친구모임,상관없음,5,4,4,3,4,프리미엄,2024-06-21 10:53:00,지인추천,MG12,91,완료,True,0.56,7,2026-06-29,2,1,3,1,64,24,132.4,3,False
M513,홍민재,남성,35,179,69,서울,성동구,석사,수도권,대기업,해봄스튜디오,8000,8500,가족동거,True,1000,미혼,0,자영업,가사,중,함께 거주,True,서울,형제 2명,INFJ,무교,안 함,흡연,전시,원함,공동관리,가족시간,상관없음,5,2,5,5,3,베이직,2025-05-02 20:58:00,제휴,MG17,53,미완료,False,0.56,0,2026-05-20,1,0,0,1,8,2,10.3,3,False
M514,오민재,남성,34,176,76,경기,화성시,학사,해외대,중소기업,한빛테크,5200,6600,전세,True,2700,미혼,0,자영업,전문직,중,함께 거주,True,대전,형제 2명,ESTP,무교,주 1~2회,비흡연,골프,상의 후 결정,상의 후 결정,문화생활,상관없음,1,4,4,4,3,베이직,2024-11-04 18:34:00,지인추천,MG10,73,작성 중,True,0.27,3,2026-06-27,2,3,3,2,58,31,190.7,7,True
M515,홍예은,여성,40,165,73,부산,부산진구,학사,인서울,대기업,푸른연구원,11600,22300,전세,False,0,미혼,0,자영업,공무원,중,함께 거주,False,서울,자매 2명,ISFP,무교,월 2~4회,비흡연,골프,상의 후 결정,각자관리,집에서 휴식,알레르기 있음,4,4,4,2,4,프리미엄,2025-02-09 18:26:00,제휴,MG15,78,작성 중,True,0.57,2,2026-06-30,1,5,2,4,69,27,218.7,18,True
M516,오서연,여성,32,165,57,서울,성동구,학사,인서울,전문직,온누리메디컬,10400,6400,전세,False,4500,미혼,0,전문직,자영업,중상,함께 거주,True,경기,3남매 이상,ISFJ,천주교,주 1~2회,비흡연,골프,원함,각자관리,야외활동,알레르기 있음,1,2,5,4,5,베이직,2024-03-06 11:23:00,지인추천,MG20,65,작성 중,False,0.2,1,2026-05-13,1,0,0,1,5,4,28.8,4,False
M517,강지우,여성,31,166,75,경기,용인시,학사,수도권,공기업,이음파트너스,5600,6100,기타,True,7200,미혼,0,자영업,공무원,중,함께 거주,False,경기,외동,ESTJ,무교,안 함,비흡연,운동,상의 후 결정,각자관리,야외활동,어려움,1,4,5,5,4,베이직,2025-10-15 12:21:00,오프라인행사,MG01,90,완료,True,0.61,4,2026-06-26,3,3,2,5,95,39,226,6,True
M518,조민준,남성,42,167,73,경기,안양시,석사,기타,공무원,해봄스튜디오,6700,6700,전세,False,9600,미혼,0,공무원,기타,하,함께 거주,True,부산,외동,INFJ,무교,안 함,비흡연,여행,상의 후 결정,공동관리,친구모임,알레르기 있음,5,3,3,2,3,베이직,2025-08-12 09:41:00,제휴,MG20,80,작성 중,False,0.49,1,2026-05-27,0,0,0,0,0,0,0,0,False
M519,류지아,여성,32,166,62,서울,관악구,전문학사,지방거점,중소기업,해봄스튜디오,5600,5500,월세,True,2600,미혼,0,은퇴,교직,중,모친 사별,True,서울,자매 2명,ENTP,천주교,안 함,비흡연,러닝,원하지 않음,상의 후 결정,문화생활,어려움,2,2,5,1,4,베이직,2025-07-20 13:32:00,지인추천,MG04,88,완료,False,0.28,2,2026-04-25,3,0,1,1,12,5,71.4,0,False
M520,송민재,남성,41,172,64,충북,청주시,학사,수도권,의료,나래컨설팅,8800,22100,가족동거,True,3100,미혼,0,전문직,공무원,중상,함께 거주,True,서울,3남매 이상,ENTP,천주교,월 2~4회,비흡연,여행,원함,일부공동,가족시간,좋아함,3,1,5,3,4,베이직,2024-09-04 20:43:00,오프라인행사,MG09,100,완료,True,0.74,4,2026-06-26,3,2,1,2,51,24,162.7,14,False
M521,박지호,남성,29,177,76,대구,북구,석사,인서울,중견기업,한빛테크,9000,4000,기타,True,4600,미혼,0,전문직,교직,중상,모친 사별,True,경북,자매 2명,ISFP,기독교,월 1회 이하,비흡연,골프,원함,공동관리,문화생활,좋아함,5,5,4,5,5,베이직,2024-06-30 17:26:00,오프라인행사,MG02,57,미완료,False,0.31,4,2026-05-29,1,2,1,2,14,6,50.1,9,False
M522,이하윤,여성,45,167,54,인천,부평구,학사,기타,대기업,해봄스튜디오,10800,43600,자가,True,9800,미혼,0,기타,기타,중,함께 거주,True,광주,형제 2명,ENTJ,천주교,월 2~4회,비흡연,요리,원함,각자관리,집에서 휴식,어려움,5,2,4,1,3,프리미엄,2025-10-15 11:05:00,오프라인행사,MG19,67,작성 중,False,0.32,0,2026-05-28,1,0,0,0,2,1,5.9,0,False
M523,윤도윤,남성,48,164,60,경기,화성시,학사,수도권,중소기업,가온교육,7100,24600,전세,False,0,미혼,0,전문직,은퇴,중,함께 거주,True,서울,자매 2명,ESTP,무교,안 함,금연 중,음악,상의 후 결정,각자관리,야외활동,상관없음,4,4,4,4,3,VIP,2025-02-05 10:12:00,SNS,MG12,80,작성 중,True,0.67,2,2026-06-24,0,1,2,3,40,18,108.6,7,True
M524,황예준,남성,38,174,65,대구,북구,학사,인서울,대기업,미래공사,9300,19500,월세,True,0,미혼,0,회사원,회사원,중상,함께 거주,True,경기,자매 2명,INTJ,무교,월 2~4회,흡연,운동,원함,공동관리,야외활동,어려움,5,1,5,1,5,VIP,2026-04-01 17:19:00,오프라인행사,MG08,76,작성 중,True,0.78,1,2026-06-24,2,2,1,1,41,15,102.9,13,False
M525,한채원,여성,40,169,53,충북,청주시,학사,인서울,중소기업,나래컨설팅,7200,10400,가족동거,True,100,미혼,0,농어업,전문직,중,부친 사별,True,서울,형제 2명,ESTP,무교,주 1~2회,비흡연,러닝,원하지 않음,일부공동,가족시간,알레르기 있음,4,3,5,1,2,베이직,2025-07-18 12:10:00,지인추천,MG05,75,작성 중,True,0.58,2,2026-06-30,0,2,2,2,32,15,83.2,13,True
M526,한수아,여성,33,166,66,서울,성동구,석사,수도권,프리랜서,가온교육,7300,9300,월세,True,0,미혼,0,공무원,회사원,중,함께 거주,True,인천,외동,ENTJ,무교,주 1~2회,흡연,반려동물,상의 후 결정,공동관리,집에서 휴식,어려움,3,4,5,2,4,베이직,2024-12-07 11:36:00,오프라인행사,MG05,56,미완료,True,0.53,2,2026-06-29,3,4,1,3,64,25,153.4,9,False
M527,한은서,여성,38,169,75,경남,김해시,고졸,기타,대기업,미래공사,10500,15200,월세,False,4900,미혼,0,회사원,공무원,중,함께 거주,True,서울,형제 2명,INTJ,무교,안 함,비흡연,음악,원함,공동관리,문화생활,알레르기 있음,1,1,5,1,4,베이직,2026-05-21 16:42:00,SNS,MG10,79,작성 중,True,0.66,4,2026-06-16,4,4,1,1,70,31,178.1,10,False
M528,박민준,남성,25,165,74,인천,부평구,석사,지방거점,대기업,이음파트너스,9300,3100,전세,False,6400,미혼,0,회사원,가사,하,함께 거주,True,부산,자매 2명,ENTJ,무교,안 함,비흡연,등산,상의 후 결정,일부공동,문화생활,좋아함,1,4,5,4,5,베이직,2024-04-24 20:15:00,오프라인행사,MG11,60,작성 중,False,0.28,0,2026-06-07,1,1,0,0,7,2,16.1,0,False
M529,임지아,여성,44,159,52,광주,광산구,석사,지방거점,교직,나래컨설팅,7500,12400,전세,True,3000,미혼,0,자영업,은퇴,중하,함께 거주,False,서울,외동,INFP,불교,월 2~4회,금연 중,전시,원함,일부공동,가족시간,어려움,1,1,5,5,3,베이직,2025-08-12 13:27:00,SNS,MG05,74,작성 중,True,0.62,2,2026-06-28,2,0,4,2,41,15,81.3,9,False
M530,박수아,여성,28,166,69,서울,관악구,학사,지방거점,공무원,다온솔루션,4300,800,전세,True,5800,미혼,0,자영업,자영업,중,함께 거주,False,강원,1남1녀,INFJ,무교,주 1~2회,비흡연,운동,원하지 않음,상의 후 결정,집에서 휴식,어려움,1,5,4,4,5,프리미엄,2024-03-28 12:32:00,검색광고,MG09,92,완료,True,0.86,2,2026-06-23,2,6,3,2,77,38,232.7,19,True
M531,이우진,남성,35,173,63,서울,노원구,학사,기타,공무원,나래컨설팅,4300,6500,전세,False,12700,미혼,0,회사원,교직,중,함께 거주,False,경기,형제 2명,INTP,무교,주 1~2회,비흡연,운동,상의 후 결정,공동관리,문화생활,어려움,4,1,3,3,4,베이직,2025-08-07 12:57:00,검색광고,MG19,71,작성 중,True,0.3,1,2026-06-18,2,1,5,3,65,29,171.8,16,False
M532,권소율,여성,43,163,66,대전,중구,학사,기타,의료,새롬금융,7800,10100,전세,True,5400,재혼,0,전문직,교직,중,함께 거주,False,경남,형제 2명,INTJ,기독교,월 1회 이하,금연 중,러닝,상의 후 결정,공동관리,문화생활,상관없음,2,3,5,2,4,베이직,2024-12-07 19:57:00,검색광고,MG04,61,작성 중,False,0.23,1,2026-05-06,0,2,1,1,9,6,47.4,1,False
M533,서지아,여성,39,169,65,인천,남동구,전문학사,수도권,IT,온누리메디컬,7500,7600,전세,True,2300,미혼,0,회사원,자영업,중하,이혼,True,경기,자매 2명,INFJ,불교,월 2~4회,흡연,요리,원함,공동관리,친구모임,상관없음,1,1,5,1,4,프리미엄,2026-03-24 12:58:00,지인추천,MG13,84,작성 중,True,0.71,1,2026-06-19,4,1,2,2,36,18,115.4,9,True
M534,류유진,여성,43,155,49,경기,화성시,학사,기타,연구직,나래컨설팅,9000,22700,자가,False,12200,미혼,0,공무원,교직,중,함께 거주,False,서울,외동,ENFJ,천주교,월 1회 이하,비흡연,독서,원함,상의 후 결정,집에서 휴식,좋아함,4,3,5,2,3,프리미엄,2025-07-27 12:07:00,검색광고,MG17,81,작성 중,True,0.42,2,2026-06-20,4,2,2,4,97,36,236.5,11,False
M535,안지호,남성,41,169,65,경기,용인시,학사,수도권,공기업,가온교육,7800,19400,월세,True,0,미혼,0,자영업,공무원,중상,함께 거주,True,대전,외동,ISTP,무교,주 3회 이상,흡연,반려동물,원함,각자관리,문화생활,상관없음,4,2,4,1,3,프리미엄,2024-08-24 16:08:00,검색광고,MG06,83,작성 중,True,0.65,2,2026-06-23,0,2,1,2,28,14,81.9,5,True
M536,강예준,남성,29,177,74,경기,성남시,학사,수도권,중견기업,푸른연구원,6400,7400,월세,True,600,미혼,0,농어업,회사원,하,함께 거주,True,경기,외동,ENTP,천주교,월 2~4회,비흡연,요리,상의 후 결정,공동관리,야외활동,알레르기 있음,3,4,4,3,3,프리미엄,2025-05-16 15:29:00,SNS,MG13,59,미완료,True,0.61,0,2026-06-26,4,2,2,3,62,23,172.8,8,False
M537,신시우,남성,41,178,68,대구,달서구,학사,수도권,공기업,이음파트너스,8800,17400,가족동거,True,1600,재혼,0,전문직,전문직,중,이혼,True,울산,1남1녀,ISFP,무교,주 1~2회,비흡연,게임,원하지 않음,상의 후 결정,문화생활,어려움,5,3,5,2,4,프리미엄,2024-04-25 15:40:00,지인추천,MG11,83,작성 중,True,0.56,1,2026-06-24,1,1,0,3,42,19,116.4,11,True
M538,서다은,여성,44,162,65,경기,화성시,학사,인서울,전문직,새롬금융,10300,15900,월세,False,1600,미혼,0,전문직,자영업,중,함께 거주,False,충북,3남매 이상,ENTP,천주교,주 1~2회,비흡연,골프,원함,일부공동,야외활동,상관없음,4,2,4,4,3,프리미엄,2026-05-20 17:44:00,제휴,MG09,56,미완료,True,0.63,1,2026-06-22,1,2,2,1,37,18,101.7,14,True
M539,임서준,남성,36,169,63,경기,고양시,학사,인서울,교직,다온솔루션,7800,9100,자가,True,2200,미혼,0,농어업,회사원,중,모친 사별,True,서울,외동,INFJ,기독교,주 1~2회,비흡연,게임,원함,상의 후 결정,문화생활,어려움,1,5,5,5,4,베이직,2026-05-10 20:06:00,오프라인행사,MG16,83,작성 중,True,0.47,1,2026-06-16,3,1,3,3,70,28,160.1,6,True
M540,이하윤,여성,36,170,70,경기,성남시,학사,지방거점,금융,온누리메디컬,11900,23700,전세,True,5500,미혼,0,은퇴,회사원,중하,함께 거주,True,충남,외동,ENFP,천주교,안 함,비흡연,러닝,원함,일부공동,집에서 휴식,좋아함,1,1,5,5,4,VIP,2024-06-27 19:53:00,SNS,MG16,88,완료,True,0.83,2,2026-06-20,1,1,2,3,52,21,108.9,11,True
M541,장다은,여성,36,178,64,서울,노원구,학사,기타,대기업,다온솔루션,10900,7000,자가,True,3900,미혼,0,자영업,회사원,중하,함께 거주,False,경남,자매 2명,ISFP,무교,월 2~4회,비흡연,요리,원함,각자관리,집에서 휴식,상관없음,4,2,5,5,3,프리미엄,2025-07-19 14:17:00,오프라인행사,MG07,68,작성 중,True,0.82,4,2026-06-24,2,2,1,4,40,20,138.9,10,False
M542,장지민,여성,41,159,74,경기,화성시,학사,인서울,공기업,푸른연구원,6300,15400,전세,True,7200,미혼,0,농어업,가사,중상,함께 거주,True,인천,1남1녀,ISFP,무교,월 2~4회,비흡연,음악,원함,상의 후 결정,문화생활,좋아함,3,3,5,4,4,베이직,2026-02-15 11:37:00,SNS,MG10,74,작성 중,True,0.69,2,2026-06-22,5,1,1,4,70,27,176,13,True
M543,이서준,남성,37,180,85,경기,성남시,학사,해외대,중소기업,이음파트너스,3800,4900,월세,True,2600,미혼,0,공무원,기타,중상,함께 거주,False,경기,3남매 이상,INFJ,무교,안 함,비흡연,러닝,원함,상의 후 결정,야외활동,어려움,1,3,4,1,4,베이직,2025-08-01 09:00:00,SNS,MG15,72,작성 중,True,0.26,2,2026-06-18,1,2,2,2,38,17,97,9,False
M544,홍정우,남성,37,169,78,경기,고양시,박사,인서울,공무원,한빛테크,7700,10700,가족동거,True,7800,미혼,0,자영업,은퇴,상,함께 거주,True,서울,1남1녀,INTJ,기독교,주 3회 이상,비흡연,음악,원함,상의 후 결정,친구모임,알레르기 있음,1,2,5,5,3,베이직,2025-06-27 15:03:00,검색광고,MG20,79,작성 중,True,0.81,2,2026-06-26,3,0,2,4,61,24,149.9,17,False
M545,정채원,여성,31,158,61,서울,노원구,고졸,인서울,공무원,나래컨설팅,6800,9100,월세,True,4100,미혼,0,공무원,교직,중,함께 거주,True,서울,1남1녀,ESTP,불교,안 함,비흡연,전시,상의 후 결정,각자관리,가족시간,알레르기 있음,5,2,4,2,4,베이직,2025-08-06 13:30:00,검색광고,MG16,62,작성 중,True,0.66,3,2026-06-25,0,3,1,2,27,15,100.3,5,True
M546,최유진,여성,32,163,53,경남,진주시,학사,지방거점,IT,나래컨설팅,7700,4700,가족동거,True,0,미혼,0,은퇴,은퇴,중,함께 거주,True,인천,자매 2명,ISTJ,천주교,주 1~2회,비흡연,전시,원함,일부공동,야외활동,알레르기 있음,5,4,5,2,4,프리미엄,2025-08-08 15:49:00,검색광고,MG14,67,작성 중,True,0.81,4,2026-06-27,0,3,2,4,66,24,167.6,15,True
M547,황민재,남성,44,176,70,서울,관악구,박사,수도권,자영업,이음파트너스,11200,17300,월세,False,4600,미혼,0,회사원,회사원,중상,함께 거주,True,서울,자매 2명,ESTP,무교,주 1~2회,비흡연,전시,상의 후 결정,일부공동,문화생활,좋아함,4,2,4,3,4,프리미엄,2026-02-27 20:00:00,제휴,MG17,82,작성 중,True,0.79,3,2026-06-25,1,4,3,3,49,23,165.1,15,False
M548,서다은,여성,43,157,50,서울,마포구,박사,지방거점,IT,한빛테크,12300,30600,전세,True,0,미혼,0,전문직,교직,하,함께 거주,True,경기,3남매 이상,ENTJ,천주교,월 2~4회,흡연,요리,상의 후 결정,일부공동,문화생활,어려움,4,4,4,1,3,베이직,2024-06-30 15:50:00,지인추천,MG02,92,완료,True,0.75,2,2026-06-29,2,2,2,4,64,29,170,12,False
M549,임예은,여성,29,166,71,경기,수원시,학사,기타,자영업,온누리메디컬,7500,6600,자가,True,5500,미혼,0,농어업,기타,중상,함께 거주,False,강원,형제 2명,INFJ,천주교,월 2~4회,비흡연,전시,상의 후 결정,공동관리,문화생활,알레르기 있음,4,2,5,4,5,VIP,2025-07-29 12:38:00,검색광고,MG03,100,완료,True,0.59,3,2026-06-27,1,3,4,3,66,32,184.4,8,True
M550,홍서윤,여성,28,156,58,강원,춘천시,학사,기타,중견기업,이음파트너스,6700,5300,전세,True,6100,미혼,0,은퇴,기타,중,함께 거주,True,부산,외동,ISTJ,무교,월 1회 이하,흡연,게임,원함,각자관리,집에서 휴식,좋아함,1,3,4,3,2,베이직,2024-01-26 09:33:00,검색광고,MG09,96,완료,True,0.48,0,2026-06-28,0,4,4,3,63,29,187,11,False
M551,박유진,여성,33,169,76,강원,강릉시,학사,지방거점,금융,해봄스튜디오,9400,12600,자가,True,7700,미혼,0,자영업,전문직,중,함께 거주,True,대구,형제 2명,INFJ,천주교,월 1회 이하,비흡연,독서,상의 후 결정,일부공동,가족시간,알레르기 있음,5,1,3,3,5,VIP,2026-03-03 11:56:00,지인추천,MG06,88,완료,True,0.76,2,2026-06-22,3,0,3,2,59,28,146.3,19,True
M552,김수아,여성,39,162,67,경남,창원시,전문학사,기타,공기업,새롬금융,7200,20300,자가,False,3800,미혼,0,자영업,기타,중하,함께 거주,False,서울,자매 2명,INFJ,천주교,주 3회 이상,비흡연,골프,상의 후 결정,각자관리,야외활동,알레르기 있음,5,2,5,4,4,프리미엄,2025-01-20 13:05:00,지인추천,MG13,100,완료,True,0.61,4,2026-06-16,4,4,2,4,100,43,243.6,22,True
M553,박지훈,남성,38,167,62,서울,노원구,학사,수도권,중견기업,한빛테크,7600,10700,전세,True,0,미혼,0,은퇴,교직,중하,부친 사별,True,서울,3남매 이상,ENFP,무교,월 1회 이하,비흡연,반려동물,원하지 않음,각자관리,친구모임,좋아함,3,3,5,1,4,VIP,2025-11-06 19:27:00,지인추천,MG17,91,완료,True,0.73,2,2026-06-18,0,2,0,1,10,8,38.1,5,False
M554,임준서,남성,35,175,65,대구,수성구,학사,수도권,공기업,푸른연구원,5400,2600,자가,True,8000,미혼,0,농어업,전문직,중상,함께 거주,False,경기,형제 2명,ISFJ,기독교,월 1회 이하,비흡연,골프,원함,일부공동,가족시간,상관없음,1,2,4,3,5,프리미엄,2025-01-28 20:59:00,검색광고,MG15,100,완료,True,0.88,2,2026-06-29,4,3,3,2,88,40,229.9,26,True
M555,이은서,여성,32,164,57,대전,중구,석사,SKY,중견기업,이음파트너스,6900,8100,자가,False,5500,미혼,0,공무원,기타,중하,함께 거주,False,경기,1남1녀,INFP,불교,월 1회 이하,비흡연,골프,원하지 않음,공동관리,가족시간,좋아함,1,2,5,4,2,베이직,2025-06-20 20:32:00,SNS,MG12,64,작성 중,False,0.4,1,2026-05-10,1,0,0,0,3,1,14.8,0,False
M556,류준서,남성,28,185,60,경남,김해시,석사,수도권,대기업,한빛테크,8500,2900,전세,True,0,미혼,0,회사원,은퇴,중하,함께 거주,True,서울,3남매 이상,ENTP,무교,월 2~4회,흡연,등산,원함,공동관리,친구모임,알레르기 있음,5,1,5,1,4,프리미엄,2024-08-21 19:41:00,지인추천,MG16,68,작성 중,True,0.62,3,2026-06-27,3,4,3,2,73,36,216.6,13,False
M557,윤은서,여성,39,163,67,충남,아산시,학사,인서울,프리랜서,다온솔루션,7500,4700,가족동거,True,6900,재혼,0,전문직,기타,중하,부친 사별,False,충남,3남매 이상,INTP,불교,월 1회 이하,비흡연,러닝,상의 후 결정,일부공동,친구모임,좋아함,1,3,5,2,5,베이직,2025-05-05 17:34:00,SNS,MG17,79,작성 중,True,0.59,2,2026-06-16,2,1,1,4,41,21,89,4,True
M558,안서윤,여성,25,167,62,경북,구미시,학사,기타,중소기업,한빛테크,4700,2400,자가,True,10100,미혼,0,농어업,자영업,중상,함께 거주,True,서울,자매 2명,ENTJ,기독교,월 2~4회,비흡연,요리,상의 후 결정,각자관리,야외활동,상관없음,1,4,4,3,5,베이직,2026-05-11 18:56:00,검색광고,MG08,67,작성 중,True,0.5,4,2026-06-28,3,4,1,2,49,21,124.7,6,True
M559,황도현,남성,30,181,80,서울,관악구,석사,인서울,교직,새롬금융,9000,6300,월세,True,4900,미혼,0,은퇴,교직,하,함께 거주,True,경기,외동,ESFJ,무교,월 2~4회,비흡연,러닝,원함,일부공동,친구모임,어려움,1,5,5,5,5,베이직,2026-04-09 11:06:00,SNS,MG14,80,작성 중,True,0.6,3,2026-06-17,1,3,2,0,38,17,116.3,14,True
M560,김지훈,남성,36,175,63,인천,연수구,학사,수도권,대기업,푸른연구원,8800,22000,월세,False,4800,미혼,0,자영업,자영업,중,부친 사별,True,인천,1남1녀,INFJ,무교,월 2~4회,흡연,영화,원하지 않음,각자관리,친구모임,알레르기 있음,3,3,4,4,5,베이직,2025-08-16 19:57:00,지인추천,MG16,75,작성 중,True,0.55,1,2026-06-24,1,3,1,4,52,24,174.7,14,False
M561,최서윤,여성,40,162,58,서울,노원구,학사,인서울,공기업,이음파트너스,8000,17300,월세,False,1600,재혼,0,기타,기타,중,함께 거주,True,인천,1남1녀,ESFP,천주교,주 1~2회,비흡연,여행,원함,각자관리,야외활동,알레르기 있음,4,1,5,3,5,베이직,2024-09-13 13:48:00,지인추천,MG08,84,작성 중,True,0.52,3,2026-06-29,2,0,3,1,36,18,110,7,True
M562,조서준,남성,46,166,64,전남,순천시,학사,인서울,공기업,미래공사,9100,22400,전세,True,0,미혼,0,전문직,공무원,중하,함께 거주,True,충남,외동,ISFP,무교,월 2~4회,비흡연,여행,원함,상의 후 결정,야외활동,어려움,3,2,4,2,5,프리미엄,2024-07-08 13:08:00,오프라인행사,MG17,75,작성 중,True,0.5,6,2026-06-19,4,0,0,1,32,17,86.1,3,False
M563,황시우,남성,33,179,65,경기,용인시,학사,기타,교직,나래컨설팅,6000,9900,전세,True,3900,미혼,0,자영업,전문직,중하,함께 거주,True,부산,1남1녀,ESTP,무교,월 2~4회,비흡연,전시,원함,일부공동,가족시간,어려움,3,1,4,4,2,프리미엄,2025-11-22 10:06:00,SNS,MG11,68,작성 중,False,0.02,2,2026-04-20,0,1,1,0,7,3,24.6,0,False
M564,권민서,여성,32,171,63,대전,중구,학사,SKY,전문직,새롬금융,7800,4800,자가,False,12600,미혼,0,자영업,회사원,중,함께 거주,True,서울,외동,ESTJ,기독교,월 2~4회,비흡연,운동,상의 후 결정,상의 후 결정,가족시간,상관없음,5,2,3,4,5,프리미엄,2024-01-16 17:11:00,지인추천,MG06,99,완료,True,0.53,2,2026-06-30,3,2,3,1,52,25,143.1,6,True
M565,임지민,여성,39,163,58,경기,고양시,학사,기타,중소기업,미래공사,5300,6200,가족동거,False,2400,미혼,0,자영업,은퇴,중,함께 거주,True,서울,자매 2명,ISFJ,무교,안 함,비흡연,게임,원함,일부공동,집에서 휴식,상관없음,4,2,3,4,3,베이직,2026-02-22 12:45:00,SNS,MG09,98,완료,True,0.73,4,2026-06-18,2,2,2,3,63,29,171.3,13,True
M566,송하윤,여성,28,163,59,경기,안양시,학사,수도권,중견기업,미래공사,6100,2400,가족동거,False,0,미혼,0,공무원,전문직,중,함께 거주,True,충북,형제 2명,ENFP,무교,월 2~4회,흡연,골프,원하지 않음,각자관리,친구모임,알레르기 있음,3,1,3,5,4,베이직,2024-04-29 13:18:00,제휴,MG09,74,작성 중,False,0.38,4,2026-04-16,0,0,0,1,4,2,20.1,0,True
M567,서수아,여성,47,165,59,부산,부산진구,박사,SKY,공무원,한빛테크,10600,25000,자가,False,1600,미혼,0,회사원,회사원,중하,함께 거주,True,경남,1남1녀,ENFJ,기독교,안 함,흡연,음악,원함,공동관리,친구모임,상관없음,1,2,5,3,2,베이직,2026-05-06 18:32:00,오프라인행사,MG04,64,작성 중,True,0.4,3,2026-06-20,2,4,4,4,80,32,182.7,9,True
M568,임우진,남성,32,171,75,대전,서구,석사,인서울,자영업,나래컨설팅,8500,3800,가족동거,True,0,미혼,0,자영업,가사,중,함께 거주,True,경기,3남매 이상,ENTP,기독교,월 1회 이하,비흡연,러닝,상의 후 결정,상의 후 결정,문화생활,좋아함,3,4,5,5,5,베이직,2026-03-07 16:26:00,SNS,MG12,76,작성 중,False,0.42,0,2026-06-05,2,0,1,1,10,5,40.5,7,False
M569,정지아,여성,31,166,67,서울,마포구,학사,지방거점,연구직,미래공사,7900,10800,가족동거,False,7000,미혼,0,전문직,전문직,중,함께 거주,True,경남,3남매 이상,INTP,기독교,월 2~4회,비흡연,러닝,원함,상의 후 결정,야외활동,알레르기 있음,3,5,4,3,5,베이직,2025-09-24 10:32:00,SNS,MG18,85,완료,True,0.44,3,2026-06-17,4,3,4,3,82,34,233.3,17,False
M570,안서준,남성,35,169,56,인천,남동구,학사,해외대,중소기업,해봄스튜디오,6900,7600,월세,True,5600,미혼,0,회사원,은퇴,하,모친 사별,False,제주,외동,ENTJ,불교,주 1~2회,비흡연,전시,상의 후 결정,상의 후 결정,문화생활,알레르기 있음,3,4,3,2,4,프리미엄,2026-04-04 20:32:00,지인추천,MG10,60,작성 중,True,0.38,0,2026-06-17,1,3,4,2,38,19,94.7,11,False
M571,강하준,남성,30,184,78,경북,구미시,학사,수도권,대기업,새롬금융,7900,9500,전세,True,0,미혼,0,은퇴,교직,중,함께 거주,True,대구,형제 2명,INFJ,무교,월 2~4회,비흡연,골프,상의 후 결정,일부공동,친구모임,좋아함,5,1,5,3,4,프리미엄,2024-07-16 15:42:00,제휴,MG05,71,작성 중,True,0.39,3,2026-06-27,2,1,3,2,47,20,128.1,2,False
M572,오지우,여성,42,161,65,전남,순천시,석사,해외대,공무원,온누리메디컬,8000,19000,전세,True,3900,미혼,0,회사원,교직,중,함께 거주,False,경기,외동,ESTJ,천주교,월 2~4회,비흡연,음악,원함,각자관리,집에서 휴식,알레르기 있음,4,5,4,4,4,베이직,2024-05-07 14:03:00,오프라인행사,MG06,76,작성 중,True,0.44,5,2026-06-16,2,1,3,4,53,26,154.3,7,False
M573,한시우,남성,36,170,67,부산,동래구,학사,기타,대기업,가온교육,10000,11400,전세,True,4500,미혼,0,공무원,가사,중,함께 거주,True,경기,외동,ENTP,무교,월 1회 이하,비흡연,반려동물,원함,각자관리,가족시간,좋아함,4,4,5,1,4,VIP,2024-11-14 20:33:00,제휴,MG16,87,완료,True,0.51,5,2026-06-20,2,4,3,4,107,43,231.8,20,False
M574,오유진,여성,35,156,43,경남,김해시,전문학사,기타,자영업,해봄스튜디오,7200,7400,전세,False,5700,미혼,0,전문직,회사원,중,별거,False,충남,3남매 이상,ENTJ,불교,안 함,비흡연,운동,상의 후 결정,각자관리,친구모임,어려움,5,1,3,4,4,프리미엄,2025-08-12 10:25:00,오프라인행사,MG05,83,작성 중,True,0.84,1,2026-06-29,1,1,2,2,31,18,99.8,4,False
M575,최예은,여성,35,168,79,부산,동래구,학사,인서울,자영업,해봄스튜디오,9100,13600,전세,True,10700,미혼,0,농어업,자영업,중하,함께 거주,False,서울,형제 2명,ISTP,천주교,주 1~2회,흡연,전시,원함,일부공동,야외활동,알레르기 있음,4,3,4,5,5,베이직,2025-09-11 12:43:00,지인추천,MG09,78,작성 중,False,0.46,0,2026-05-25,0,1,1,0,7,5,32.3,0,False
M576,홍건우,남성,34,171,78,울산,중구,전문학사,수도권,공무원,해봄스튜디오,6700,12000,월세,True,1700,미혼,0,자영업,자영업,중,함께 거주,True,세종,1남1녀,ISFP,천주교,안 함,비흡연,러닝,원함,일부공동,야외활동,어려움,2,4,5,1,2,베이직,2024-07-26 19:51:00,검색광고,MG11,60,작성 중,False,0.26,0,2026-05-16,0,2,1,0,4,3,44.2,0,False
M577,강예준,남성,38,178,77,전북,군산시,학사,기타,프리랜서,한빛테크,4800,8000,가족동거,True,3700,미혼,0,은퇴,교직,중,함께 거주,True,대전,형제 2명,ISTJ,불교,월 1회 이하,비흡연,음악,원함,각자관리,가족시간,알레르기 있음,4,2,3,1,3,베이직,2025-07-05 12:39:00,오프라인행사,MG17,94,완료,True,0.36,4,2026-06-28,4,1,3,6,106,40,235.2,10,False
M578,류지훈,남성,39,180,73,경기,성남시,학사,수도권,중소기업,이음파트너스,6700,9300,가족동거,True,0,미혼,0,전문직,가사,중,함께 거주,False,대전,자매 2명,ESTP,기독교,월 2~4회,비흡연,영화,상의 후 결정,각자관리,야외활동,좋아함,5,3,5,3,4,VIP,2024-06-04 10:44:00,오프라인행사,MG06,100,완료,True,0.29,0,2026-06-18,3,3,2,4,83,32,203.7,4,False
M579,조도윤,남성,29,187,98,서울,영등포구,박사,지방거점,의료,이음파트너스,8400,13100,전세,False,4300,미혼,0,전문직,자영업,중하,별거,True,대구,자매 2명,ISTP,기독교,주 1~2회,흡연,등산,원하지 않음,상의 후 결정,집에서 휴식,상관없음,5,4,4,2,4,베이직,2024-03-12 13:27:00,검색광고,MG03,86,완료,False,0.06,2,2026-05-16,0,0,1,1,4,2,23.2,0,False
M580,오서준,남성,26,175,66,경북,포항시,학사,기타,전문직,새롬금융,9000,1700,자가,False,8000,미혼,0,농어업,공무원,중,함께 거주,True,경남,3남매 이상,INTP,천주교,안 함,비흡연,음악,원함,상의 후 결정,야외활동,어려움,5,3,5,1,5,베이직,2024-02-23 15:01:00,지인추천,MG14,76,작성 중,False,0.22,3,2026-05-28,0,1,3,1,22,8,71,0,False
M581,권준서,남성,29,175,79,제주,제주시,학사,기타,금융,나래컨설팅,11000,4100,가족동거,True,5600,미혼,0,회사원,기타,중상,함께 거주,True,전북,외동,ENFP,기타,안 함,비흡연,여행,원하지 않음,일부공동,야외활동,상관없음,4,3,5,5,5,베이직,2025-07-04 16:34:00,제휴,MG03,68,작성 중,True,0.59,1,2026-06-24,4,2,3,2,62,34,215.5,5,False
M582,윤서윤,여성,35,157,63,부산,해운대구,학사,기타,대기업,한빛테크,7100,8900,전세,False,5600,미혼,0,전문직,공무원,중,모친 사별,False,서울,외동,ISTP,천주교,안 함,비흡연,요리,상의 후 결정,상의 후 결정,가족시간,알레르기 있음,4,1,4,2,5,베이직,2024-04-17 15:40:00,제휴,MG12,76,작성 중,False,0.23,3,2026-05-20,2,0,3,0,26,6,61.3,1,False
M583,조정우,남성,41,177,57,대전,유성구,학사,인서울,공기업,새롬금융,7200,14700,전세,False,4200,미혼,0,자영업,가사,중하,함께 거주,True,경기,형제 2명,ISFJ,불교,월 2~4회,비흡연,골프,원함,각자관리,야외활동,어려움,3,1,4,1,3,베이직,2025-07-13 16:54:00,오프라인행사,MG09,56,미완료,False,0.33,1,2026-05-08,0,0,0,0,0,0,0,0,False
M584,안지아,여성,34,166,59,충북,제천시,학사,수도권,중소기업,다온솔루션,3400,7100,자가,False,7300,미혼,0,회사원,회사원,상,함께 거주,True,경기,자매 2명,ENFP,무교,월 2~4회,흡연,독서,원함,각자관리,야외활동,좋아함,2,3,4,5,5,베이직,2025-11-23 11:32:00,검색광고,MG11,100,완료,True,0.58,2,2026-06-26,4,2,2,3,70,35,207.2,17,True
M585,송시우,남성,29,181,68,부산,수영구,박사,인서울,중견기업,미래공사,8800,6000,자가,False,4300,미혼,0,전문직,가사,하,함께 거주,True,경기,1남1녀,ENTJ,천주교,주 1~2회,흡연,골프,원함,각자관리,친구모임,어려움,4,4,4,4,4,베이직,2024-01-05 12:27:00,오프라인행사,MG03,73,작성 중,True,0.18,5,2026-06-29,3,5,2,2,59,31,180.9,6,False
M586,홍우진,남성,40,171,62,경기,고양시,석사,인서울,전문직,해봄스튜디오,10900,12600,전세,True,2900,미혼,0,공무원,전문직,중,함께 거주,True,충남,자매 2명,ENFJ,불교,주 3회 이상,비흡연,등산,상의 후 결정,상의 후 결정,친구모임,상관없음,4,1,5,4,5,베이직,2025-01-02 20:24:00,SNS,MG18,59,미완료,False,0.27,2,2026-05-07,1,0,0,1,3,3,23.5,0,False
M587,김지호,남성,29,164,60,서울,성동구,고졸,인서울,중견기업,한빛테크,3600,4500,전세,True,7300,미혼,0,농어업,공무원,상,함께 거주,True,대구,외동,ESTP,기독교,월 2~4회,비흡연,러닝,원함,공동관리,야외활동,알레르기 있음,4,5,4,2,3,베이직,2026-03-31 10:58:00,지인추천,MG15,96,완료,True,0.3,3,2026-06-21,2,1,1,3,43,21,113.4,3,True
M588,정서연,여성,33,166,67,서울,노원구,석사,수도권,대기업,한빛테크,10700,7300,전세,False,4400,미혼,0,은퇴,전문직,중,함께 거주,True,서울,형제 2명,ISFP,불교,월 2~4회,비흡연,골프,상의 후 결정,각자관리,문화생활,알레르기 있음,4,3,5,5,5,프리미엄,2024-01-18 12:28:00,SNS,MG20,70,작성 중,False,0.02,0,2026-06-14,0,0,2,1,4,3,27.7,0,False
M589,임수아,여성,32,161,53,부산,부산진구,전문학사,인서울,중견기업,이음파트너스,7800,7800,자가,False,2700,미혼,0,공무원,가사,중상,함께 거주,False,충남,1남1녀,ENFP,무교,주 1~2회,비흡연,등산,원함,각자관리,친구모임,알레르기 있음,4,3,4,4,2,프리미엄,2024-10-21 20:15:00,지인추천,MG10,69,작성 중,False,0.51,2,2026-06-09,1,0,2,0,10,3,31.8,7,True
M590,서민준,남성,40,173,52,서울,마포구,전문학사,지방거점,공무원,가온교육,3800,9600,자가,False,12600,미혼,0,기타,가사,상,함께 거주,False,경기,자매 2명,INTP,무교,월 2~4회,비흡연,등산,상의 후 결정,상의 후 결정,가족시간,상관없음,5,4,3,5,4,베이직,2024-01-28 12:13:00,검색광고,MG02,92,완료,True,0.67,2,2026-06-17,4,2,1,3,61,29,187.8,17,False
M591,한예은,여성,42,165,73,서울,강남구,고졸,인서울,교직,다온솔루션,5800,11800,기타,True,2200,미혼,0,회사원,교직,중하,이혼,True,충남,3남매 이상,ISTP,천주교,월 2~4회,비흡연,독서,원함,각자관리,집에서 휴식,어려움,2,5,4,4,2,프리미엄,2025-08-20 17:58:00,지인추천,MG13,78,작성 중,True,0.63,2,2026-06-23,2,2,4,3,47,26,171,15,True
M592,송지우,여성,28,162,55,경남,김해시,학사,기타,프리랜서,온누리메디컬,6300,2700,월세,True,0,미혼,0,기타,전문직,중,함께 거주,True,경기,형제 2명,INFP,기독교,월 2~4회,비흡연,독서,원하지 않음,상의 후 결정,야외활동,상관없음,5,3,3,4,4,베이직,2025-09-17 19:25:00,검색광고,MG08,65,작성 중,True,0.4,4,2026-06-19,3,2,2,4,60,27,174,12,False
M593,황지우,여성,31,170,59,경북,경주시,고졸,수도권,공무원,나래컨설팅,3600,5200,월세,True,0,미혼,0,농어업,가사,중상,함께 거주,True,인천,외동,INTJ,기독교,월 1회 이하,비흡연,요리,원함,공동관리,가족시간,어려움,4,4,3,5,5,VIP,2024-09-05 15:17:00,지인추천,MG13,60,작성 중,False,0.1,0,2026-05-05,0,1,0,2,8,4,29.8,2,False
M594,오우진,남성,28,180,81,부산,부산진구,학사,해외대,교직,다온솔루션,7100,5400,전세,False,0,미혼,0,회사원,기타,중상,함께 거주,True,경기,3남매 이상,ESFJ,기독교,월 2~4회,비흡연,등산,상의 후 결정,공동관리,야외활동,상관없음,3,2,4,4,4,베이직,2025-03-08 16:55:00,지인추천,MG12,92,완료,False,0.09,2,2026-05-01,0,1,0,2,7,4,31.6,0,False
M595,한준서,남성,43,179,73,경기,수원시,고졸,인서울,금융,해봄스튜디오,8700,20300,전세,False,800,미혼,0,공무원,회사원,중하,함께 거주,True,전남,3남매 이상,ESFP,무교,월 2~4회,흡연,요리,상의 후 결정,공동관리,집에서 휴식,좋아함,3,4,5,5,4,프리미엄,2025-03-17 09:57:00,SNS,MG10,84,작성 중,True,0.7,4,2026-06-24,3,1,4,3,64,31,201.9,18,False
M596,강지훈,남성,36,170,65,서울,송파구,학사,지방거점,대기업,새롬금융,11400,20600,전세,True,0,미혼,0,회사원,기타,중상,함께 거주,False,서울,외동,ISTP,무교,월 2~4회,비흡연,여행,상의 후 결정,각자관리,집에서 휴식,알레르기 있음,3,2,5,4,3,베이직,2024-11-27 18:29:00,SNS,MG09,61,작성 중,True,0.43,3,2026-06-20,1,1,3,4,36,18,107.1,16,True
M597,홍시우,남성,40,174,72,서울,마포구,학사,지방거점,자영업,가온교육,9100,20000,월세,False,7900,미혼,0,농어업,공무원,중,함께 거주,True,제주,자매 2명,INTP,불교,월 2~4회,비흡연,여행,원함,일부공동,가족시간,좋아함,3,2,5,3,5,프리미엄,2025-08-11 10:31:00,SNS,MG08,81,작성 중,True,0.5,3,2026-06-23,2,0,4,3,52,21,131.6,8,False
M598,홍하준,남성,43,175,72,부산,수영구,학사,지방거점,대기업,온누리메디컬,10800,12500,자가,True,0,미혼,0,농어업,교직,중,별거,True,강원,형제 2명,ISTJ,무교,월 2~4회,흡연,운동,상의 후 결정,공동관리,집에서 휴식,좋아함,2,2,5,3,5,베이직,2024-04-27 11:19:00,오프라인행사,MG07,76,작성 중,True,0.64,5,2026-06-20,3,2,2,3,63,31,191.2,13,True
M599,서지훈,남성,33,167,76,인천,서구,학사,인서울,대기업,나래컨설팅,10300,17800,전세,False,0,미혼,0,은퇴,은퇴,중,함께 거주,True,제주,자매 2명,INTP,천주교,안 함,비흡연,음악,원하지 않음,각자관리,집에서 휴식,어려움,2,5,5,4,4,베이직,2025-08-23 14:23:00,지인추천,MG15,92,완료,True,0.56,4,2026-06-27,1,1,1,5,49,28,174.1,4,False
M600,장도윤,남성,28,169,62,경기,수원시,석사,인서울,공무원,한빛테크,7400,4100,전세,False,0,미혼,0,기타,자영업,중상,함께 거주,False,전남,3남매 이상,ISFP,무교,안 함,비흡연,독서,상의 후 결정,공동관리,집에서 휴식,알레르기 있음,3,3,4,4,3,베이직,2024-03-20 17:35:00,제휴,MG03,97,완료,True,0.4,4,2026-06-29,2,1,1,5,66,29,136.1,8,False
M601,강지호,남성,35,179,78,대전,중구,석사,해외대,IT,다온솔루션,7700,8400,자가,True,0,미혼,0,공무원,자영업,중하,이혼,True,대전,1남1녀,INTJ,기타,주 3회 이상,흡연,러닝,원함,일부공동,문화생활,알레르기 있음,5,4,4,2,3,베이직,2025-03-05 20:32:00,검색광고,MG01,82,작성 중,True,0.18,4,2026-06-20,0,4,2,0,44,17,92.6,8,False
M602,안수아,여성,40,162,57,경기,안양시,학사,인서울,전문직,다온솔루션,11600,34300,자가,True,5600,미혼,0,은퇴,자영업,중상,함께 거주,True,부산,자매 2명,INFJ,무교,월 1회 이하,흡연,등산,원함,일부공동,문화생활,알레르기 있음,3,3,5,2,4,베이직,2025-11-26 10:48:00,지인추천,MG05,98,완료,True,0.33,4,2026-06-16,4,2,2,4,82,39,228.1,3,False
M603,한준서,남성,38,173,70,부산,수영구,석사,수도권,의료,푸른연구원,10100,15300,전세,False,400,미혼,0,농어업,가사,중하,함께 거주,True,인천,3남매 이상,INTJ,무교,월 2~4회,비흡연,운동,상의 후 결정,일부공동,가족시간,어려움,5,2,5,4,3,프리미엄,2025-05-28 09:10:00,오프라인행사,MG19,68,작성 중,False,0.47,0,2026-04-16,0,1,2,1,16,8,69.5,4,False
M604,한채원,여성,38,152,55,경남,진주시,석사,기타,공무원,온누리메디컬,8600,17100,자가,True,12900,미혼,0,기타,은퇴,중하,함께 거주,True,대구,외동,INFP,무교,월 2~4회,비흡연,요리,원함,상의 후 결정,친구모임,알레르기 있음,1,2,5,5,5,베이직,2025-12-19 12:08:00,지인추천,MG18,83,작성 중,True,0.83,7,2026-06-27,3,2,3,1,57,25,151.9,11,True
M605,서채원,여성,42,158,44,울산,울주군,학사,기타,교직,다온솔루션,9300,20300,가족동거,False,6100,미혼,0,농어업,자영업,중,함께 거주,False,대구,1남1녀,ENFJ,불교,월 1회 이하,비흡연,게임,원하지 않음,일부공동,문화생활,상관없음,2,3,5,2,3,베이직,2025-12-04 20:39:00,SNS,MG14,100,완료,True,0.24,3,2026-06-27,1,1,3,4,57,28,172.3,0,True
M606,강예은,여성,30,162,59,강원,원주시,학사,인서울,의료,가온교육,9700,10800,가족동거,False,11700,미혼,0,농어업,전문직,중하,모친 사별,False,경기,외동,ENTJ,무교,월 1회 이하,비흡연,전시,원함,일부공동,야외활동,상관없음,3,1,4,2,3,프리미엄,2024-08-20 13:31:00,검색광고,MG08,88,완료,True,0.39,4,2026-06-25,2,2,1,6,60,32,164.8,14,False
M607,장채원,여성,40,158,57,울산,중구,학사,인서울,공무원,푸른연구원,6900,1000,기타,True,1500,재혼,0,공무원,가사,중,함께 거주,True,서울,외동,ESTJ,기독교,월 2~4회,비흡연,독서,원함,각자관리,문화생활,알레르기 있음,5,4,4,5,4,베이직,2025-04-20 11:19:00,검색광고,MG08,60,작성 중,False,0.02,0,2026-04-26,1,0,0,0,4,1,10.1,0,False
M608,윤다은,여성,44,163,60,대전,유성구,고졸,기타,공기업,온누리메디컬,7400,10800,월세,False,7900,미혼,0,공무원,기타,중하,모두 사별,True,인천,3남매 이상,ESTP,기독교,월 2~4회,비흡연,등산,상의 후 결정,일부공동,친구모임,알레르기 있음,2,2,3,3,3,VIP,2025-09-25 14:16:00,SNS,MG01,57,미완료,False,0.2,3,2026-04-23,1,0,1,0,1,2,18,0,False
M609,신민서,여성,39,168,82,광주,서구,학사,인서울,대기업,미래공사,11500,16500,자가,True,7400,미혼,0,기타,회사원,상,함께 거주,True,경기,형제 2명,ESFP,무교,주 1~2회,비흡연,전시,원함,각자관리,문화생활,어려움,5,5,5,3,4,베이직,2026-01-19 11:31:00,SNS,MG16,74,작성 중,False,0.3,0,2026-06-06,0,0,1,1,1,3,23.1,1,False
M610,김준서,남성,32,171,70,충북,청주시,석사,인서울,중소기업,미래공사,4200,3300,전세,False,0,미혼,0,공무원,가사,중상,함께 거주,True,충북,자매 2명,ESTJ,기독교,주 1~2회,비흡연,여행,상의 후 결정,일부공동,집에서 휴식,좋아함,5,4,5,1,4,베이직,2025-06-14 09:45:00,제휴,MG18,68,작성 중,False,0.05,0,2026-06-08,1,0,1,1,7,3,25.1,0,False
M611,서하준,남성,46,167,79,전북,군산시,학사,SKY,중소기업,한빛테크,6600,500,가족동거,False,1400,미혼,0,농어업,은퇴,중상,함께 거주,False,충북,3남매 이상,ENFP,무교,월 2~4회,흡연,반려동물,상의 후 결정,상의 후 결정,야외활동,어려움,1,5,5,5,4,프리미엄,2024-08-09 18:40:00,지인추천,MG17,89,완료,False,0.15,3,2026-05-11,2,3,1,0,23,7,51.1,1,False
M612,황정우,남성,37,170,62,대구,북구,학사,기타,중소기업,해봄스튜디오,4500,9100,전세,True,6400,미혼,0,회사원,전문직,중,함께 거주,False,세종,외동,ESFJ,불교,월 2~4회,비흡연,여행,원하지 않음,상의 후 결정,가족시간,상관없음,1,2,4,3,4,베이직,2024-11-26 10:35:00,오프라인행사,MG08,78,작성 중,False,0.44,1,2026-04-23,0,0,2,0,6,4,20.1,1,False
M613,송시우,남성,27,170,65,서울,강남구,석사,SKY,전문직,온누리메디컬,9100,7000,월세,True,1500,미혼,0,기타,회사원,중하,모친 사별,True,충남,자매 2명,ISFJ,기독교,안 함,비흡연,골프,상의 후 결정,일부공동,가족시간,어려움,4,4,3,2,4,베이직,2025-02-21 19:06:00,SNS,MG08,84,작성 중,True,0.9,1,2026-06-28,2,2,3,4,62,26,159.4,22,False
M614,김민서,여성,38,167,60,전북,익산시,학사,지방거점,중소기업,푸른연구원,7800,19000,가족동거,True,6700,미혼,0,은퇴,가사,중하,부친 사별,True,대전,자매 2명,ISFP,무교,월 2~4회,비흡연,등산,상의 후 결정,일부공동,가족시간,좋아함,2,3,5,2,5,베이직,2024-10-08 19:25:00,오프라인행사,MG02,60,작성 중,False,0.05,0,2026-04-27,0,0,1,3,17,5,38,0,False
M615,송현우,남성,40,169,65,전북,전주시,학사,해외대,금융,미래공사,8700,17800,자가,True,2100,미혼,0,은퇴,회사원,중하,함께 거주,True,대전,외동,ISTJ,무교,월 2~4회,흡연,운동,원함,일부공동,가족시간,좋아함,5,3,5,3,4,프리미엄,2024-08-13 14:13:00,지인추천,MG08,71,작성 중,False,0.04,1,2026-04-29,2,1,1,3,28,9,94.4,0,False
M616,임소율,여성,29,166,55,경기,안양시,학사,해외대,금융,푸른연구원,8300,3900,자가,False,2300,미혼,0,은퇴,자영업,상,별거,False,강원,형제 2명,ESTJ,기독교,주 1~2회,비흡연,반려동물,상의 후 결정,일부공동,친구모임,좋아함,2,1,5,3,2,베이직,2024-06-01 10:11:00,SNS,MG13,82,작성 중,True,0.42,0,2026-06-17,2,1,3,1,27,15,98.8,7,True
M617,오시우,남성,41,174,71,대전,유성구,학사,인서울,공무원,새롬금융,4800,12000,전세,False,9100,미혼,0,농어업,기타,중상,함께 거주,True,인천,1남1녀,ISTP,무교,월 1회 이하,비흡연,게임,원함,상의 후 결정,문화생활,좋아함,5,2,5,1,5,프리미엄,2026-04-18 16:42:00,지인추천,MG02,71,작성 중,True,0.8,4,2026-06-21,2,2,2,1,45,19,123,7,True
M618,이다은,여성,28,158,57,경기,화성시,학사,지방거점,의료,해봄스튜디오,8900,2500,가족동거,False,0,미혼,0,기타,전문직,중하,함께 거주,False,경기,1남1녀,INTP,기타,주 1~2회,비흡연,러닝,상의 후 결정,일부공동,집에서 휴식,어려움,2,5,5,5,3,프리미엄,2024-07-02 13:24:00,검색광고,MG17,75,작성 중,True,0.54,4,2026-06-16,2,2,3,1,61,29,147.3,16,True
M619,류지훈,남성,28,179,72,경북,포항시,전문학사,인서울,교직,푸른연구원,5500,2500,전세,True,1600,미혼,0,기타,은퇴,중상,함께 거주,True,경기,외동,INFP,무교,주 1~2회,비흡연,골프,상의 후 결정,상의 후 결정,집에서 휴식,어려움,3,3,5,2,3,프리미엄,2025-07-06 12:22:00,제휴,MG02,82,작성 중,True,0.62,3,2026-06-27,3,2,3,3,84,38,182.5,20,False
M620,오도윤,남성,42,172,64,경기,수원시,고졸,인서울,공기업,미래공사,6900,15500,월세,True,5900,미혼,0,은퇴,전문직,중,함께 거주,True,세종,형제 2명,ISTJ,무교,안 함,비흡연,전시,원함,상의 후 결정,문화생활,좋아함,2,1,5,5,3,베이직,2024-08-06 09:48:00,오프라인행사,MG17,71,작성 중,True,0.83,2,2026-06-27,3,3,2,3,46,24,173.3,18,True
M621,한윤서,여성,27,168,60,경기,용인시,학사,기타,프리랜서,다온솔루션,4600,5300,자가,True,9700,미혼,0,공무원,은퇴,중,함께 거주,True,세종,1남1녀,ENFP,천주교,월 2~4회,비흡연,운동,원함,상의 후 결정,가족시간,알레르기 있음,3,1,4,1,2,프리미엄,2025-03-25 11:46:00,지인추천,MG06,90,완료,True,0.66,0,2026-06-24,1,2,3,4,61,25,124.6,20,False
M622,신서준,남성,37,174,56,부산,해운대구,석사,지방거점,교직,한빛테크,8700,16200,월세,True,1600,미혼,0,회사원,공무원,중상,함께 거주,True,서울,형제 2명,INTP,기독교,월 2~4회,비흡연,전시,원함,공동관리,야외활동,좋아함,1,1,5,4,5,프리미엄,2024-10-24 16:38:00,오프라인행사,MG02,75,작성 중,True,0.43,2,2026-06-24,4,2,3,1,68,27,145.5,9,False
M623,윤하준,남성,31,173,68,대전,서구,학사,지방거점,중견기업,가온교육,8800,7800,월세,False,2600,미혼,0,전문직,가사,중,함께 거주,False,서울,자매 2명,ISFP,무교,월 1회 이하,비흡연,골프,원함,상의 후 결정,가족시간,어려움,1,4,5,5,5,프리미엄,2025-07-05 20:14:00,제휴,MG01,82,작성 중,True,0.55,3,2026-06-19,1,4,3,1,49,23,143.3,11,False
M624,조우진,남성,34,176,77,서울,영등포구,학사,인서울,연구직,푸른연구원,5400,2900,전세,False,7100,미혼,0,농어업,가사,중상,함께 거주,False,서울,자매 2명,INFJ,무교,월 2~4회,비흡연,운동,상의 후 결정,일부공동,집에서 휴식,알레르기 있음,2,1,5,4,5,프리미엄,2025-08-27 16:19:00,지인추천,MG01,89,완료,True,0.53,4,2026-06-25,5,4,3,4,112,46,306.2,15,True
M625,한서연,여성,42,162,66,서울,영등포구,고졸,기타,공무원,다온솔루션,7300,8100,가족동거,True,1100,미혼,0,회사원,자영업,중,함께 거주,False,부산,3남매 이상,INFP,기독교,주 1~2회,비흡연,반려동물,원함,상의 후 결정,가족시간,상관없음,1,1,5,1,4,베이직,2024-06-11 20:24:00,오프라인행사,MG10,100,완료,True,0.74,1,2026-06-16,3,2,3,2,59,30,176.9,24,False
M626,신민재,남성,27,174,62,부산,수영구,학사,기타,공무원,다온솔루션,6000,4600,자가,True,9900,미혼,0,회사원,공무원,하,이혼,True,세종,1남1녀,ENTP,무교,안 함,비흡연,반려동물,원하지 않음,상의 후 결정,가족시간,알레르기 있음,5,3,5,1,4,베이직,2025-04-28 17:16:00,제휴,MG04,94,완료,True,0.44,4,2026-06-22,5,2,2,3,64,29,189.3,8,False
M627,권우진,남성,29,186,77,서울,마포구,석사,지방거점,교직,새롬금융,7900,9100,전세,True,0,미혼,0,은퇴,자영업,중상,함께 거주,True,경기,형제 2명,ISFP,천주교,월 1회 이하,비흡연,요리,상의 후 결정,일부공동,가족시간,알레르기 있음,3,2,5,2,5,베이직,2024-05-18 19:32:00,오프라인행사,MG11,81,작성 중,True,0.45,0,2026-06-28,1,3,3,3,66,30,162.7,1,True
M628,황채원,여성,32,164,51,경기,고양시,석사,기타,중견기업,가온교육,7800,11700,전세,False,900,미혼,0,전문직,공무원,중,별거,True,경기,자매 2명,INFJ,무교,주 1~2회,비흡연,반려동물,상의 후 결정,공동관리,친구모임,알레르기 있음,3,5,5,3,3,베이직,2026-04-11 18:51:00,제휴,MG20,96,완료,True,0.63,0,2026-06-16,5,2,3,4,93,44,231,13,False
M629,한도윤,남성,35,172,69,서울,관악구,고졸,인서울,IT,미래공사,6400,9900,월세,True,3200,미혼,0,전문직,회사원,중,모친 사별,True,서울,형제 2명,INTP,무교,월 2~4회,비흡연,요리,상의 후 결정,각자관리,친구모임,상관없음,5,4,5,4,4,베이직,2025-07-29 16:08:00,지인추천,MG01,97,완료,True,0.41,3,2026-06-28,2,2,4,1,73,35,162,10,False
M630,이지민,여성,49,162,67,부산,동래구,전문학사,인서울,공기업,푸른연구원,9200,12200,가족동거,False,1200,재혼,2,회사원,자영업,중,함께 거주,True,경기,3남매 이상,ENTP,기독교,월 1회 이하,비흡연,반려동물,상의 후 결정,각자관리,친구모임,좋아함,2,4,3,5,4,프리미엄,2025-01-31 14:31:00,지인추천,MG13,90,완료,True,0.89,2,2026-06-23,4,3,1,5,100,44,236.1,32,True
M631,장서준,남성,30,173,59,강원,강릉시,전문학사,수도권,IT,다온솔루션,8900,4500,월세,True,0,미혼,0,회사원,회사원,하,부친 사별,False,경기,3남매 이상,ENTJ,불교,월 2~4회,비흡연,운동,상의 후 결정,상의 후 결정,문화생활,어려움,4,2,5,1,5,VIP,2025-03-25 16:02:00,검색광고,MG13,59,미완료,False,0.02,1,2026-06-05,1,0,0,0,0,1,18.4,0,False
M632,안현우,남성,47,179,60,대전,중구,전문학사,수도권,대기업,미래공사,9200,6800,월세,False,4700,미혼,0,자영업,가사,중상,모친 사별,True,부산,외동,ESFP,무교,월 2~4회,비흡연,음악,원하지 않음,각자관리,문화생활,상관없음,5,1,5,5,2,베이직,2025-03-07 15:32:00,제휴,MG01,62,작성 중,True,0.57,1,2026-06-24,4,4,2,2,81,31,196.5,22,False
M633,이소율,여성,32,163,64,강원,강릉시,석사,기타,공무원,푸른연구원,6700,5900,전세,False,6200,미혼,0,농어업,전문직,하,함께 거주,True,서울,3남매 이상,ISTP,무교,월 1회 이하,비흡연,운동,원함,일부공동,집에서 휴식,좋아함,5,5,5,3,3,프리미엄,2025-01-01 19:50:00,검색광고,MG17,81,작성 중,True,0.4,1,2026-06-26,2,1,0,5,63,29,150.3,4,False
M634,장지훈,남성,41,179,65,경기,고양시,학사,수도권,연구직,해봄스튜디오,8400,4900,전세,True,4400,미혼,0,은퇴,은퇴,상,함께 거주,False,부산,외동,ESFJ,무교,월 2~4회,비흡연,운동,원함,일부공동,문화생활,알레르기 있음,2,1,5,1,3,베이직,2024-08-12 09:55:00,SNS,MG12,80,작성 중,True,0.55,1,2026-06-27,0,3,2,2,31,16,105.7,3,True
M635,송우진,남성,33,171,73,충남,천안시,학사,기타,전문직,가온교육,10900,10900,전세,True,3800,미혼,0,회사원,자영업,중상,부친 사별,True,광주,1남1녀,INTP,무교,월 2~4회,비흡연,게임,상의 후 결정,공동관리,문화생활,어려움,4,3,4,5,5,VIP,2026-01-01 17:26:00,지인추천,MG05,77,작성 중,False,0.57,3,2026-05-25,1,0,0,0,3,1,8.2,0,False
M636,조민재,남성,33,178,71,인천,연수구,석사,해외대,공무원,다온솔루션,6000,5100,전세,True,2600,미혼,0,전문직,은퇴,상,함께 거주,False,서울,형제 2명,INTJ,불교,월 2~4회,비흡연,요리,원하지 않음,각자관리,가족시간,좋아함,5,4,4,2,4,베이직,2024-01-30 11:37:00,제휴,MG14,90,완료,True,0.65,2,2026-06-28,0,4,2,2,57,24,119.1,5,True
M637,서지우,여성,42,171,60,전북,전주시,학사,기타,공무원,한빛테크,5200,14100,가족동거,True,0,미혼,0,농어업,전문직,중하,함께 거주,True,서울,외동,ENTP,기독교,월 2~4회,비흡연,등산,상의 후 결정,일부공동,가족시간,알레르기 있음,5,5,5,1,2,프리미엄,2025-03-28 18:41:00,제휴,MG02,84,작성 중,False,0.02,3,2026-04-27,2,0,1,1,8,6,46.8,2,False
M638,정수아,여성,39,168,72,강원,춘천시,학사,지방거점,금융,미래공사,11900,18500,월세,False,6100,미혼,0,농어업,교직,중하,이혼,True,서울,자매 2명,ENFP,불교,월 1회 이하,비흡연,러닝,원하지 않음,각자관리,문화생활,상관없음,1,4,5,5,3,프리미엄,2026-04-22 19:30:00,제휴,MG12,100,완료,True,0.39,1,2026-06-25,3,2,2,5,63,35,217.1,0,True
M639,정민재,남성,35,172,71,광주,광산구,학사,SKY,전문직,푸른연구원,12900,11200,자가,False,3900,미혼,0,농어업,기타,중,함께 거주,True,대구,1남1녀,ESFJ,무교,월 1회 이하,비흡연,여행,상의 후 결정,각자관리,가족시간,알레르기 있음,3,1,5,4,5,프리미엄,2024-12-13 11:11:00,오프라인행사,MG06,96,완료,True,0.59,3,2026-06-26,1,3,4,3,75,30,186.9,22,False
M640,박하준,남성,37,173,64,경북,포항시,학사,지방거점,연구직,온누리메디컬,8100,9500,전세,False,2600,미혼,0,회사원,은퇴,중상,함께 거주,False,경남,자매 2명,ENTP,기타,월 2~4회,비흡연,러닝,원함,공동관리,야외활동,어려움,3,1,4,4,3,프리미엄,2024-07-27 13:48:00,제휴,MG16,86,완료,True,0.85,3,2026-06-27,3,2,2,2,54,24,157.3,14,False
M641,송윤서,여성,44,162,61,경북,구미시,학사,수도권,대기업,온누리메디컬,9400,30500,전세,True,4200,미혼,0,공무원,가사,중하,함께 거주,True,서울,자매 2명,ESTJ,무교,월 1회 이하,비흡연,등산,원하지 않음,상의 후 결정,야외활동,어려움,4,4,5,2,4,베이직,2024-11-29 18:24:00,SNS,MG12,64,작성 중,False,0.39,0,2026-06-10,0,0,1,1,4,2,27,0,False
M642,강준서,남성,41,176,80,경기,고양시,학사,기타,중소기업,다온솔루션,7100,11800,기타,True,1400,미혼,0,회사원,기타,중,함께 거주,False,대구,1남1녀,ISFJ,불교,월 2~4회,비흡연,전시,상의 후 결정,공동관리,친구모임,알레르기 있음,1,1,5,1,3,프리미엄,2024-04-19 10:22:00,제휴,MG01,76,작성 중,True,0.49,4,2026-06-19,1,2,2,2,51,23,145.9,2,False
M643,류서연,여성,31,170,73,서울,노원구,학사,수도권,자영업,이음파트너스,7300,4400,전세,False,2300,미혼,0,회사원,은퇴,상,별거,False,경기,1남1녀,INFJ,무교,안 함,흡연,요리,원함,상의 후 결정,집에서 휴식,알레르기 있음,3,4,5,3,4,베이직,2025-07-12 17:36:00,지인추천,MG04,75,작성 중,True,0.55,3,2026-06-27,3,3,2,1,40,20,112.6,7,False
M644,조우진,남성,39,172,56,제주,서귀포시,고졸,수도권,공무원,한빛테크,6700,9800,가족동거,True,6100,미혼,0,농어업,가사,중,함께 거주,True,부산,외동,ESFJ,기독교,월 2~4회,비흡연,음악,원함,일부공동,가족시간,상관없음,4,1,5,1,5,프리미엄,2024-01-13 12:57:00,제휴,MG02,92,완료,True,0.5,2,2026-06-28,2,2,1,4,60,24,143.5,4,False
M645,류서연,여성,38,171,79,경기,고양시,박사,지방거점,중소기업,가온교육,7400,10600,자가,True,5700,미혼,0,기타,회사원,중,함께 거주,True,세종,외동,ISFP,기독교,주 1~2회,비흡연,등산,원함,상의 후 결정,친구모임,상관없음,4,1,4,3,4,프리미엄,2025-07-26 15:29:00,SNS,MG15,78,작성 중,True,0.35,4,2026-06-27,2,2,3,1,64,22,132.6,7,False
M646,윤서연,여성,41,163,68,부산,수영구,고졸,SKY,공기업,푸른연구원,5700,16600,자가,True,11400,미혼,0,회사원,전문직,중하,함께 거주,False,부산,1남1녀,ESTP,무교,안 함,흡연,반려동물,원함,각자관리,친구모임,좋아함,5,5,5,4,5,베이직,2025-06-17 19:50:00,SNS,MG10,73,작성 중,True,0.73,5,2026-06-18,0,0,3,1,30,11,71.5,5,False
M647,박윤서,여성,39,154,47,세종,조치원읍,석사,인서울,중견기업,미래공사,8000,6400,전세,True,200,미혼,0,농어업,기타,중,함께 거주,True,경기,3남매 이상,ENTP,무교,안 함,흡연,등산,원하지 않음,공동관리,친구모임,어려움,4,4,5,4,4,프리미엄,2025-05-24 18:11:00,SNS,MG04,90,완료,True,0.5,3,2026-06-16,1,4,2,3,69,31,185.8,10,True
M648,박지호,남성,26,175,72,대구,북구,학사,해외대,교직,나래컨설팅,5600,2600,자가,True,11100,미혼,0,기타,기타,중상,함께 거주,True,서울,자매 2명,INTP,무교,월 1회 이하,비흡연,영화,원함,일부공동,친구모임,어려움,2,3,4,1,4,프리미엄,2025-04-28 12:48:00,지인추천,MG19,100,완료,True,0.46,3,2026-06-23,3,3,3,4,97,46,237.9,5,False
M649,강서연,여성,41,159,70,경기,용인시,학사,인서울,중견기업,온누리메디컬,4200,5800,가족동거,True,7200,미혼,0,농어업,회사원,중,함께 거주,True,인천,자매 2명,ESFJ,천주교,월 1회 이하,흡연,영화,원함,공동관리,문화생활,상관없음,2,2,4,1,3,베이직,2025-12-06 12:11:00,SNS,MG08,88,완료,True,0.63,4,2026-06-25,5,2,3,4,89,41,246.3,12,False
M650,이현우,남성,26,177,80,서울,성동구,학사,수도권,IT,한빛테크,7300,2900,전세,False,0,미혼,0,자영업,전문직,하,함께 거주,True,서울,1남1녀,INFP,불교,월 1회 이하,비흡연,러닝,원함,일부공동,집에서 휴식,상관없음,5,3,5,2,3,프리미엄,2024-12-25 16:07:00,지인추천,MG20,90,완료,True,0.58,0,2026-06-17,1,1,4,3,57,27,171.5,5,False
M651,류수아,여성,48,160,68,경남,창원시,학사,지방거점,중소기업,이음파트너스,5700,7600,자가,False,10000,미혼,0,기타,가사,하,함께 거주,False,전남,자매 2명,ISTP,기독교,월 1회 이하,비흡연,러닝,원함,일부공동,야외활동,좋아함,4,5,5,3,4,베이직,2026-02-19 15:06:00,검색광고,MG12,81,작성 중,False,0.02,0,2026-05-22,2,2,2,1,26,9,87.8,0,False
M652,오민서,여성,36,167,67,부산,수영구,학사,수도권,IT,온누리메디컬,11300,17200,전세,False,100,미혼,0,회사원,가사,중,함께 거주,True,충남,외동,ENFP,기타,안 함,비흡연,요리,상의 후 결정,공동관리,문화생활,좋아함,5,4,5,1,5,프리미엄,2025-01-14 11:19:00,SNS,MG20,90,완료,True,0.36,2,2026-06-16,1,2,1,3,41,19,105,4,False
M653,윤하윤,여성,40,151,64,대구,북구,학사,지방거점,연구직,가온교육,10100,10700,자가,True,16300,미혼,0,회사원,기타,상,함께 거주,True,서울,1남1녀,ISFP,천주교,안 함,흡연,요리,상의 후 결정,공동관리,친구모임,상관없음,5,2,5,4,5,베이직,2024-04-08 11:24:00,SNS,MG12,82,작성 중,True,1,3,2026-06-24,3,1,2,4,68,30,193.1,22,True
M654,서민서,여성,38,165,72,서울,노원구,석사,수도권,자영업,새롬금융,11500,25100,전세,True,0,미혼,0,기타,가사,중,함께 거주,True,서울,3남매 이상,INFP,불교,월 1회 이하,흡연,게임,상의 후 결정,상의 후 결정,문화생활,좋아함,3,2,5,1,3,VIP,2025-09-20 17:31:00,지인추천,MG11,96,완료,True,0.63,3,2026-06-25,4,2,0,4,60,26,172.2,10,True
M655,송예준,남성,31,168,60,경기,고양시,고졸,인서울,교직,해봄스튜디오,7400,5000,월세,True,900,미혼,0,전문직,공무원,중하,함께 거주,False,서울,외동,ENTP,기독교,월 2~4회,비흡연,독서,상의 후 결정,각자관리,친구모임,상관없음,1,5,5,2,5,프리미엄,2025-08-09 13:29:00,지인추천,MG08,75,작성 중,True,0.73,1,2026-06-23,3,6,4,0,56,32,217.8,13,False
M656,홍건우,남성,33,174,66,부산,부산진구,석사,지방거점,프리랜서,다온솔루션,6100,7400,월세,True,8300,미혼,0,전문직,은퇴,중상,부친 사별,True,대구,3남매 이상,ENFP,불교,주 1~2회,흡연,게임,상의 후 결정,각자관리,친구모임,어려움,1,4,5,1,4,베이직,2025-12-29 16:14:00,검색광고,MG20,88,완료,True,0.69,2,2026-06-21,2,3,2,1,42,25,140.7,14,False
M657,조지우,여성,32,162,66,경남,창원시,석사,인서울,대기업,이음파트너스,10100,500,월세,True,700,미혼,0,자영업,공무원,중,함께 거주,True,서울,외동,ENFJ,불교,월 2~4회,비흡연,운동,원함,공동관리,가족시간,어려움,2,5,4,4,5,프리미엄,2026-03-27 10:58:00,제휴,MG08,93,완료,True,0.57,3,2026-06-19,0,3,5,2,87,34,191.4,8,False
M658,임수아,여성,31,170,59,경북,경주시,석사,기타,중견기업,미래공사,8600,8100,자가,True,9400,미혼,0,전문직,교직,하,이혼,True,경기,외동,INTP,무교,월 2~4회,비흡연,여행,상의 후 결정,각자관리,야외활동,어려움,2,3,3,3,4,프리미엄,2026-04-17 12:14:00,제휴,MG08,60,작성 중,True,0.77,2,2026-06-24,3,2,2,5,61,30,170.9,18,True
M659,서지훈,남성,35,173,72,경기,안양시,석사,인서울,금융,다온솔루션,10800,13700,월세,True,5700,미혼,0,공무원,교직,하,이혼,True,경기,형제 2명,ESFP,무교,주 1~2회,흡연,요리,원함,일부공동,야외활동,알레르기 있음,5,4,3,2,4,프리미엄,2026-05-11 19:54:00,SNS,MG06,87,완료,True,0.28,4,2026-06-29,2,5,1,2,69,32,203.7,1,False
M660,한민재,남성,39,174,74,경남,창원시,석사,인서울,중견기업,한빛테크,8800,7500,자가,True,4700,미혼,0,전문직,가사,중하,함께 거주,True,충북,3남매 이상,ISTJ,무교,월 2~4회,비흡연,등산,상의 후 결정,일부공동,친구모임,좋아함,3,1,5,3,4,프리미엄,2026-04-18 15:32:00,SNS,MG06,95,완료,True,0.63,0,2026-06-23,1,3,2,3,63,30,157.4,13,True
M661,홍소율,여성,37,157,43,서울,강남구,학사,지방거점,IT,다온솔루션,9300,16300,가족동거,True,2800,미혼,0,농어업,회사원,중하,함께 거주,True,서울,3남매 이상,ESTJ,기독교,월 1회 이하,흡연,독서,상의 후 결정,각자관리,야외활동,어려움,2,4,3,1,3,VIP,2025-09-22 10:23:00,검색광고,MG13,91,완료,False,0.2,0,2026-05-16,2,1,3,1,24,10,84.3,0,False
M662,조다은,여성,40,161,63,강원,강릉시,학사,인서울,전문직,미래공사,12000,14300,월세,True,4400,미혼,0,전문직,가사,중,함께 거주,True,서울,외동,INFJ,무교,월 2~4회,비흡연,운동,상의 후 결정,일부공동,야외활동,좋아함,2,1,5,5,5,프리미엄,2025-04-22 17:50:00,제휴,MG03,75,작성 중,True,0.13,0,2026-06-22,5,2,3,3,92,34,209.9,5,False
M663,이윤서,여성,36,161,55,경기,화성시,학사,SKY,전문직,푸른연구원,11300,16400,월세,True,2400,미혼,0,은퇴,기타,중하,함께 거주,False,울산,외동,ENFJ,천주교,월 1회 이하,흡연,등산,상의 후 결정,일부공동,가족시간,어려움,5,1,4,1,5,베이직,2025-04-27 19:29:00,SNS,MG18,100,완료,True,0.5,1,2026-06-23,2,2,4,4,80,36,221.4,11,False
M664,최도윤,남성,32,182,77,경기,고양시,전문학사,지방거점,중소기업,온누리메디컬,4900,6900,월세,True,2700,미혼,0,자영업,회사원,중,모두 사별,True,경기,자매 2명,ISTP,기독교,안 함,흡연,러닝,원함,각자관리,가족시간,알레르기 있음,2,5,5,4,4,프리미엄,2024-01-26 18:45:00,오프라인행사,MG05,71,작성 중,False,0.22,6,2026-05-26,0,3,1,1,18,7,88.8,1,False
M665,윤소율,여성,43,162,61,경기,안양시,전문학사,기타,전문직,가온교육,9800,29300,자가,True,8800,미혼,0,은퇴,자영업,중하,함께 거주,False,인천,1남1녀,INTJ,기독교,월 2~4회,비흡연,운동,상의 후 결정,공동관리,야외활동,상관없음,1,2,5,2,3,프리미엄,2025-07-06 18:27:00,SNS,MG18,100,완료,True,0.83,1,2026-06-27,2,4,2,1,67,26,137.1,9,False
M666,윤지훈,남성,32,170,59,충북,제천시,전문학사,인서울,대기업,가온교육,9100,5600,전세,True,300,미혼,0,공무원,가사,중하,함께 거주,False,광주,3남매 이상,INFJ,기독교,월 2~4회,흡연,러닝,원함,일부공동,야외활동,좋아함,1,4,5,1,4,베이직,2025-11-14 10:52:00,지인추천,MG19,81,작성 중,True,0.39,3,2026-06-27,2,5,3,2,66,29,176.7,1,True
M667,신시우,남성,28,164,67,서울,강남구,학사,인서울,대기업,가온교육,8000,1300,자가,True,12600,미혼,0,공무원,자영업,중,함께 거주,True,경기,형제 2명,ESTJ,기독교,안 함,비흡연,전시,상의 후 결정,상의 후 결정,친구모임,좋아함,4,4,5,5,4,베이직,2025-07-15 10:32:00,오프라인행사,MG15,73,작성 중,False,0.54,0,2026-05-27,1,0,0,0,2,1,17,2,True
M668,조하윤,여성,27,155,50,경기,수원시,학사,수도권,대기업,가온교육,6900,3600,전세,True,3000,미혼,0,은퇴,회사원,중,별거,True,경기,형제 2명,ENTJ,무교,주 1~2회,금연 중,게임,상의 후 결정,상의 후 결정,문화생활,상관없음,4,2,4,2,3,베이직,2024-05-03 17:19:00,지인추천,MG07,77,작성 중,True,0.59,3,2026-06-21,1,1,3,1,33,14,89.4,10,True
M669,권민재,남성,31,180,71,경남,창원시,학사,기타,중소기업,푸른연구원,4800,8200,자가,True,2500,미혼,0,기타,기타,중하,이혼,True,경기,자매 2명,INFJ,무교,월 2~4회,비흡연,전시,원함,상의 후 결정,집에서 휴식,어려움,2,1,5,5,4,베이직,2024-09-17 15:25:00,지인추천,MG16,99,완료,True,0.35,3,2026-06-16,1,3,2,3,55,26,160,4,False
M670,서은서,여성,35,161,47,서울,영등포구,고졸,인서울,대기업,이음파트너스,7400,7400,자가,True,4900,미혼,0,기타,기타,상,함께 거주,True,전남,형제 2명,INTP,무교,주 1~2회,비흡연,게임,원함,상의 후 결정,문화생활,알레르기 있음,4,4,3,5,5,베이직,2025-05-25 12:15:00,제휴,MG16,81,작성 중,True,0.42,2,2026-06-18,1,1,2,2,42,16,81.6,8,False
M671,신현우,남성,46,175,62,서울,성동구,전문학사,기타,중소기업,미래공사,7100,21400,가족동거,True,3700,미혼,0,전문직,회사원,중상,함께 거주,True,경기,형제 2명,INTJ,무교,안 함,비흡연,요리,상의 후 결정,공동관리,집에서 휴식,알레르기 있음,5,3,5,2,2,베이직,2025-01-16 12:30:00,제휴,MG09,86,완료,True,0.44,3,2026-06-19,4,1,1,4,48,25,159.2,17,False
M672,안지호,남성,25,169,70,대구,중구,학사,수도권,교직,다온솔루션,4300,500,월세,True,7300,미혼,0,자영업,공무원,상,함께 거주,False,부산,3남매 이상,INFP,천주교,안 함,비흡연,게임,원함,상의 후 결정,친구모임,좋아함,4,1,5,3,5,프리미엄,2025-06-13 11:11:00,지인추천,MG12,100,완료,True,0.49,1,2026-06-29,5,2,1,3,58,32,161.8,12,False
M673,강수아,여성,37,166,64,인천,연수구,고졸,기타,전문직,다온솔루션,10100,17900,가족동거,True,0,미혼,0,공무원,전문직,중상,모두 사별,True,경북,1남1녀,INFJ,무교,월 2~4회,비흡연,반려동물,상의 후 결정,각자관리,문화생활,어려움,4,2,4,5,4,베이직,2024-09-17 15:31:00,지인추천,MG12,100,완료,True,0.15,3,2026-06-23,1,3,4,3,71,34,174,9,False
M674,안은서,여성,37,160,59,서울,송파구,학사,수도권,교직,온누리메디컬,5200,9500,가족동거,False,5600,미혼,0,전문직,회사원,중상,함께 거주,True,인천,자매 2명,ISFP,무교,월 2~4회,금연 중,전시,상의 후 결정,각자관리,문화생활,어려움,4,5,5,4,4,베이직,2025-08-21 09:47:00,지인추천,MG18,77,작성 중,True,0.48,2,2026-06-27,0,5,4,4,68,31,189.1,21,True
M675,임정우,남성,31,184,77,경북,구미시,전문학사,SKY,대기업,한빛테크,8600,9100,가족동거,False,2600,미혼,0,공무원,회사원,중,함께 거주,False,제주,1남1녀,ESTJ,기독교,주 1~2회,비흡연,요리,상의 후 결정,각자관리,문화생활,좋아함,4,4,5,4,4,베이직,2026-03-03 13:03:00,검색광고,MG02,65,작성 중,True,0.46,2,2026-06-17,2,3,4,1,32,18,136.7,11,False
M676,최유진,여성,45,159,59,대전,중구,전문학사,인서울,금융,나래컨설팅,10700,14500,전세,True,4100,미혼,0,자영업,가사,중하,모두 사별,False,광주,외동,ENTP,기독교,주 1~2회,금연 중,러닝,원함,일부공동,가족시간,알레르기 있음,3,1,5,3,5,프리미엄,2024-02-07 18:09:00,제휴,MG08,100,완료,True,0.75,4,2026-06-26,1,2,2,3,65,27,159.4,20,True
M677,오정우,남성,37,178,78,서울,영등포구,전문학사,수도권,대기업,한빛테크,9200,10100,전세,False,0,미혼,0,전문직,회사원,중,함께 거주,True,경기,1남1녀,ENFP,불교,월 2~4회,비흡연,게임,상의 후 결정,공동관리,집에서 휴식,좋아함,2,5,4,4,3,베이직,2025-03-02 15:05:00,제휴,MG16,82,작성 중,True,0.78,3,2026-06-30,2,3,2,2,50,24,148.9,11,False
M678,송현우,남성,39,174,64,서울,관악구,전문학사,지방거점,연구직,가온교육,9900,20300,전세,True,3300,미혼,0,공무원,전문직,중,함께 거주,True,경기,1남1녀,ISTJ,무교,월 2~4회,금연 중,음악,원하지 않음,공동관리,가족시간,알레르기 있음,4,2,5,5,4,VIP,2026-04-22 16:53:00,SNS,MG05,89,완료,True,0.54,3,2026-06-28,2,2,3,4,99,39,205.2,13,False
M679,정서준,남성,39,175,66,전남,목포시,학사,기타,중소기업,온누리메디컬,7200,16700,월세,False,1100,미혼,0,공무원,은퇴,중상,함께 거주,False,대구,3남매 이상,INFJ,무교,월 1회 이하,비흡연,운동,원하지 않음,상의 후 결정,문화생활,좋아함,1,3,3,2,4,프리미엄,2026-03-27 18:01:00,지인추천,MG16,74,작성 중,False,0.49,0,2026-04-22,1,0,3,1,17,9,66,1,True
M680,안민서,여성,36,158,59,전남,목포시,학사,인서울,공기업,푸른연구원,8100,12800,자가,False,9000,미혼,0,자영업,전문직,중,함께 거주,True,대구,형제 2명,ISTP,무교,안 함,비흡연,운동,원하지 않음,일부공동,가족시간,좋아함,4,2,5,1,4,베이직,2025-05-07 20:38:00,검색광고,MG13,87,완료,True,0.37,3,2026-06-25,2,2,1,2,55,23,124.8,1,False
M681,장지호,남성,29,176,59,서울,마포구,학사,수도권,전문직,푸른연구원,10100,7300,전세,True,0,미혼,0,회사원,전문직,중,함께 거주,True,전남,3남매 이상,ENFJ,불교,월 2~4회,비흡연,운동,상의 후 결정,공동관리,문화생활,어려움,2,1,4,1,5,프리미엄,2025-12-29 18:07:00,검색광고,MG05,76,작성 중,True,0.52,4,2026-06-21,1,3,2,3,56,26,156.5,10,True
M682,오도현,남성,45,182,74,서울,성동구,학사,인서울,전문직,푸른연구원,12000,45300,가족동거,False,1700,미혼,0,공무원,기타,중,함께 거주,True,서울,1남1녀,ISTJ,기타,안 함,비흡연,등산,원함,각자관리,가족시간,좋아함,5,5,5,5,3,프리미엄,2024-01-30 15:32:00,오프라인행사,MG10,95,완료,True,1,2,2026-06-19,3,3,3,2,68,33,189.6,19,True
M683,강정우,남성,25,173,57,부산,동래구,전문학사,기타,중견기업,가온교육,6300,3800,가족동거,False,0,미혼,0,회사원,회사원,중상,별거,True,대구,3남매 이상,INFJ,불교,월 2~4회,비흡연,등산,상의 후 결정,일부공동,집에서 휴식,알레르기 있음,1,4,5,5,3,프리미엄,2025-02-23 11:32:00,지인추천,MG11,58,미완료,False,0.2,3,2026-06-08,1,1,0,1,4,3,32.2,4,False
M684,권지아,여성,42,173,72,서울,관악구,학사,기타,대기업,해봄스튜디오,8500,17400,자가,True,3400,미혼,0,공무원,공무원,중,모친 사별,True,인천,형제 2명,ENTP,무교,월 1회 이하,비흡연,독서,원하지 않음,공동관리,문화생활,어려움,2,4,4,3,4,프리미엄,2026-01-11 17:39:00,검색광고,MG08,85,완료,True,0.44,6,2026-06-28,2,1,4,3,79,36,179.3,8,True
M685,임서윤,여성,38,160,60,경기,화성시,석사,SKY,중소기업,다온솔루션,7200,16600,가족동거,False,1800,미혼,0,전문직,기타,중,함께 거주,True,경남,자매 2명,ESTP,불교,주 1~2회,금연 중,게임,원하지 않음,일부공동,야외활동,어려움,5,5,4,1,4,베이직,2025-04-28 10:24:00,SNS,MG19,78,작성 중,True,0.66,1,2026-06-27,2,0,2,2,31,16,88,6,False
M686,임지우,여성,42,161,51,세종,나성동,석사,SKY,대기업,새롬금융,10100,21700,전세,False,1700,미혼,0,자영업,교직,중,함께 거주,True,전남,3남매 이상,INTJ,무교,주 1~2회,흡연,러닝,상의 후 결정,공동관리,야외활동,어려움,1,1,3,5,2,프리미엄,2025-10-06 09:00:00,제휴,MG12,97,완료,False,0.14,0,2026-06-03,0,0,0,2,4,2,9.9,0,True
M687,서정우,남성,33,181,80,서울,노원구,학사,인서울,중견기업,한빛테크,5900,10400,전세,True,1300,미혼,0,농어업,회사원,하,별거,True,서울,외동,ESFP,무교,월 2~4회,흡연,운동,원함,공동관리,가족시간,알레르기 있음,4,1,5,1,3,프리미엄,2025-09-26 20:27:00,제휴,MG10,73,작성 중,True,0.76,4,2026-06-21,2,1,1,2,35,13,69.7,8,True
M688,장지훈,남성,32,186,75,인천,남동구,학사,인서울,중견기업,새롬금융,7100,7400,가족동거,True,0,미혼,0,자영업,은퇴,중,함께 거주,True,경기,1남1녀,ENTJ,불교,월 1회 이하,비흡연,전시,원함,공동관리,야외활동,좋아함,1,2,4,4,2,베이직,2024-12-24 13:37:00,지인추천,MG06,86,완료,True,0.67,3,2026-06-22,1,2,2,3,75,29,157.8,8,True
M689,조지훈,남성,48,164,57,충북,제천시,학사,인서울,전문직,이음파트너스,11700,37700,자가,False,11300,미혼,0,은퇴,가사,중하,함께 거주,True,경기,형제 2명,ESTJ,무교,월 2~4회,금연 중,등산,원함,상의 후 결정,문화생활,좋아함,5,4,5,4,5,베이직,2024-12-22 12:51:00,오프라인행사,MG06,65,작성 중,True,0.75,2,2026-06-22,4,1,2,4,53,26,148.3,15,True
M690,황우진,남성,34,169,67,전남,순천시,전문학사,인서울,공기업,다온솔루션,6200,6900,월세,True,4400,미혼,0,회사원,가사,중상,부친 사별,False,전남,형제 2명,ISFP,불교,월 2~4회,비흡연,독서,원함,일부공동,가족시간,좋아함,2,2,5,3,3,베이직,2025-02-14 11:45:00,오프라인행사,MG20,100,완료,True,0.64,1,2026-06-28,1,2,5,3,65,36,203.6,12,False
M691,강우진,남성,39,176,70,충북,충주시,고졸,인서울,중견기업,가온교육,7400,14800,월세,True,0,미혼,0,공무원,자영업,중,함께 거주,True,서울,외동,INTP,천주교,안 함,금연 중,영화,원함,공동관리,집에서 휴식,좋아함,4,5,5,1,4,VIP,2025-05-04 12:07:00,오프라인행사,MG15,90,완료,True,0.91,2,2026-06-30,1,3,2,3,70,28,156.4,14,True
M692,김윤서,여성,40,158,44,경기,성남시,학사,지방거점,전문직,나래컨설팅,10400,5500,전세,True,1500,미혼,0,전문직,가사,중상,함께 거주,True,서울,형제 2명,INTP,기독교,월 1회 이하,금연 중,여행,원함,각자관리,야외활동,좋아함,2,2,5,1,4,베이직,2025-08-13 10:14:00,검색광고,MG15,89,완료,False,0.05,1,2026-05-26,1,2,0,0,9,5,41.4,0,False
M693,이유진,여성,41,166,52,서울,노원구,박사,지방거점,중소기업,가온교육,6500,12500,월세,True,3100,미혼,0,은퇴,전문직,중상,함께 거주,False,전북,3남매 이상,ENTJ,불교,안 함,비흡연,음악,원함,각자관리,야외활동,알레르기 있음,2,1,5,5,5,프리미엄,2024-03-31 19:42:00,검색광고,MG12,88,완료,True,0.75,3,2026-06-27,1,3,1,2,38,19,106,6,False
M694,안민재,남성,28,166,72,경기,고양시,학사,해외대,교직,미래공사,6900,2200,자가,True,12000,미혼,0,회사원,교직,중하,별거,False,서울,1남1녀,ESTP,천주교,월 2~4회,비흡연,러닝,상의 후 결정,각자관리,문화생활,어려움,5,3,5,5,2,프리미엄,2024-08-23 12:22:00,SNS,MG01,75,작성 중,True,0.68,2,2026-06-25,3,1,1,3,43,18,105.4,9,True
M695,서은서,여성,33,162,61,서울,영등포구,학사,지방거점,교직,이음파트너스,8400,6600,자가,False,2200,미혼,0,농어업,공무원,중,함께 거주,False,경북,1남1녀,ESFP,무교,주 3회 이상,비흡연,반려동물,원함,공동관리,야외활동,어려움,1,4,4,3,4,베이직,2025-04-03 13:49:00,SNS,MG19,80,작성 중,True,0.37,3,2026-06-26,3,1,2,3,61,26,144,14,False
M696,이지아,여성,30,167,60,경기,수원시,학사,수도권,중소기업,미래공사,4100,2600,기타,True,2900,미혼,0,기타,전문직,중,함께 거주,True,서울,1남1녀,ESFJ,무교,월 2~4회,비흡연,게임,상의 후 결정,각자관리,집에서 휴식,상관없음,5,1,4,1,4,프리미엄,2024-01-08 11:42:00,오프라인행사,MG02,100,완료,True,0.94,0,2026-06-16,3,3,4,2,97,45,235,13,False
M697,강정우,남성,36,174,55,세종,도담동,학사,수도권,공기업,온누리메디컬,4800,1900,전세,True,6000,재혼,1,은퇴,교직,중하,모두 사별,True,전북,자매 2명,INFJ,무교,주 1~2회,비흡연,영화,상의 후 결정,상의 후 결정,야외활동,알레르기 있음,4,1,5,4,5,프리미엄,2024-06-06 09:49:00,제휴,MG04,91,완료,True,0.61,1,2026-06-26,3,2,2,5,77,35,185.8,17,False
M698,이채원,여성,36,156,54,서울,영등포구,전문학사,인서울,프리랜서,한빛테크,4500,5900,전세,True,1700,미혼,0,농어업,전문직,중,함께 거주,True,부산,형제 2명,INTP,무교,월 2~4회,비흡연,전시,상의 후 결정,상의 후 결정,집에서 휴식,어려움,4,1,3,1,3,베이직,2025-06-26 15:11:00,SNS,MG11,36,미완료,False,0.34,2,2026-04-25,1,0,0,1,4,2,27.9,0,True
M699,안서윤,여성,30,166,62,부산,동래구,박사,수도권,중견기업,한빛테크,8600,5800,자가,True,8900,미혼,0,전문직,자영업,중하,모친 사별,True,경기,1남1녀,ENTJ,불교,월 2~4회,비흡연,등산,상의 후 결정,공동관리,집에서 휴식,어려움,2,2,5,2,4,베이직,2025-01-15 14:23:00,제휴,MG17,74,작성 중,True,0.46,4,2026-06-19,3,0,2,7,74,30,189,15,True
M700,홍시우,남성,43,173,71,울산,남구,전문학사,수도권,공무원,새롬금융,6700,15200,자가,False,7900,미혼,0,공무원,전문직,중하,부친 사별,True,부산,형제 2명,ENTJ,기독교,월 2~4회,비흡연,요리,원함,상의 후 결정,친구모임,상관없음,5,3,3,1,2,프리미엄,2024-08-24 09:37:00,SNS,MG08,62,작성 중,True,0.42,2,2026-06-28,4,2,2,0,36,19,99.4,5,False
M701,정하윤,여성,38,159,59,경기,수원시,고졸,수도권,연구직,온누리메디컬,3900,1900,자가,False,8000,미혼,0,공무원,자영업,중,함께 거주,False,경북,3남매 이상,ESFJ,무교,월 2~4회,비흡연,전시,상의 후 결정,상의 후 결정,친구모임,상관없음,3,1,5,5,5,베이직,2024-12-18 13:31:00,SNS,MG20,89,완료,False,0.14,2,2026-04-25,1,1,1,2,18,7,58.3,0,False
M702,박은서,여성,25,155,52,서울,강남구,학사,기타,중견기업,새롬금융,5400,600,가족동거,True,0,미혼,0,공무원,공무원,중,함께 거주,False,전남,자매 2명,ISFJ,기독교,월 2~4회,비흡연,음악,상의 후 결정,상의 후 결정,문화생활,어려움,2,2,4,4,4,VIP,2026-01-18 09:32:00,제휴,MG09,68,작성 중,False,0.2,3,2026-04-28,3,0,0,2,11,7,46.2,0,False
M703,서예은,여성,35,165,55,경기,안양시,학사,인서울,중견기업,나래컨설팅,9600,8100,월세,True,6100,미혼,0,은퇴,전문직,중상,함께 거주,True,경기,형제 2명,ENTP,무교,월 2~4회,비흡연,음악,상의 후 결정,상의 후 결정,가족시간,상관없음,1,1,5,5,5,베이직,2025-01-14 17:14:00,제휴,MG09,92,완료,True,0.6,2,2026-06-18,3,2,3,2,69,27,152,7,True
M704,권서준,남성,44,166,56,전북,익산시,석사,수도권,공무원,온누리메디컬,8800,19600,자가,True,5900,미혼,0,회사원,전문직,하,함께 거주,True,대전,3남매 이상,ESTJ,불교,월 2~4회,비흡연,영화,원함,공동관리,가족시간,알레르기 있음,5,1,4,3,5,VIP,2024-07-16 12:15:00,제휴,MG18,50,미완료,False,0.43,3,2026-05-28,0,1,0,1,2,2,15.4,2,False
M705,강예준,남성,36,173,75,광주,북구,학사,SKY,연구직,온누리메디컬,9700,21700,월세,True,0,미혼,0,회사원,자영업,중,함께 거주,True,경기,3남매 이상,ISFP,천주교,월 1회 이하,비흡연,여행,원함,일부공동,야외활동,상관없음,1,4,4,1,4,베이직,2025-09-11 12:07:00,오프라인행사,MG07,85,완료,True,0.68,3,2026-06-22,4,1,2,4,68,31,175,22,False
M706,장우진,남성,32,163,57,광주,북구,전문학사,인서울,중소기업,미래공사,3700,3600,자가,True,7500,미혼,0,농어업,가사,중상,함께 거주,True,충남,형제 2명,ENFJ,무교,주 1~2회,비흡연,영화,상의 후 결정,각자관리,야외활동,알레르기 있음,4,2,4,1,2,베이직,2024-01-10 14:29:00,오프라인행사,MG12,65,작성 중,True,0.64,3,2026-06-16,2,2,3,2,56,23,118.2,9,False
M707,최지아,여성,28,162,56,충남,공주시,학사,기타,공기업,온누리메디컬,6000,5700,전세,False,1800,미혼,0,자영업,회사원,중,함께 거주,False,경남,외동,INTP,무교,월 1회 이하,비흡연,등산,원하지 않음,상의 후 결정,친구모임,알레르기 있음,1,3,4,4,2,프리미엄,2024-09-27 16:04:00,검색광고,MG16,99,완료,True,0.58,1,2026-06-16,2,3,3,1,65,29,167.6,5,False
M708,김수아,여성,39,155,56,서울,영등포구,석사,지방거점,대기업,가온교육,9300,9600,가족동거,False,0,미혼,0,전문직,자영업,상,함께 거주,False,서울,자매 2명,ENFP,무교,월 2~4회,비흡연,독서,상의 후 결정,일부공동,가족시간,좋아함,4,5,4,2,3,프리미엄,2025-06-09 19:29:00,지인추천,MG19,72,작성 중,True,0.6,4,2026-06-24,2,2,2,2,28,18,110,8,True
M709,임다은,여성,33,158,56,서울,강남구,학사,인서울,프리랜서,새롬금융,4500,4000,자가,False,7600,미혼,0,회사원,은퇴,하,함께 거주,True,경기,3남매 이상,ISTJ,기독교,월 2~4회,비흡연,게임,원하지 않음,공동관리,집에서 휴식,좋아함,3,3,4,5,3,프리미엄,2025-09-07 19:50:00,지인추천,MG19,100,완료,True,0.53,1,2026-06-27,2,2,3,3,70,32,178.8,13,False
M710,윤다은,여성,36,152,69,경기,성남시,학사,인서울,자영업,이음파트너스,7800,7000,전세,True,0,미혼,0,자영업,회사원,중상,이혼,True,대전,자매 2명,INFP,무교,안 함,비흡연,요리,원함,일부공동,친구모임,알레르기 있음,2,1,5,5,4,프리미엄,2025-08-31 10:27:00,SNS,MG19,100,완료,True,0.33,3,2026-06-19,3,2,3,3,90,37,235.7,5,True
M711,강소율,여성,35,156,65,경기,성남시,학사,지방거점,공무원,미래공사,4500,3000,자가,False,5700,미혼,0,기타,전문직,중하,함께 거주,True,서울,1남1녀,INFP,천주교,주 3회 이상,비흡연,러닝,원함,각자관리,문화생활,좋아함,2,1,4,3,5,프리미엄,2025-12-29 10:15:00,검색광고,MG09,89,완료,False,0.18,3,2026-04-29,1,2,2,1,13,6,81.5,0,False
M712,권민서,여성,36,175,56,전남,순천시,석사,기타,중견기업,해봄스튜디오,7800,9300,가족동거,False,2900,미혼,0,농어업,전문직,중,함께 거주,False,서울,형제 2명,ESTP,기독교,월 1회 이하,비흡연,영화,원함,일부공동,야외활동,좋아함,4,3,4,3,4,VIP,2026-01-13 20:15:00,지인추천,MG18,80,작성 중,False,0.02,0,2026-04-22,3,1,0,0,13,5,58.2,0,False
M713,한은서,여성,39,163,60,부산,동래구,학사,수도권,중소기업,가온교육,4900,4700,전세,True,5900,재혼,0,전문직,은퇴,중하,함께 거주,True,경북,1남1녀,ESFJ,천주교,월 2~4회,비흡연,운동,원하지 않음,공동관리,친구모임,어려움,4,2,4,3,5,프리미엄,2024-06-04 14:30:00,제휴,MG13,73,작성 중,True,0.52,2,2026-06-28,3,3,2,3,43,22,139.2,5,False
M714,임서준,남성,40,176,69,제주,제주시,전문학사,인서울,중견기업,이음파트너스,5900,9100,전세,False,3000,미혼,0,자영업,기타,중,함께 거주,True,충남,자매 2명,ISTP,기타,안 함,비흡연,게임,원함,일부공동,문화생활,상관없음,2,4,5,4,3,프리미엄,2024-06-30 14:28:00,오프라인행사,MG20,90,완료,True,0.83,2,2026-06-17,3,2,4,3,70,34,206.9,24,False
M715,조수아,여성,31,169,75,인천,부평구,학사,인서울,중소기업,이음파트너스,5700,4800,전세,True,2400,미혼,0,자영업,교직,중,부친 사별,True,충북,외동,ESTP,무교,월 2~4회,비흡연,게임,원함,각자관리,문화생활,좋아함,2,1,4,2,3,베이직,2025-03-14 12:10:00,검색광고,MG18,88,완료,True,0.42,1,2026-06-30,3,1,1,3,46,23,131.1,7,False
M716,한도윤,남성,43,178,83,전남,순천시,학사,수도권,공기업,이음파트너스,7200,1600,기타,False,7000,미혼,0,농어업,전문직,중하,모친 사별,True,대구,자매 2명,ENFJ,천주교,주 1~2회,비흡연,요리,원하지 않음,일부공동,집에서 휴식,어려움,1,4,3,5,4,베이직,2025-02-05 12:15:00,제휴,MG06,67,작성 중,True,0.71,2,2026-06-20,3,2,1,4,74,30,169.5,17,True
M717,장지훈,남성,26,185,60,서울,노원구,학사,SKY,금융,미래공사,10200,8900,자가,True,15700,미혼,0,전문직,자영업,중하,함께 거주,False,울산,3남매 이상,ENFJ,기독교,주 1~2회,비흡연,전시,원함,일부공동,친구모임,상관없음,1,2,3,5,5,프리미엄,2024-09-23 16:39:00,지인추천,MG02,63,작성 중,True,0.46,5,2026-06-30,1,1,3,2,43,15,112.7,15,False
M718,류시우,남성,33,175,68,충북,청주시,학사,기타,금융,이음파트너스,7600,7500,가족동거,True,3700,미혼,0,회사원,자영업,중하,함께 거주,False,서울,자매 2명,ISFP,기독교,월 2~4회,비흡연,음악,원함,상의 후 결정,가족시간,알레르기 있음,5,1,5,1,5,베이직,2024-01-12 19:01:00,SNS,MG18,86,완료,True,0.61,3,2026-06-17,2,2,3,2,59,23,134.4,13,True
M719,조하준,남성,34,184,94,경북,포항시,학사,인서울,중소기업,미래공사,9400,12800,월세,True,0,미혼,0,전문직,기타,중상,함께 거주,True,서울,자매 2명,ENTP,불교,월 1회 이하,비흡연,영화,원하지 않음,일부공동,문화생활,상관없음,3,2,5,4,4,VIP,2025-11-26 11:39:00,검색광고,MG13,87,완료,True,0.78,2,2026-06-26,3,2,1,1,31,18,95.7,8,False
M720,송채원,여성,45,173,63,경기,성남시,학사,인서울,중소기업,새롬금융,6300,8300,월세,True,8700,미혼,0,회사원,회사원,중하,함께 거주,True,대구,자매 2명,ISFP,기독교,월 2~4회,비흡연,여행,원함,상의 후 결정,문화생활,좋아함,2,5,4,5,5,베이직,2024-12-13 10:22:00,제휴,MG19,70,작성 중,False,0.18,1,2026-05-02,0,1,0,1,9,3,22.3,0,False
M721,최지민,여성,33,170,61,경북,포항시,학사,기타,공무원,푸른연구원,6700,4600,월세,False,0,미혼,0,전문직,가사,중하,모친 사별,True,충남,자매 2명,INTP,기독교,주 1~2회,금연 중,전시,상의 후 결정,상의 후 결정,가족시간,알레르기 있음,2,2,3,2,3,프리미엄,2025-07-03 19:16:00,오프라인행사,MG18,99,완료,False,0.41,0,2026-05-24,0,1,1,0,5,3,26.4,0,False
M722,최정우,남성,28,169,58,서울,성동구,석사,인서울,연구직,가온교육,8800,12000,기타,True,0,미혼,0,공무원,자영업,중상,함께 거주,True,광주,자매 2명,ISFP,기독교,안 함,비흡연,여행,원함,상의 후 결정,가족시간,어려움,1,2,4,4,5,베이직,2024-01-18 09:38:00,SNS,MG10,100,완료,True,0.83,1,2026-06-24,3,1,4,4,93,39,217.6,23,True
M723,박윤서,여성,45,164,50,울산,남구,석사,기타,대기업,나래컨설팅,10900,18800,자가,True,8100,미혼,0,회사원,교직,중,별거,True,경기,3남매 이상,INFP,기독교,주 1~2회,비흡연,음악,원함,공동관리,집에서 휴식,좋아함,1,5,5,2,5,베이직,2025-05-20 13:56:00,오프라인행사,MG07,67,작성 중,False,0.36,0,2026-05-06,0,0,0,1,3,1,13.1,0,True
M724,윤민준,남성,25,189,67,충북,청주시,박사,수도권,프리랜서,나래컨설팅,5500,2100,자가,False,6100,미혼,0,회사원,회사원,중,함께 거주,True,경기,3남매 이상,ESFP,무교,주 1~2회,비흡연,반려동물,상의 후 결정,각자관리,야외활동,알레르기 있음,3,2,5,2,3,프리미엄,2025-08-23 10:01:00,제휴,MG04,92,완료,True,0.7,2,2026-06-21,1,4,4,3,77,36,211.7,16,True
M725,김도현,남성,37,174,67,경기,화성시,학사,해외대,IT,가온교육,7800,15300,자가,True,13200,미혼,0,회사원,회사원,중상,부친 사별,True,서울,외동,ESFJ,무교,주 1~2회,금연 중,등산,상의 후 결정,각자관리,야외활동,알레르기 있음,1,2,5,1,4,VIP,2026-03-14 12:06:00,SNS,MG17,84,작성 중,True,0.58,2,2026-06-22,1,2,5,2,75,31,194.2,17,True
M726,장하준,남성,40,176,86,경기,안양시,학사,기타,중견기업,푸른연구원,6400,11100,가족동거,True,4100,미혼,0,전문직,은퇴,중,함께 거주,True,경기,형제 2명,ENFJ,천주교,월 2~4회,흡연,등산,원함,각자관리,친구모임,상관없음,1,5,3,1,5,프리미엄,2025-08-21 13:38:00,오프라인행사,MG17,97,완료,True,0.6,3,2026-06-21,3,0,3,2,61,26,162.3,10,False
M727,홍지우,여성,35,165,50,서울,마포구,학사,지방거점,전문직,미래공사,8700,14900,자가,False,6700,미혼,0,은퇴,공무원,상,함께 거주,True,부산,3남매 이상,INFP,기독교,안 함,비흡연,요리,원함,각자관리,친구모임,상관없음,4,1,5,5,4,베이직,2025-06-24 18:35:00,제휴,MG02,76,작성 중,True,0.47,3,2026-06-17,2,0,2,3,53,20,116,10,True
M728,윤준서,남성,37,177,79,서울,성동구,고졸,인서울,연구직,가온교육,5600,5500,가족동거,False,2100,미혼,0,은퇴,공무원,중하,이혼,True,대전,1남1녀,ENTJ,기독교,안 함,비흡연,독서,상의 후 결정,일부공동,집에서 휴식,알레르기 있음,3,4,5,4,5,베이직,2025-03-07 19:46:00,검색광고,MG04,68,작성 중,False,0.63,0,2026-04-16,0,0,0,0,0,0,0,0,False
M729,서정우,남성,38,174,66,경북,구미시,학사,지방거점,중견기업,이음파트너스,8100,1500,전세,True,7400,미혼,0,은퇴,교직,중하,부친 사별,True,울산,형제 2명,ENTJ,무교,월 2~4회,비흡연,등산,원함,일부공동,야외활동,어려움,5,4,3,4,4,VIP,2025-12-02 19:13:00,오프라인행사,MG01,100,완료,True,0.37,2,2026-06-22,3,1,4,2,86,36,181.3,9,True
M730,조유진,여성,40,164,67,서울,영등포구,석사,지방거점,IT,해봄스튜디오,8100,15500,월세,True,1500,미혼,0,기타,회사원,중,함께 거주,True,경기,외동,ISTJ,불교,월 1회 이하,비흡연,영화,원함,상의 후 결정,야외활동,좋아함,4,1,5,1,5,베이직,2024-11-06 20:35:00,제휴,MG14,86,완료,True,0.6,5,2026-06-21,2,3,2,3,76,34,170.4,21,False
M731,정윤서,여성,32,168,57,대구,달서구,석사,SKY,금융,온누리메디컬,7400,4200,자가,True,5500,미혼,0,자영업,회사원,중상,함께 거주,True,경남,형제 2명,ESFJ,무교,주 1~2회,흡연,독서,상의 후 결정,일부공동,야외활동,상관없음,2,5,5,4,4,VIP,2025-02-03 17:43:00,검색광고,MG17,70,작성 중,False,0.38,3,2026-05-13,1,2,0,0,8,3,25.1,0,False
M732,한도현,남성,29,176,67,서울,강남구,학사,기타,IT,푸른연구원,4500,5400,월세,False,0,미혼,0,은퇴,전문직,상,함께 거주,False,인천,외동,ENFP,불교,월 2~4회,비흡연,운동,원하지 않음,일부공동,집에서 휴식,상관없음,4,2,4,4,3,베이직,2026-05-08 16:00:00,SNS,MG09,79,작성 중,False,0.16,0,2026-05-02,2,1,1,0,3,5,49.5,2,False
M733,안하윤,여성,39,161,53,전북,군산시,전문학사,수도권,중소기업,새롬금융,3300,3800,월세,False,4000,미혼,0,자영업,전문직,중,함께 거주,True,서울,3남매 이상,ESFP,무교,주 1~2회,비흡연,러닝,원함,각자관리,문화생활,좋아함,1,2,3,2,4,베이직,2024-05-15 11:14:00,오프라인행사,MG11,68,작성 중,False,0.02,1,2026-05-27,2,0,1,1,8,5,45.1,0,False
M734,최예은,여성,25,166,60,경남,진주시,학사,인서울,교직,해봄스튜디오,7000,500,전세,True,1500,미혼,0,전문직,가사,중하,함께 거주,True,서울,형제 2명,ISTP,무교,안 함,비흡연,영화,원함,일부공동,야외활동,상관없음,4,1,5,3,5,베이직,2025-02-14 09:43:00,검색광고,MG02,85,완료,True,0.55,3,2026-06-24,4,1,2,8,100,47,264.3,8,False
M735,강민재,남성,25,174,68,대전,서구,석사,지방거점,공무원,온누리메디컬,6300,2200,자가,False,2700,미혼,0,기타,가사,중,함께 거주,False,경기,3남매 이상,ENFJ,천주교,안 함,흡연,러닝,원함,상의 후 결정,야외활동,알레르기 있음,3,5,4,1,3,베이직,2024-12-23 20:41:00,오프라인행사,MG05,91,완료,True,0.47,4,2026-06-27,4,3,2,5,116,47,236.6,19,False
M736,김윤서,여성,32,165,58,부산,수영구,학사,해외대,공무원,새롬금융,7800,9400,월세,False,0,미혼,0,은퇴,은퇴,중상,함께 거주,True,경기,형제 2명,ENFJ,불교,월 2~4회,비흡연,러닝,원하지 않음,상의 후 결정,친구모임,알레르기 있음,5,2,3,4,5,베이직,2025-04-25 19:40:00,SNS,MG03,82,작성 중,True,0.24,1,2026-06-27,2,4,3,2,55,26,173.9,5,False
M737,이정우,남성,43,163,60,서울,송파구,박사,지방거점,금융,새롬금융,10400,8100,월세,False,5900,미혼,0,은퇴,회사원,중상,함께 거주,False,경기,외동,INTP,천주교,월 1회 이하,비흡연,전시,상의 후 결정,공동관리,문화생활,알레르기 있음,5,1,3,3,3,베이직,2024-06-12 20:47:00,제휴,MG18,78,작성 중,False,0.66,0,2026-05-12,0,1,0,0,0,1,11.2,0,True
M738,권예준,남성,39,172,53,경기,용인시,석사,기타,공무원,미래공사,3700,7600,월세,True,1700,미혼,0,자영업,자영업,하,부친 사별,False,전남,3남매 이상,INFJ,무교,월 1회 이하,비흡연,러닝,원함,일부공동,야외활동,알레르기 있음,2,1,5,2,2,베이직,2024-11-04 20:02:00,오프라인행사,MG16,77,작성 중,True,0.45,3,2026-06-25,2,2,2,3,75,31,174.1,7,False
M739,최민재,남성,30,180,74,전북,군산시,석사,인서울,의료,나래컨설팅,11200,12100,전세,True,5300,미혼,0,은퇴,자영업,중상,모두 사별,True,경기,3남매 이상,ESTP,무교,월 1회 이하,비흡연,반려동물,원함,일부공동,문화생활,상관없음,4,2,5,1,4,VIP,2026-04-21 20:36:00,SNS,MG20,84,작성 중,True,0.47,3,2026-06-25,1,2,2,4,65,33,169.3,9,False
M740,류정우,남성,39,173,71,서울,성동구,석사,인서울,중소기업,온누리메디컬,7900,7700,가족동거,False,0,미혼,0,공무원,가사,중상,함께 거주,True,부산,자매 2명,INTP,무교,월 2~4회,흡연,러닝,원하지 않음,일부공동,문화생활,알레르기 있음,1,1,5,1,4,베이직,2026-04-03 15:53:00,제휴,MG14,85,완료,True,0.57,3,2026-06-27,1,3,3,7,100,40,222.2,8,False
M741,조현우,남성,29,173,67,서울,마포구,학사,지방거점,연구직,미래공사,7600,5500,전세,True,1700,미혼,0,농어업,회사원,중,함께 거주,True,경기,자매 2명,ENFP,불교,월 1회 이하,비흡연,게임,원함,일부공동,가족시간,알레르기 있음,5,2,5,1,5,베이직,2024-10-14 17:19:00,제휴,MG15,94,완료,True,0.59,2,2026-06-26,6,2,4,1,81,41,257.4,15,True
M742,류하준,남성,31,172,56,인천,남동구,석사,지방거점,IT,이음파트너스,8300,3000,자가,False,11600,미혼,0,회사원,자영업,중,함께 거주,True,경기,3남매 이상,ENTJ,무교,월 2~4회,흡연,반려동물,원함,일부공동,친구모임,상관없음,1,2,4,2,5,베이직,2025-02-03 12:51:00,제휴,MG05,68,작성 중,True,0.54,3,2026-06-19,1,0,1,0,8,4,26.4,1,False
M743,장예준,남성,48,166,64,전북,전주시,전문학사,지방거점,의료,이음파트너스,8500,28100,월세,True,0,미혼,0,농어업,기타,중하,함께 거주,False,경남,외동,ENFJ,무교,주 1~2회,비흡연,전시,상의 후 결정,일부공동,문화생활,알레르기 있음,4,5,5,4,4,베이직,2024-11-17 16:29:00,지인추천,MG12,100,완료,False,0.2,1,2026-05-26,1,0,1,1,2,3,37.6,3,False
M744,홍현우,남성,41,177,61,경기,고양시,전문학사,지방거점,공무원,나래컨설팅,5500,11000,가족동거,False,1000,미혼,0,자영업,가사,중,부친 사별,False,서울,형제 2명,ENTP,불교,월 2~4회,비흡연,골프,원함,일부공동,야외활동,상관없음,1,2,4,1,5,프리미엄,2026-02-09 20:00:00,지인추천,MG10,68,작성 중,False,0.19,1,2026-05-16,1,0,1,0,1,2,31.5,0,False
M745,한서윤,여성,43,164,72,서울,강남구,학사,기타,중소기업,나래컨설팅,7900,23300,전세,False,3400,미혼,0,공무원,자영업,중상,함께 거주,False,서울,외동,ENTP,기독교,주 1~2회,비흡연,골프,원함,일부공동,집에서 휴식,좋아함,3,4,4,2,4,VIP,2024-11-18 15:37:00,검색광고,MG13,89,완료,True,0.2,3,2026-06-16,3,2,2,1,48,22,116.4,4,True
M746,한민재,남성,31,169,55,서울,관악구,학사,인서울,대기업,푸른연구원,6100,6800,전세,True,0,미혼,0,은퇴,은퇴,하,함께 거주,True,경기,1남1녀,ENTP,불교,주 3회 이상,비흡연,등산,원함,공동관리,가족시간,어려움,5,2,5,1,4,베이직,2025-01-22 10:12:00,오프라인행사,MG20,84,작성 중,True,0.69,3,2026-06-21,2,3,2,3,57,27,165.9,10,True
M747,한지아,여성,41,169,58,대구,수성구,석사,인서울,프리랜서,가온교육,6500,15000,전세,False,4900,미혼,0,회사원,전문직,중,이혼,True,경남,1남1녀,INFP,불교,안 함,비흡연,등산,상의 후 결정,일부공동,집에서 휴식,상관없음,1,1,5,1,4,프리미엄,2025-09-20 14:14:00,지인추천,MG01,82,작성 중,True,0.34,1,2026-06-20,1,3,1,1,26,13,79.4,4,False
M748,안서연,여성,29,163,59,서울,강남구,학사,인서울,공무원,온누리메디컬,5100,3500,월세,True,3100,미혼,0,전문직,자영업,중,함께 거주,False,서울,외동,ESFJ,기독교,월 1회 이하,비흡연,운동,원함,공동관리,야외활동,어려움,2,4,3,5,3,베이직,2025-11-07 10:06:00,지인추천,MG18,86,완료,True,0.48,1,2026-06-17,1,0,4,1,39,16,104.4,7,True
M749,한채원,여성,36,170,65,서울,관악구,석사,인서울,중소기업,가온교육,8400,11500,전세,True,0,미혼,0,자영업,가사,상,함께 거주,True,충남,1남1녀,ENFJ,무교,월 2~4회,금연 중,요리,원함,공동관리,친구모임,상관없음,5,4,5,4,5,베이직,2024-09-23 13:51:00,SNS,MG01,64,작성 중,True,0.64,2,2026-06-16,1,3,1,2,28,14,103.3,11,True
M750,송지호,남성,26,177,67,경남,진주시,전문학사,지방거점,대기업,이음파트너스,6700,2700,월세,True,8100,미혼,0,자영업,회사원,중상,별거,True,경기,자매 2명,ENFP,불교,월 1회 이하,비흡연,골프,원하지 않음,각자관리,가족시간,알레르기 있음,4,3,4,3,5,베이직,2025-09-16 11:36:00,제휴,MG11,90,완료,True,0.77,3,2026-06-18,3,4,1,2,73,30,162.1,16,True
M751,권서준,남성,41,187,69,부산,부산진구,석사,수도권,공무원,가온교육,9000,20900,전세,False,5700,재혼,0,공무원,전문직,중하,함께 거주,True,제주,1남1녀,ESTJ,무교,주 3회 이상,흡연,골프,원함,공동관리,야외활동,상관없음,4,3,3,5,4,프리미엄,2026-05-16 17:52:00,오프라인행사,MG06,96,완료,True,0.72,3,2026-06-20,2,2,2,2,54,22,119.8,13,False
M752,임서준,남성,40,184,72,서울,관악구,전문학사,인서울,중소기업,다온솔루션,4900,11600,가족동거,True,0,미혼,0,자영업,공무원,하,함께 거주,True,경기,1남1녀,INFJ,기타,안 함,비흡연,러닝,원하지 않음,상의 후 결정,야외활동,좋아함,5,4,4,1,4,프리미엄,2024-11-26 14:18:00,지인추천,MG14,99,완료,True,0.54,4,2026-06-17,1,3,2,4,67,30,176.5,15,False
M753,권채원,여성,39,156,46,경기,용인시,석사,인서울,연구직,푸른연구원,8100,6700,월세,False,0,미혼,0,자영업,기타,중하,함께 거주,True,인천,형제 2명,ISTJ,무교,주 1~2회,비흡연,운동,상의 후 결정,상의 후 결정,집에서 휴식,상관없음,4,3,3,5,4,베이직,2024-02-11 09:44:00,오프라인행사,MG08,90,완료,True,0.61,3,2026-06-30,0,2,2,3,62,23,143.4,7,True
M754,윤서윤,여성,31,168,50,인천,남동구,석사,수도권,연구직,가온교육,6800,8800,전세,False,3500,미혼,0,공무원,은퇴,중,함께 거주,False,경남,외동,ISFJ,무교,월 1회 이하,흡연,영화,원함,공동관리,가족시간,좋아함,4,2,5,3,4,베이직,2024-07-13 17:08:00,제휴,MG06,93,완료,True,0.51,2,2026-06-19,1,3,0,3,45,19,127.5,9,False
M755,권지민,여성,25,169,69,충남,공주시,학사,해외대,중소기업,미래공사,6200,1800,전세,True,6600,미혼,0,농어업,회사원,하,함께 거주,True,경남,3남매 이상,ESTP,무교,월 1회 이하,비흡연,러닝,상의 후 결정,상의 후 결정,친구모임,좋아함,2,4,5,5,3,베이직,2025-08-31 16:15:00,제휴,MG17,76,작성 중,True,0.4,1,2026-06-26,3,2,1,4,63,28,187.3,15,True
M756,안하윤,여성,38,172,55,경기,성남시,전문학사,수도권,중견기업,다온솔루션,8200,16000,월세,True,6300,미혼,0,기타,은퇴,하,함께 거주,True,서울,자매 2명,INTP,기독교,안 함,비흡연,음악,원함,상의 후 결정,야외활동,상관없음,1,1,5,3,4,프리미엄,2025-11-09 19:45:00,오프라인행사,MG20,100,완료,True,0.22,3,2026-06-17,3,3,3,1,60,30,171.3,9,False
M757,강지호,남성,36,174,56,경기,수원시,석사,인서울,교직,나래컨설팅,8000,16300,전세,True,0,미혼,0,자영업,공무원,상,함께 거주,False,부산,외동,ENFJ,천주교,주 1~2회,비흡연,운동,원함,일부공동,야외활동,알레르기 있음,1,5,4,3,4,베이직,2024-09-02 13:55:00,SNS,MG14,69,작성 중,False,0.35,1,2026-05-11,0,0,0,1,7,2,22,3,False
M758,조채원,여성,29,157,64,경기,화성시,학사,수도권,전문직,한빛테크,8900,6500,전세,True,5900,미혼,0,전문직,은퇴,상,부친 사별,True,경남,자매 2명,ISTJ,무교,주 1~2회,비흡연,러닝,상의 후 결정,상의 후 결정,집에서 휴식,상관없음,2,4,5,3,5,프리미엄,2024-08-10 10:21:00,검색광고,MG04,73,작성 중,False,0.57,0,2026-05-08,1,0,0,1,2,2,26.5,4,True
M759,이민준,남성,40,179,73,대전,유성구,학사,인서울,중소기업,다온솔루션,6200,4900,전세,True,4700,재혼,0,회사원,은퇴,중상,부친 사별,True,부산,자매 2명,INFP,무교,월 2~4회,비흡연,반려동물,원함,일부공동,집에서 휴식,좋아함,5,1,5,3,4,베이직,2025-04-08 16:08:00,오프라인행사,MG11,70,작성 중,True,0.7,1,2026-06-25,1,0,2,1,23,11,73.8,2,True
M760,권민재,남성,32,177,82,서울,영등포구,박사,인서울,대기업,한빛테크,9400,10400,월세,True,6800,미혼,0,자영업,공무원,중상,함께 거주,True,서울,외동,ESFJ,무교,월 1회 이하,비흡연,음악,원하지 않음,공동관리,문화생활,알레르기 있음,5,2,4,2,5,프리미엄,2024-06-19 20:54:00,SNS,MG05,64,작성 중,True,0.1,5,2026-06-23,2,2,4,2,66,24,173.1,0,False
M761,한준서,남성,41,186,97,서울,강남구,학사,기타,IT,미래공사,9800,17700,전세,True,3200,미혼,0,회사원,자영업,중하,함께 거주,True,대구,외동,INTP,천주교,주 1~2회,비흡연,운동,상의 후 결정,각자관리,가족시간,좋아함,1,1,5,1,3,베이직,2025-11-08 12:44:00,SNS,MG05,81,작성 중,True,0.45,4,2026-06-17,3,2,2,2,70,26,138.2,6,False
M762,송예준,남성,34,177,71,대전,유성구,학사,수도권,공무원,온누리메디컬,5300,5400,기타,True,3300,미혼,0,자영업,은퇴,중,함께 거주,False,인천,3남매 이상,INTJ,기독교,월 2~4회,흡연,영화,원함,공동관리,집에서 휴식,상관없음,2,5,3,5,4,프리미엄,2025-05-12 13:05:00,지인추천,MG10,93,완료,True,0.71,3,2026-06-20,4,1,5,1,69,34,191.2,14,False
M763,최지민,여성,25,167,49,충북,제천시,학사,인서울,전문직,새롬금융,9800,3400,월세,True,4200,미혼,0,전문직,전문직,중,함께 거주,True,서울,1남1녀,INTP,무교,안 함,비흡연,러닝,원함,상의 후 결정,집에서 휴식,어려움,2,1,5,1,4,베이직,2026-04-20 18:17:00,SNS,MG04,66,작성 중,True,0.66,0,2026-06-24,2,3,2,3,39,20,137.1,12,False
M764,윤시우,남성,43,184,89,세종,조치원읍,석사,수도권,자영업,가온교육,9900,24000,전세,False,4400,미혼,0,자영업,기타,중하,함께 거주,False,인천,형제 2명,INTP,불교,월 2~4회,비흡연,전시,원함,상의 후 결정,야외활동,상관없음,3,1,5,4,3,프리미엄,2024-09-03 16:01:00,검색광고,MG07,96,완료,True,0.71,0,2026-06-23,2,3,0,1,36,16,93.2,8,True
M765,장은서,여성,39,163,52,세종,조치원읍,학사,기타,중소기업,해봄스튜디오,4900,4000,전세,True,6700,미혼,0,은퇴,회사원,중상,함께 거주,True,서울,3남매 이상,ISFJ,무교,월 2~4회,비흡연,반려동물,상의 후 결정,각자관리,가족시간,알레르기 있음,5,4,5,5,5,프리미엄,2026-02-03 15:22:00,SNS,MG12,68,작성 중,True,0.75,2,2026-06-23,2,0,1,0,10,7,32.7,3,False
M766,강건우,남성,33,177,73,충남,아산시,학사,기타,중견기업,나래컨설팅,6200,5500,월세,True,6900,미혼,0,농어업,회사원,중하,부친 사별,False,경기,1남1녀,INTP,천주교,월 1회 이하,비흡연,전시,상의 후 결정,각자관리,문화생활,상관없음,4,3,3,2,4,베이직,2025-08-11 09:28:00,지인추천,MG07,90,완료,True,0.75,3,2026-06-22,2,1,2,5,54,28,176.4,10,True
M767,최지아,여성,30,165,63,서울,강남구,박사,SKY,중견기업,다온솔루션,9600,500,자가,False,14800,미혼,0,공무원,회사원,중,함께 거주,True,경기,자매 2명,ESFP,무교,월 2~4회,비흡연,여행,상의 후 결정,일부공동,친구모임,어려움,1,3,4,3,4,베이직,2025-01-29 10:54:00,지인추천,MG03,84,작성 중,True,0.49,2,2026-06-21,1,4,1,5,59,31,191.7,8,True
M768,임서연,여성,32,155,42,서울,영등포구,학사,지방거점,연구직,새롬금융,5900,500,가족동거,False,5300,미혼,0,회사원,공무원,중,함께 거주,False,충남,1남1녀,INFP,무교,월 1회 이하,금연 중,전시,원함,공동관리,문화생활,좋아함,4,2,5,5,3,프리미엄,2024-06-27 11:39:00,검색광고,MG09,71,작성 중,True,0.38,2,2026-06-26,2,1,1,2,26,11,91.4,6,False
M769,한다은,여성,30,165,65,부산,수영구,학사,수도권,중견기업,미래공사,5500,4200,자가,True,6100,미혼,0,농어업,회사원,중상,함께 거주,True,경남,자매 2명,ESFP,불교,안 함,비흡연,요리,원함,공동관리,가족시간,어려움,4,2,5,4,5,베이직,2025-04-25 19:54:00,제휴,MG07,65,작성 중,True,1,2,2026-06-22,0,2,1,2,24,12,68.5,9,True
M770,윤지호,남성,26,175,58,서울,노원구,학사,SKY,자영업,해봄스튜디오,6700,3200,가족동거,True,0,미혼,0,회사원,회사원,중,함께 거주,True,서울,자매 2명,ISFP,무교,월 2~4회,흡연,게임,상의 후 결정,상의 후 결정,친구모임,어려움,5,4,5,5,4,베이직,2025-02-19 16:56:00,검색광고,MG09,76,작성 중,True,0.81,4,2026-06-26,1,2,2,5,68,27,183.8,13,False
M771,권건우,남성,37,174,64,부산,동래구,석사,기타,교직,한빛테크,8900,16000,전세,False,0,미혼,0,공무원,기타,중,함께 거주,True,경북,형제 2명,ESTJ,무교,안 함,비흡연,러닝,상의 후 결정,일부공동,가족시간,상관없음,5,4,4,2,3,VIP,2025-10-19 10:17:00,지인추천,MG11,86,완료,False,0.44,1,2026-04-30,0,0,0,0,0,0,0,0,True
M772,강채원,여성,33,163,66,전남,여수시,학사,기타,중견기업,가온교육,7700,5700,월세,True,800,미혼,0,기타,자영업,상,부친 사별,False,인천,자매 2명,ISTJ,무교,월 2~4회,비흡연,등산,원함,상의 후 결정,문화생활,어려움,3,4,5,4,3,베이직,2025-08-28 10:27:00,검색광고,MG03,75,작성 중,True,0.54,1,2026-06-19,1,2,0,4,27,15,96,9,True
M773,신윤서,여성,30,169,64,경기,화성시,학사,기타,대기업,미래공사,8600,4900,전세,False,0,미혼,0,자영업,회사원,중,함께 거주,False,대전,1남1녀,ESTJ,무교,월 2~4회,비흡연,음악,원함,공동관리,문화생활,상관없음,5,4,5,4,3,VIP,2024-05-07 10:06:00,SNS,MG06,95,완료,True,0.57,1,2026-06-30,1,1,1,1,24,11,60.1,1,True
M774,장다은,여성,25,153,43,대구,중구,학사,지방거점,연구직,이음파트너스,9600,3500,전세,False,0,미혼,0,전문직,전문직,중하,함께 거주,True,충남,3남매 이상,ISFP,불교,월 1회 이하,금연 중,영화,원함,상의 후 결정,가족시간,어려움,3,2,5,2,5,베이직,2026-04-19 17:38:00,검색광고,MG02,58,미완료,True,0.45,1,2026-06-25,1,3,2,4,49,23,146.2,6,False
M775,박서연,여성,35,154,58,부산,수영구,석사,지방거점,IT,이음파트너스,9100,16100,전세,False,2400,미혼,0,전문직,전문직,중,함께 거주,True,세종,자매 2명,INFJ,무교,안 함,비흡연,음악,원함,상의 후 결정,문화생활,알레르기 있음,2,3,4,3,4,베이직,2025-11-27 13:56:00,오프라인행사,MG10,86,완료,True,0.39,2,2026-06-28,2,2,1,3,62,25,148.4,16,False
M776,이수아,여성,27,172,56,경남,진주시,석사,기타,중소기업,새롬금융,5300,2600,자가,False,12200,미혼,0,은퇴,가사,중상,함께 거주,True,대구,자매 2명,ESFJ,불교,안 함,비흡연,골프,원함,상의 후 결정,집에서 휴식,상관없음,5,4,4,5,4,베이직,2026-05-18 09:47:00,지인추천,MG13,91,완료,True,0.62,2,2026-06-28,0,4,3,5,55,30,227.8,9,True
M777,권민준,남성,33,172,72,전남,순천시,석사,수도권,전문직,새롬금융,11500,5600,전세,True,5600,미혼,0,기타,기타,중,함께 거주,True,전남,형제 2명,ESFJ,기독교,안 함,비흡연,반려동물,상의 후 결정,상의 후 결정,친구모임,좋아함,4,4,4,4,5,베이직,2024-12-16 19:29:00,제휴,MG01,80,작성 중,True,0.63,2,2026-06-30,2,2,1,0,38,15,73.9,6,False
M778,박서준,남성,38,171,69,부산,해운대구,학사,인서울,공기업,온누리메디컬,4000,2100,월세,True,700,미혼,0,기타,공무원,중,함께 거주,False,인천,1남1녀,ESFJ,천주교,안 함,흡연,골프,원함,일부공동,가족시간,상관없음,5,5,5,3,5,프리미엄,2025-08-11 09:14:00,제휴,MG18,95,완료,True,0.15,3,2026-06-24,6,1,3,2,87,37,161,2,False
M779,김도현,남성,38,175,65,대구,달서구,석사,해외대,중견기업,새롬금융,8300,16500,전세,True,1900,미혼,0,자영업,공무원,중,함께 거주,False,경기,형제 2명,ISTP,무교,월 2~4회,비흡연,영화,원하지 않음,상의 후 결정,문화생활,좋아함,2,1,4,1,4,베이직,2026-02-05 14:00:00,검색광고,MG15,61,작성 중,True,0.33,4,2026-06-16,2,1,1,3,32,16,111,3,True
M780,강준서,남성,31,178,70,경남,김해시,학사,수도권,중소기업,한빛테크,4000,2600,월세,True,100,미혼,0,은퇴,은퇴,중,함께 거주,True,울산,1남1녀,ESFP,기독교,주 1~2회,비흡연,러닝,원함,일부공동,가족시간,어려움,1,1,3,4,4,VIP,2025-03-06 11:22:00,SNS,MG08,87,완료,True,0.56,3,2026-06-29,2,6,2,5,98,42,269.2,15,False
M781,장우진,남성,38,166,65,전북,익산시,학사,지방거점,대기업,해봄스튜디오,9600,24200,월세,True,0,미혼,0,전문직,가사,중상,부친 사별,False,경북,외동,ISTP,무교,월 2~4회,흡연,운동,상의 후 결정,공동관리,야외활동,알레르기 있음,5,3,5,2,2,프리미엄,2024-03-26 16:12:00,제휴,MG03,73,작성 중,True,0.94,2,2026-06-30,1,0,0,3,22,10,52.6,12,False
M782,류예은,여성,37,172,54,경기,수원시,학사,지방거점,연구직,온누리메디컬,9700,20300,전세,False,500,미혼,0,기타,가사,중상,함께 거주,True,서울,3남매 이상,INTJ,무교,월 2~4회,비흡연,독서,원함,각자관리,문화생활,좋아함,4,3,5,3,3,베이직,2024-03-06 17:01:00,지인추천,MG15,91,완료,True,0.78,2,2026-06-21,4,5,2,3,87,43,247.5,18,False
M783,홍민준,남성,35,176,84,서울,마포구,학사,수도권,중견기업,미래공사,7600,4800,월세,True,4500,미혼,0,공무원,교직,중하,함께 거주,True,경기,형제 2명,ESFP,무교,주 3회 이상,비흡연,등산,원함,상의 후 결정,친구모임,상관없음,5,1,4,4,3,베이직,2025-07-29 14:58:00,검색광고,MG05,83,작성 중,True,0.63,5,2026-06-24,2,3,3,2,76,30,172.6,10,True
M784,오소율,여성,27,168,71,충남,공주시,전문학사,지방거점,중견기업,온누리메디컬,5700,2400,월세,False,300,미혼,0,전문직,공무원,중상,함께 거주,True,제주,자매 2명,ESTJ,무교,주 1~2회,비흡연,독서,원함,상의 후 결정,가족시간,좋아함,3,4,4,1,4,프리미엄,2024-06-05 20:48:00,지인추천,MG18,86,완료,True,0.62,1,2026-06-28,5,4,2,3,95,40,227.8,10,False
M785,조우진,남성,39,166,52,충남,공주시,박사,SKY,금융,한빛테크,13500,19000,전세,False,0,미혼,0,기타,공무원,중,함께 거주,False,경남,3남매 이상,ENFJ,무교,월 2~4회,비흡연,여행,원하지 않음,공동관리,친구모임,상관없음,3,2,4,4,5,프리미엄,2024-12-12 20:42:00,지인추천,MG20,71,작성 중,True,0.76,3,2026-06-23,4,1,1,1,36,17,137.3,6,False
M786,안도윤,남성,39,180,82,전북,전주시,학사,기타,중소기업,새롬금융,5100,8700,기타,True,2400,미혼,0,기타,기타,중,함께 거주,True,경기,3남매 이상,ESFP,기타,주 3회 이상,비흡연,반려동물,원함,일부공동,친구모임,알레르기 있음,5,2,5,3,5,베이직,2025-04-09 15:08:00,SNS,MG02,76,작성 중,False,0.31,2,2026-05-30,2,1,0,1,19,8,46.9,0,False
M787,황예준,남성,26,177,61,서울,관악구,학사,인서울,전문직,미래공사,9600,2000,가족동거,True,7800,미혼,0,자영업,자영업,중상,함께 거주,False,부산,1남1녀,INFJ,무교,월 2~4회,비흡연,음악,원함,상의 후 결정,야외활동,어려움,3,5,4,4,5,베이직,2024-11-18 11:22:00,오프라인행사,MG19,80,작성 중,False,0.33,2,2026-05-24,0,0,0,0,0,0,0,0,False
M788,안도윤,남성,39,186,61,부산,해운대구,고졸,기타,대기업,가온교육,8200,19500,전세,True,400,미혼,0,자영업,전문직,중,함께 거주,True,대구,3남매 이상,ESFJ,천주교,월 1회 이하,비흡연,영화,원함,공동관리,문화생활,좋아함,2,1,5,4,5,프리미엄,2024-05-06 18:24:00,제휴,MG04,75,작성 중,True,0.92,1,2026-06-18,2,3,5,1,83,32,192.1,16,True
M789,한수아,여성,39,163,52,경기,성남시,학사,지방거점,중소기업,나래컨설팅,6000,6400,전세,True,2600,미혼,0,자영업,기타,중,함께 거주,True,경기,1남1녀,ENTP,불교,월 2~4회,비흡연,음악,원함,각자관리,문화생활,알레르기 있음,1,5,4,4,2,베이직,2024-05-27 20:05:00,오프라인행사,MG15,70,작성 중,True,0.79,2,2026-06-19,3,1,3,5,61,28,184.4,22,True
M790,홍지아,여성,37,166,59,서울,노원구,전문학사,인서울,연구직,나래컨설팅,7800,11400,월세,True,4400,미혼,0,전문직,은퇴,중,함께 거주,True,대전,3남매 이상,ESFP,불교,안 함,비흡연,반려동물,원함,상의 후 결정,가족시간,어려움,2,1,3,3,5,베이직,2024-09-29 09:05:00,SNS,MG05,74,작성 중,False,0.23,4,2026-05-14,0,0,0,0,0,0,0,0,False
M791,장윤서,여성,41,166,59,경기,수원시,석사,지방거점,연구직,온누리메디컬,6600,10900,전세,False,7500,미혼,0,자영업,회사원,중,이혼,True,경남,1남1녀,ISTJ,무교,주 1~2회,비흡연,영화,상의 후 결정,각자관리,야외활동,상관없음,1,5,4,4,5,베이직,2025-05-27 11:11:00,검색광고,MG15,57,미완료,True,0.62,1,2026-06-23,3,0,2,1,35,15,87.5,6,True
M792,송도윤,남성,33,167,63,세종,조치원읍,학사,지방거점,전문직,나래컨설팅,10800,16900,자가,False,9900,미혼,0,회사원,기타,하,함께 거주,True,부산,외동,ENTP,무교,월 1회 이하,비흡연,영화,원함,각자관리,집에서 휴식,상관없음,4,4,4,1,4,베이직,2025-06-04 14:24:00,SNS,MG10,68,작성 중,False,0.07,3,2026-05-09,1,0,2,1,9,5,44.1,0,False
M793,윤소율,여성,36,159,68,울산,울주군,학사,해외대,IT,다온솔루션,6300,7900,가족동거,False,5700,미혼,0,회사원,전문직,중,함께 거주,True,인천,1남1녀,INTJ,무교,월 1회 이하,비흡연,등산,상의 후 결정,각자관리,집에서 휴식,알레르기 있음,3,3,4,2,3,프리미엄,2026-02-09 10:24:00,제휴,MG13,87,완료,True,0.63,1,2026-06-27,1,1,3,1,40,16,85.6,12,True
M794,서정우,남성,28,169,76,광주,서구,고졸,인서울,IT,새롬금융,9300,7500,전세,False,3500,미혼,0,전문직,자영업,중,함께 거주,True,서울,형제 2명,INTP,기독교,월 2~4회,비흡연,운동,원함,상의 후 결정,친구모임,상관없음,5,4,5,1,4,VIP,2024-03-07 09:50:00,SNS,MG06,57,미완료,True,0.42,4,2026-06-28,3,2,2,3,45,24,168.5,17,False
M795,안민서,여성,31,162,57,경기,수원시,학사,SKY,IT,나래컨설팅,8700,10300,가족동거,False,7000,미혼,0,농어업,공무원,중,함께 거주,True,광주,외동,ESTJ,천주교,월 2~4회,비흡연,게임,원함,상의 후 결정,집에서 휴식,알레르기 있음,2,2,4,3,5,VIP,2025-04-02 14:36:00,SNS,MG14,83,작성 중,False,0.22,2,2026-05-02,0,0,0,0,0,0,0,0,False
M796,홍지아,여성,33,159,54,전북,익산시,학사,수도권,교직,온누리메디컬,3600,4900,월세,False,6000,미혼,0,농어업,자영업,중,함께 거주,True,서울,자매 2명,ENFP,무교,안 함,비흡연,독서,원함,각자관리,가족시간,알레르기 있음,2,5,5,5,4,프리미엄,2024-06-07 16:51:00,오프라인행사,MG05,81,작성 중,True,0.63,4,2026-06-24,1,1,1,7,59,23,154.6,9,False
M797,윤윤서,여성,38,152,45,충남,천안시,석사,지방거점,IT,푸른연구원,10200,33800,월세,True,1100,미혼,0,기타,전문직,중상,함께 거주,True,경기,자매 2명,ESTJ,무교,안 함,비흡연,등산,상의 후 결정,공동관리,야외활동,좋아함,3,1,5,2,3,프리미엄,2025-03-19 16:31:00,지인추천,MG14,61,작성 중,False,0.19,0,2026-05-08,0,0,0,1,4,2,21.2,3,False
M798,황예준,남성,31,173,59,대구,북구,학사,수도권,연구직,온누리메디컬,8800,6100,자가,True,8000,미혼,0,회사원,기타,중,함께 거주,True,광주,자매 2명,INFJ,무교,월 2~4회,비흡연,운동,원함,공동관리,친구모임,상관없음,4,2,5,5,5,베이직,2025-11-26 15:41:00,SNS,MG20,79,작성 중,True,0.8,1,2026-06-25,1,2,1,2,47,21,114.3,11,False
M799,이하준,남성,35,169,62,전남,여수시,박사,인서울,IT,다온솔루션,6000,9500,자가,True,7100,미혼,0,농어업,교직,중,함께 거주,False,경기,형제 2명,ISFP,기독교,월 1회 이하,비흡연,게임,원함,각자관리,야외활동,좋아함,5,1,5,5,4,프리미엄,2026-04-23 17:10:00,검색광고,MG10,68,작성 중,True,0.66,4,2026-06-27,1,1,1,4,37,16,97.1,12,False
M800,김은서,여성,29,160,62,경북,경주시,학사,지방거점,교직,다온솔루션,7600,2000,자가,True,6000,미혼,0,공무원,가사,중하,함께 거주,False,경기,자매 2명,INTJ,무교,안 함,흡연,음악,원하지 않음,각자관리,가족시간,상관없음,5,2,4,5,3,베이직,2024-01-23 12:52:00,지인추천,MG06,78,작성 중,True,0.73,5,2026-06-27,5,0,3,3,68,30,193.2,18,False
M801,정민준,남성,32,168,74,서울,강남구,전문학사,수도권,금융,다온솔루션,8900,6300,전세,True,0,미혼,0,공무원,기타,중,함께 거주,True,서울,외동,ESTP,무교,안 함,비흡연,독서,상의 후 결정,일부공동,문화생활,알레르기 있음,2,5,5,5,3,프리미엄,2025-05-18 16:33:00,검색광고,MG07,61,작성 중,False,0.46,0,2026-05-18,0,1,1,0,4,2,18.8,4,False
M802,박채원,여성,47,156,49,광주,광산구,석사,수도권,금융,나래컨설팅,9300,38100,전세,False,0,재혼,0,농어업,전문직,중,함께 거주,True,대전,형제 2명,INTP,무교,주 1~2회,비흡연,전시,원함,각자관리,문화생활,어려움,3,4,5,1,5,베이직,2025-02-25 12:35:00,제휴,MG17,68,작성 중,False,0.44,2,2026-05-16,2,0,2,2,15,7,71.2,4,False
M803,홍현우,남성,41,183,77,충북,충주시,석사,기타,대기업,한빛테크,9300,27000,전세,False,5300,미혼,0,전문직,가사,중,함께 거주,True,서울,3남매 이상,ISFP,천주교,월 2~4회,비흡연,영화,원하지 않음,각자관리,가족시간,어려움,5,5,5,4,4,프리미엄,2026-05-20 14:03:00,오프라인행사,MG05,70,작성 중,False,0.14,2,2026-04-22,1,0,0,2,2,3,32.9,0,False
M804,강지민,여성,33,160,52,경남,진주시,학사,기타,공기업,나래컨설팅,6200,4500,가족동거,True,7300,미혼,0,전문직,전문직,중,함께 거주,True,제주,1남1녀,ISTJ,무교,월 2~4회,흡연,게임,원함,일부공동,야외활동,어려움,3,5,5,3,5,프리미엄,2024-11-07 09:45:00,검색광고,MG19,97,완료,True,0.99,2,2026-06-18,2,2,2,2,66,23,146.4,15,True
M805,송윤서,여성,44,161,72,충북,충주시,전문학사,수도권,금융,미래공사,10300,24100,전세,True,7100,미혼,0,은퇴,자영업,중상,함께 거주,True,광주,외동,ENFP,무교,월 2~4회,금연 중,여행,원함,공동관리,가족시간,좋아함,1,4,5,5,3,베이직,2024-09-19 09:34:00,SNS,MG04,65,작성 중,False,0.4,2,2026-04-22,1,2,0,2,13,6,77.3,1,False
M806,조우진,남성,33,169,69,서울,강남구,학사,인서울,중견기업,이음파트너스,8800,6900,전세,False,5500,미혼,0,자영업,전문직,하,이혼,True,경기,형제 2명,ENTP,무교,월 1회 이하,비흡연,영화,상의 후 결정,일부공동,친구모임,상관없음,5,2,5,1,4,베이직,2025-10-11 15:44:00,SNS,MG09,99,완료,True,0.24,3,2026-06-22,2,3,4,2,71,37,203.7,4,True
M807,조준서,남성,38,188,78,부산,해운대구,학사,수도권,IT,온누리메디컬,8600,11300,전세,True,2300,미혼,0,회사원,교직,중하,함께 거주,True,경기,형제 2명,ENFJ,천주교,안 함,흡연,골프,원함,상의 후 결정,집에서 휴식,상관없음,2,4,4,5,4,베이직,2025-11-07 11:12:00,SNS,MG20,72,작성 중,True,0.24,1,2026-06-19,4,2,4,3,83,34,211.8,8,True
M808,권지우,여성,33,164,65,경기,성남시,석사,기타,IT,다온솔루션,8200,9500,전세,True,11800,미혼,0,농어업,자영업,중,함께 거주,False,경기,형제 2명,ESFJ,무교,월 1회 이하,비흡연,음악,원하지 않음,각자관리,가족시간,좋아함,3,5,5,4,3,프리미엄,2024-03-27 14:59:00,오프라인행사,MG16,35,미완료,False,0.31,1,2026-04-18,1,2,1,0,18,5,43.4,6,False
M809,안지민,여성,30,159,67,경기,화성시,학사,인서울,IT,한빛테크,7100,12500,월세,False,0,미혼,0,은퇴,전문직,중상,함께 거주,True,서울,자매 2명,ENFJ,무교,안 함,비흡연,음악,원하지 않음,공동관리,문화생활,어려움,5,1,4,2,4,VIP,2025-06-13 17:50:00,검색광고,MG06,92,완료,True,0.79,2,2026-06-29,4,1,2,3,66,27,156.7,13,False
M810,권수아,여성,32,162,71,광주,서구,전문학사,지방거점,의료,온누리메디컬,9600,6900,자가,True,12800,미혼,0,은퇴,회사원,중,함께 거주,True,부산,외동,ISTP,무교,월 2~4회,비흡연,전시,원함,상의 후 결정,야외활동,알레르기 있음,1,1,5,4,4,베이직,2024-03-31 16:49:00,제휴,MG19,83,작성 중,True,0.6,1,2026-06-27,2,5,1,5,92,41,199.5,17,True
M811,오소율,여성,26,163,59,경기,화성시,전문학사,인서울,교직,이음파트너스,5100,2600,전세,True,0,미혼,0,공무원,교직,중,부친 사별,True,부산,외동,INTJ,천주교,안 함,비흡연,러닝,원함,공동관리,야외활동,상관없음,1,1,5,1,4,프리미엄,2025-06-04 19:48:00,SNS,MG19,86,완료,False,0.74,3,2026-04-24,0,1,0,1,7,4,21.9,4,False
M812,조지민,여성,29,166,52,경기,고양시,학사,인서울,중소기업,이음파트너스,5500,3800,전세,True,2100,미혼,0,기타,회사원,중상,함께 거주,False,충남,3남매 이상,ESTP,기독교,월 2~4회,비흡연,러닝,원함,상의 후 결정,집에서 휴식,어려움,1,4,5,3,3,베이직,2025-07-28 13:10:00,오프라인행사,MG13,97,완료,True,0.42,4,2026-06-19,2,1,4,2,75,30,179.5,8,False
M813,조유진,여성,37,158,64,경기,성남시,학사,SKY,중소기업,미래공사,5800,10800,월세,True,2300,미혼,0,기타,공무원,중하,모두 사별,False,서울,자매 2명,ESTP,무교,월 1회 이하,비흡연,등산,원함,상의 후 결정,가족시간,어려움,1,2,4,4,5,베이직,2026-02-07 11:41:00,SNS,MG08,78,작성 중,True,0.64,1,2026-06-23,2,3,1,2,59,26,159.9,14,True
M814,박윤서,여성,31,169,58,경북,경주시,학사,SKY,대기업,푸른연구원,8900,12800,월세,True,9200,미혼,0,농어업,은퇴,중하,이혼,True,서울,외동,ISTJ,천주교,월 2~4회,비흡연,게임,상의 후 결정,공동관리,가족시간,좋아함,2,2,4,1,4,프리미엄,2025-11-24 14:58:00,오프라인행사,MG07,88,완료,True,0.47,2,2026-06-24,3,3,3,3,86,40,230.5,11,False
M815,장소율,여성,39,168,53,경기,화성시,학사,기타,공기업,한빛테크,5200,11200,월세,True,3200,미혼,0,공무원,공무원,중하,함께 거주,False,서울,형제 2명,ESFP,기타,주 1~2회,비흡연,요리,원함,공동관리,가족시간,좋아함,5,3,5,4,2,베이직,2024-01-06 15:34:00,제휴,MG17,100,완료,True,0.91,3,2026-06-26,1,2,2,5,66,31,181.9,15,True
M816,임은서,여성,32,156,52,경기,성남시,전문학사,인서울,대기업,한빛테크,7200,8500,자가,False,11200,미혼,0,전문직,공무원,중,부친 사별,True,서울,3남매 이상,ISTJ,무교,월 1회 이하,비흡연,등산,원함,일부공동,문화생활,어려움,4,2,5,1,2,베이직,2024-06-19 18:51:00,제휴,MG08,96,완료,True,0.73,0,2026-06-29,1,2,3,2,33,19,139,17,False
M817,김건우,남성,25,172,56,서울,마포구,학사,지방거점,중견기업,다온솔루션,5400,500,월세,True,4800,미혼,0,농어업,은퇴,하,함께 거주,False,경기,형제 2명,ENTJ,천주교,주 1~2회,흡연,반려동물,원함,공동관리,가족시간,어려움,2,5,4,2,4,VIP,2024-02-01 20:35:00,지인추천,MG14,75,작성 중,True,0.67,3,2026-06-21,1,2,1,3,53,24,126,4,False
M818,조서연,여성,36,162,54,서울,노원구,전문학사,지방거점,의료,다온솔루션,9300,8200,가족동거,False,900,미혼,0,농어업,자영업,중,부친 사별,True,인천,자매 2명,INFJ,무교,월 1회 이하,비흡연,반려동물,원하지 않음,각자관리,친구모임,알레르기 있음,5,5,5,4,5,프리미엄,2024-03-30 17:22:00,SNS,MG13,71,작성 중,True,0.56,0,2026-06-22,1,2,4,0,42,17,123.5,14,True
M819,신다은,여성,37,162,62,인천,부평구,고졸,지방거점,프리랜서,해봄스튜디오,3600,8600,기타,True,6400,미혼,0,공무원,전문직,중,이혼,False,충남,자매 2명,ENFJ,기독교,월 2~4회,비흡연,음악,원함,공동관리,야외활동,어려움,5,5,5,2,5,베이직,2024-11-24 10:33:00,오프라인행사,MG04,54,미완료,True,0.59,2,2026-06-30,1,2,4,5,57,31,193.8,15,False
M820,최지호,남성,25,178,79,경기,고양시,학사,수도권,공기업,미래공사,7000,3600,자가,False,2900,미혼,0,회사원,은퇴,중상,함께 거주,True,경기,자매 2명,ISTJ,불교,안 함,비흡연,전시,원함,각자관리,친구모임,어려움,3,1,5,2,3,프리미엄,2025-08-03 15:49:00,SNS,MG13,92,완료,False,0.02,0,2026-06-05,1,1,2,0,12,6,53.2,0,False
M821,류서윤,여성,34,170,79,서울,성동구,석사,SKY,대기업,새롬금융,8400,10400,자가,True,6700,미혼,0,전문직,회사원,하,함께 거주,True,서울,1남1녀,ESFJ,기독교,월 2~4회,비흡연,요리,상의 후 결정,각자관리,친구모임,상관없음,5,2,4,3,3,VIP,2025-05-31 18:11:00,오프라인행사,MG04,82,작성 중,True,0.28,1,2026-06-20,1,2,0,1,27,13,77.1,2,False
M822,강예은,여성,25,167,52,서울,강남구,학사,기타,금융,온누리메디컬,8000,2200,가족동거,True,8000,미혼,0,회사원,전문직,중하,함께 거주,True,서울,1남1녀,ENFP,무교,안 함,비흡연,전시,원함,상의 후 결정,문화생활,상관없음,4,3,5,1,4,베이직,2025-05-18 14:40:00,검색광고,MG13,100,완료,True,0.75,4,2026-06-17,2,3,2,2,64,25,160.2,17,True
M823,송지우,여성,28,159,54,경남,창원시,학사,기타,의료,해봄스튜디오,8400,6700,월세,True,4000,미혼,0,농어업,공무원,중하,함께 거주,True,서울,외동,INFJ,무교,안 함,비흡연,여행,원함,상의 후 결정,야외활동,어려움,5,4,5,4,5,베이직,2024-10-15 17:55:00,오프라인행사,MG07,91,완료,True,0.72,1,2026-06-16,4,4,3,5,97,44,244.8,29,True
M824,김현우,남성,35,169,79,강원,강릉시,학사,인서울,중소기업,미래공사,5600,6800,자가,False,2500,미혼,0,공무원,은퇴,중,함께 거주,False,울산,외동,ENTJ,천주교,안 함,비흡연,러닝,원함,각자관리,집에서 휴식,상관없음,3,5,3,3,5,베이직,2024-02-12 17:38:00,SNS,MG08,73,작성 중,True,0.66,4,2026-06-22,4,3,2,3,65,33,168.7,20,True
M825,장지민,여성,42,166,50,경기,안양시,박사,인서울,전문직,다온솔루션,12400,5800,자가,True,3400,미혼,0,자영업,공무원,중하,함께 거주,True,서울,형제 2명,ESFJ,무교,월 1회 이하,비흡연,게임,원함,일부공동,가족시간,좋아함,2,1,5,5,5,VIP,2026-01-02 09:02:00,지인추천,MG06,94,완료,True,0.6,1,2026-06-21,4,2,3,4,83,35,212.8,12,True
M826,한다은,여성,41,158,69,제주,제주시,석사,기타,공무원,미래공사,8300,8800,전세,True,3200,미혼,0,공무원,은퇴,중,함께 거주,True,충남,자매 2명,INTP,무교,주 1~2회,비흡연,게임,상의 후 결정,공동관리,친구모임,좋아함,4,1,5,1,3,VIP,2025-06-07 17:44:00,검색광고,MG09,75,작성 중,True,0.59,2,2026-06-29,2,1,2,3,47,23,139.9,7,True
M827,권도현,남성,35,173,80,경기,용인시,학사,기타,IT,푸른연구원,7800,8500,자가,True,10900,미혼,0,은퇴,은퇴,중,함께 거주,True,경남,자매 2명,INFP,기독교,월 1회 이하,비흡연,음악,원함,각자관리,가족시간,좋아함,1,4,5,1,5,베이직,2024-02-07 17:37:00,오프라인행사,MG03,75,작성 중,True,0.43,6,2026-06-16,1,1,3,5,67,28,160.5,6,False
M828,류서연,여성,28,172,61,충북,충주시,학사,수도권,전문직,해봄스튜디오,8300,5100,가족동거,False,0,미혼,0,기타,공무원,중하,함께 거주,True,울산,형제 2명,ESTP,무교,월 2~4회,비흡연,음악,상의 후 결정,공동관리,집에서 휴식,좋아함,4,1,3,5,5,프리미엄,2026-02-08 13:31:00,제휴,MG04,71,작성 중,False,0.37,0,2026-05-11,0,1,1,2,28,9,70.5,6,False
M829,한서윤,여성,41,152,56,부산,동래구,전문학사,지방거점,중소기업,해봄스튜디오,3700,1700,월세,True,0,재혼,0,자영업,공무원,중,함께 거주,False,울산,3남매 이상,ESFP,무교,안 함,비흡연,등산,원함,각자관리,집에서 휴식,좋아함,2,1,5,5,4,베이직,2024-06-29 13:24:00,제휴,MG09,68,작성 중,True,0.64,1,2026-06-19,4,4,3,0,56,30,156.1,7,False
M830,임도현,남성,33,186,77,서울,성동구,학사,인서울,중견기업,온누리메디컬,8300,15300,월세,True,400,미혼,0,자영업,자영업,중,별거,True,경남,자매 2명,ENTP,무교,안 함,흡연,등산,원함,각자관리,친구모임,좋아함,1,2,4,5,5,베이직,2024-08-12 15:22:00,제휴,MG13,80,작성 중,True,0.51,3,2026-06-27,3,2,3,2,46,27,128.1,6,True
M831,서서연,여성,34,168,60,대구,수성구,학사,인서울,중견기업,미래공사,7400,9500,자가,True,2500,미혼,0,은퇴,회사원,상,함께 거주,True,경기,외동,ISFJ,기독교,월 2~4회,비흡연,러닝,원함,일부공동,가족시간,어려움,4,4,5,2,4,프리미엄,2026-02-13 11:05:00,지인추천,MG02,76,작성 중,True,0.71,3,2026-06-29,3,0,2,3,50,24,125.5,9,True
M832,안서준,남성,25,171,60,전남,순천시,석사,SKY,중소기업,해봄스튜디오,5600,2600,전세,False,1000,미혼,0,자영업,자영업,상,함께 거주,True,경기,3남매 이상,ISFP,무교,주 1~2회,비흡연,러닝,원하지 않음,각자관리,친구모임,상관없음,4,2,4,3,5,베이직,2024-07-29 09:08:00,오프라인행사,MG18,66,작성 중,True,0.67,2,2026-06-16,1,2,2,2,62,21,130.4,13,False
M833,황다은,여성,30,169,54,전남,목포시,석사,기타,자영업,다온솔루션,11000,16200,전세,True,2700,미혼,0,공무원,가사,하,함께 거주,True,충북,자매 2명,ESFP,기독교,월 2~4회,비흡연,음악,원함,일부공동,가족시간,어려움,4,2,5,2,5,프리미엄,2026-04-05 18:33:00,제휴,MG19,73,작성 중,True,0.75,2,2026-06-19,4,1,2,4,60,23,164.4,13,True
M834,강유진,여성,34,163,50,울산,울주군,학사,수도권,전문직,가온교육,10900,2200,자가,False,6600,미혼,0,전문직,회사원,중,함께 거주,True,서울,자매 2명,ESTP,무교,월 1회 이하,비흡연,골프,상의 후 결정,공동관리,문화생활,알레르기 있음,3,3,3,1,3,베이직,2024-02-20 15:15:00,SNS,MG04,96,완료,False,0.18,0,2026-05-18,1,1,0,0,7,4,31.8,0,False
M835,이준서,남성,31,174,78,전남,순천시,학사,지방거점,금융,미래공사,10800,8500,기타,True,4000,미혼,0,기타,교직,상,함께 거주,True,경기,형제 2명,ENFP,무교,월 2~4회,비흡연,반려동물,원함,공동관리,야외활동,좋아함,5,4,5,5,4,베이직,2024-04-01 16:58:00,오프라인행사,MG02,100,완료,True,0.61,3,2026-06-22,3,2,3,3,55,25,161.4,17,True
M836,강우진,남성,31,183,80,충남,아산시,고졸,인서울,공무원,가온교육,4800,3800,자가,True,5900,미혼,0,기타,기타,중상,함께 거주,True,서울,형제 2명,ISFJ,무교,주 1~2회,비흡연,골프,원함,일부공동,문화생활,좋아함,4,3,5,4,2,프리미엄,2024-04-06 17:08:00,오프라인행사,MG03,67,작성 중,True,0.29,2,2026-06-25,2,1,3,3,43,22,123.2,2,False
M837,윤지호,남성,32,173,67,전남,여수시,학사,지방거점,의료,해봄스튜디오,9500,3800,월세,False,0,미혼,0,자영업,자영업,중하,함께 거주,True,광주,형제 2명,ENTJ,무교,월 2~4회,비흡연,독서,원함,일부공동,집에서 휴식,알레르기 있음,1,1,5,1,3,베이직,2025-05-20 09:20:00,SNS,MG11,87,완료,True,0.45,3,2026-06-19,4,2,2,3,89,37,173.1,12,False
M838,권민서,여성,29,158,64,서울,관악구,학사,지방거점,전문직,푸른연구원,11300,9200,월세,True,0,미혼,0,농어업,교직,상,함께 거주,True,인천,자매 2명,INTJ,불교,주 1~2회,비흡연,음악,상의 후 결정,일부공동,친구모임,알레르기 있음,5,4,5,1,5,베이직,2024-08-15 11:16:00,오프라인행사,MG15,100,완료,True,0.63,1,2026-06-30,5,2,1,4,76,36,222.6,14,False
M839,안건우,남성,42,174,65,울산,남구,학사,기타,중견기업,가온교육,8800,4000,전세,False,5100,미혼,0,은퇴,자영업,중상,이혼,True,충남,자매 2명,ESTP,무교,월 2~4회,비흡연,전시,원함,상의 후 결정,문화생활,좋아함,2,3,5,5,3,베이직,2025-11-07 13:12:00,검색광고,MG17,100,완료,True,0.42,3,2026-06-19,2,2,2,5,67,31,206.3,6,False
M840,송민준,남성,30,172,65,서울,마포구,석사,해외대,금융,푸른연구원,10900,500,전세,False,5300,미혼,0,자영업,기타,중하,함께 거주,True,서울,3남매 이상,INTJ,기독교,월 2~4회,비흡연,러닝,원함,일부공동,친구모임,상관없음,1,1,5,3,3,베이직,2024-06-03 12:53:00,검색광고,MG14,64,작성 중,True,0.47,2,2026-06-30,3,1,0,4,30,15,130.9,0,False
M841,강지민,여성,38,168,57,서울,강남구,학사,수도권,의료,가온교육,8200,21800,전세,False,2400,미혼,0,기타,은퇴,중하,함께 거주,True,서울,자매 2명,ESFP,천주교,월 2~4회,비흡연,요리,상의 후 결정,각자관리,집에서 휴식,상관없음,2,2,5,4,5,베이직,2025-05-10 16:05:00,지인추천,MG16,77,작성 중,True,0.56,2,2026-06-21,2,1,2,3,49,20,142.5,5,True
M842,최서연,여성,37,155,55,인천,남동구,학사,인서울,자영업,이음파트너스,6200,2600,전세,True,3500,미혼,0,자영업,가사,중하,부친 사별,True,부산,형제 2명,INFP,무교,월 2~4회,비흡연,전시,원함,일부공동,문화생활,상관없음,1,3,3,3,5,베이직,2025-12-11 11:49:00,SNS,MG15,68,작성 중,True,0.54,5,2026-06-26,3,0,2,2,37,16,104,7,False
M843,권예준,남성,43,178,81,경남,창원시,학사,인서울,IT,미래공사,9300,16800,월세,True,0,미혼,0,회사원,가사,중하,함께 거주,False,서울,1남1녀,INTP,무교,월 2~4회,비흡연,전시,원함,상의 후 결정,친구모임,상관없음,4,3,5,2,4,베이직,2025-01-20 14:25:00,오프라인행사,MG10,69,작성 중,True,0.59,2,2026-06-18,2,2,5,2,61,26,188.3,24,True
M844,권민서,여성,43,170,65,울산,울주군,학사,수도권,대기업,해봄스튜디오,6900,3900,월세,True,0,미혼,0,전문직,회사원,중,함께 거주,True,충남,형제 2명,ENTP,천주교,안 함,흡연,게임,원함,공동관리,친구모임,알레르기 있음,1,5,5,3,2,베이직,2024-04-21 11:21:00,오프라인행사,MG05,64,작성 중,True,0.45,3,2026-06-26,3,1,2,3,52,23,145.6,0,False
M845,조지민,여성,29,159,55,경기,수원시,박사,지방거점,프리랜서,한빛테크,7800,6200,자가,False,5400,미혼,0,농어업,자영업,중,함께 거주,True,강원,3남매 이상,ENTP,천주교,주 1~2회,비흡연,반려동물,상의 후 결정,각자관리,야외활동,어려움,3,3,5,1,4,베이직,2025-09-19 20:18:00,제휴,MG16,84,작성 중,False,0.24,1,2026-06-13,0,1,1,1,19,5,39.7,4,True
M846,안지호,남성,38,169,62,대구,북구,석사,수도권,중견기업,가온교육,7800,10600,가족동거,True,8500,미혼,0,공무원,가사,중,함께 거주,True,경기,3남매 이상,ENTJ,불교,주 1~2회,비흡연,음악,상의 후 결정,상의 후 결정,친구모임,알레르기 있음,2,5,4,1,5,베이직,2025-05-01 17:10:00,검색광고,MG07,61,작성 중,True,0.53,3,2026-06-27,4,1,2,3,41,23,142.6,13,True
M847,송민준,남성,35,173,74,경북,경주시,학사,인서울,중소기업,새롬금융,7900,12700,전세,True,0,미혼,0,농어업,회사원,중하,함께 거주,True,부산,자매 2명,INFJ,기독교,주 1~2회,비흡연,게임,원하지 않음,각자관리,집에서 휴식,어려움,2,2,5,3,5,베이직,2026-02-27 10:13:00,제휴,MG14,94,완료,True,0.61,2,2026-06-25,0,3,3,3,59,29,148.4,5,False
M848,박다은,여성,39,167,58,경기,수원시,석사,인서울,대기업,한빛테크,11100,27900,자가,False,6900,미혼,0,자영업,회사원,중,부친 사별,True,서울,형제 2명,ISFJ,불교,안 함,흡연,영화,원하지 않음,상의 후 결정,집에서 휴식,좋아함,4,5,5,5,4,프리미엄,2025-07-15 17:32:00,제휴,MG09,96,완료,True,0.75,3,2026-06-20,4,2,4,4,99,40,278.8,22,False
M849,임건우,남성,46,174,84,경남,김해시,전문학사,기타,연구직,한빛테크,9600,29600,전세,True,9400,미혼,0,자영업,기타,중,함께 거주,True,서울,3남매 이상,ESFJ,무교,월 2~4회,비흡연,영화,상의 후 결정,공동관리,친구모임,어려움,2,3,4,1,4,베이직,2025-12-21 10:56:00,검색광고,MG01,100,완료,False,0.51,0,2026-05-24,2,3,1,3,14,9,94.5,14,False
M850,황지호,남성,33,170,63,전남,목포시,석사,인서울,중견기업,푸른연구원,8200,9400,자가,True,3200,미혼,0,전문직,회사원,중,함께 거주,True,대전,3남매 이상,INFP,기타,안 함,비흡연,게임,원함,각자관리,야외활동,어려움,4,4,5,1,4,프리미엄,2024-03-25 18:53:00,SNS,MG20,91,완료,True,0.65,5,2026-06-25,5,2,2,3,76,33,208.9,8,True
M851,류예은,여성,31,160,67,서울,영등포구,석사,수도권,공기업,다온솔루션,6700,500,가족동거,True,1400,미혼,0,회사원,공무원,중하,함께 거주,True,서울,외동,ISFJ,불교,월 1회 이하,금연 중,영화,상의 후 결정,공동관리,문화생활,좋아함,2,4,4,4,4,프리미엄,2025-12-12 20:15:00,SNS,MG18,100,완료,True,0.58,3,2026-06-27,3,1,2,2,50,23,98.7,12,True
M852,이서준,남성,39,175,72,경기,화성시,학사,수도권,금융,온누리메디컬,8800,21800,기타,False,2500,미혼,0,농어업,자영업,중하,이혼,True,전북,3남매 이상,ENTP,불교,월 2~4회,흡연,골프,상의 후 결정,각자관리,야외활동,알레르기 있음,5,4,5,4,4,베이직,2026-03-18 19:26:00,오프라인행사,MG07,59,미완료,False,0.32,1,2026-05-29,0,0,0,0,0,0,0,0,False
M853,임정우,남성,34,164,65,세종,도담동,학사,인서울,중소기업,다온솔루션,5500,7800,월세,True,0,미혼,0,농어업,기타,중,함께 거주,False,충북,자매 2명,ESTJ,무교,월 2~4회,금연 중,여행,원함,각자관리,친구모임,어려움,4,1,5,2,4,프리미엄,2025-02-26 14:04:00,SNS,MG09,76,작성 중,True,0.71,4,2026-06-26,4,1,2,5,80,30,196.6,23,True
M854,류예준,남성,37,175,65,광주,광산구,전문학사,수도권,교직,다온솔루션,5300,500,전세,True,0,미혼,0,기타,회사원,중,함께 거주,False,경기,3남매 이상,ISFJ,무교,주 1~2회,비흡연,여행,원하지 않음,상의 후 결정,친구모임,상관없음,5,3,4,3,3,베이직,2024-04-11 12:13:00,오프라인행사,MG12,80,작성 중,True,0.55,3,2026-06-22,4,2,3,2,66,26,174.8,7,False
M855,권준서,남성,43,178,55,경북,경주시,학사,인서울,공기업,이음파트너스,10000,20900,전세,True,9500,미혼,0,농어업,자영업,중하,함께 거주,True,경기,형제 2명,ESFJ,무교,월 1회 이하,비흡연,게임,원하지 않음,상의 후 결정,야외활동,상관없음,1,3,5,5,3,베이직,2026-02-09 18:57:00,오프라인행사,MG03,70,작성 중,False,0.11,1,2026-05-03,0,1,0,1,7,4,14.7,0,False
M856,강윤서,여성,38,161,61,광주,서구,전문학사,수도권,공기업,새롬금융,7800,11900,가족동거,True,1800,미혼,0,기타,회사원,중,함께 거주,True,서울,1남1녀,ISTP,무교,월 2~4회,비흡연,영화,원함,공동관리,친구모임,어려움,2,5,5,1,4,프리미엄,2026-01-30 18:35:00,오프라인행사,MG05,69,작성 중,True,0.39,3,2026-06-19,4,1,4,5,82,32,189.8,13,False
M857,정하준,남성,40,172,68,서울,관악구,학사,인서울,공기업,온누리메디컬,8600,10500,전세,True,6900,미혼,0,회사원,전문직,상,함께 거주,True,경기,형제 2명,ENFP,무교,주 1~2회,비흡연,골프,상의 후 결정,일부공동,문화생활,상관없음,1,5,4,2,5,VIP,2025-09-22 15:32:00,오프라인행사,MG06,86,완료,True,0.89,2,2026-06-20,2,2,3,2,60,24,149.8,2,True
M858,강지훈,남성,33,183,75,인천,연수구,학사,기타,대기업,가온교육,10700,7800,전세,True,8900,미혼,0,은퇴,전문직,중,함께 거주,False,인천,1남1녀,INFP,천주교,월 2~4회,비흡연,게임,원함,각자관리,집에서 휴식,어려움,4,3,5,5,4,베이직,2024-08-07 19:24:00,제휴,MG19,67,작성 중,False,0.16,0,2026-05-07,0,0,1,0,2,2,18.1,0,False
M859,정시우,남성,25,182,80,서울,송파구,석사,기타,공무원,가온교육,6200,3400,월세,True,3700,미혼,0,전문직,자영업,중하,함께 거주,True,서울,3남매 이상,ENTJ,불교,월 2~4회,비흡연,독서,원함,일부공동,야외활동,좋아함,2,3,5,2,3,베이직,2025-09-26 17:58:00,검색광고,MG17,63,작성 중,True,0.39,3,2026-06-26,1,2,1,2,30,13,110.8,2,True
M860,송준서,남성,37,178,90,대전,중구,석사,SKY,중견기업,가온교육,5700,13500,가족동거,True,5100,미혼,0,은퇴,기타,하,함께 거주,False,서울,3남매 이상,ENFJ,무교,안 함,비흡연,등산,원함,일부공동,문화생활,상관없음,3,1,5,3,2,프리미엄,2025-03-07 09:29:00,SNS,MG05,82,작성 중,True,0.48,5,2026-06-29,2,2,4,3,72,30,154.7,10,True
M861,최예준,남성,38,178,64,광주,서구,박사,기타,중견기업,푸른연구원,9800,14900,자가,True,10800,미혼,0,은퇴,자영업,중,함께 거주,True,대구,형제 2명,ESFJ,불교,월 2~4회,비흡연,등산,원하지 않음,공동관리,친구모임,상관없음,3,4,5,4,4,VIP,2025-01-06 20:06:00,오프라인행사,MG20,89,완료,False,0.22,0,2026-04-22,2,0,1,1,7,5,46.3,2,False
M862,정민서,여성,43,166,63,경기,고양시,학사,인서울,금융,나래컨설팅,10500,22200,월세,True,6900,미혼,0,회사원,가사,중,함께 거주,True,대전,형제 2명,ISTJ,무교,월 2~4회,비흡연,영화,원함,각자관리,집에서 휴식,상관없음,5,5,4,5,5,프리미엄,2026-01-02 16:01:00,SNS,MG16,77,작성 중,True,0.74,3,2026-06-21,0,3,3,0,40,16,84.7,15,True
M863,정우진,남성,40,179,72,경북,포항시,학사,기타,의료,나래컨설팅,7100,12700,전세,True,3000,미혼,0,농어업,은퇴,중,이혼,False,경기,3남매 이상,ENTJ,무교,안 함,비흡연,반려동물,원함,상의 후 결정,야외활동,상관없음,5,2,4,3,5,베이직,2025-12-28 17:47:00,오프라인행사,MG20,97,완료,True,0.51,3,2026-06-23,4,3,2,2,86,35,222.9,13,True
M864,한예준,남성,25,178,68,부산,부산진구,석사,인서울,전문직,새롬금융,9500,5700,가족동거,True,0,미혼,0,농어업,회사원,하,모두 사별,True,경기,외동,ISFJ,무교,주 1~2회,흡연,반려동물,상의 후 결정,상의 후 결정,집에서 휴식,상관없음,2,4,5,5,5,프리미엄,2026-01-21 14:48:00,제휴,MG06,87,완료,False,0.19,1,2026-05-11,1,1,0,0,10,3,12.9,2,False
M865,류서윤,여성,33,158,55,서울,송파구,학사,인서울,IT,다온솔루션,8300,12300,자가,True,4300,미혼,0,자영업,공무원,중상,별거,True,경남,외동,ESFP,기독교,주 3회 이상,흡연,여행,원함,상의 후 결정,문화생활,어려움,1,4,4,4,5,베이직,2024-06-27 18:10:00,검색광고,MG02,40,미완료,False,0.36,1,2026-05-01,1,0,0,2,17,5,53.1,2,False
M866,황민준,남성,35,179,72,울산,중구,석사,인서울,IT,나래컨설팅,8300,13100,전세,True,0,미혼,0,공무원,가사,중,별거,True,서울,형제 2명,ESTP,무교,안 함,금연 중,요리,원하지 않음,공동관리,문화생활,어려움,2,2,5,2,4,베이직,2024-07-30 14:30:00,SNS,MG20,78,작성 중,True,0.62,0,2026-06-24,4,3,3,3,80,34,212.2,13,False
M867,오하윤,여성,43,167,77,대구,북구,전문학사,해외대,중소기업,다온솔루션,8000,14100,월세,False,10500,미혼,0,전문직,은퇴,중상,함께 거주,True,인천,외동,ESTP,기독교,월 1회 이하,흡연,운동,상의 후 결정,공동관리,문화생활,어려움,3,2,5,3,5,베이직,2024-02-28 10:13:00,검색광고,MG06,83,작성 중,True,0.78,2,2026-06-20,1,2,4,5,77,29,179.4,21,False
M868,권채원,여성,40,160,60,대구,북구,석사,인서울,공무원,다온솔루션,7300,11400,가족동거,True,3300,미혼,0,공무원,교직,중상,함께 거주,True,강원,자매 2명,ENTP,천주교,월 2~4회,금연 중,골프,원함,공동관리,집에서 휴식,알레르기 있음,4,4,5,4,4,베이직,2026-01-27 20:23:00,검색광고,MG02,97,완료,True,0.7,2,2026-06-16,3,3,2,2,60,29,154.1,11,False
M869,홍지훈,남성,29,185,82,경기,화성시,학사,기타,공기업,미래공사,7000,5000,전세,False,8200,미혼,0,농어업,공무원,중,함께 거주,True,서울,자매 2명,ISTP,불교,월 2~4회,비흡연,반려동물,원하지 않음,공동관리,야외활동,좋아함,4,2,4,3,5,VIP,2024-09-13 13:14:00,오프라인행사,MG04,70,작성 중,False,0.45,5,2026-06-04,0,0,0,1,3,1,8.2,1,False
M870,김예은,여성,31,163,59,충남,공주시,학사,인서울,중소기업,해봄스튜디오,6100,6000,자가,True,4400,미혼,0,전문직,교직,중상,함께 거주,False,서울,1남1녀,ENTP,불교,주 1~2회,비흡연,여행,원함,각자관리,친구모임,좋아함,2,1,5,3,5,프리미엄,2025-05-21 15:02:00,지인추천,MG03,79,작성 중,True,0.53,3,2026-06-17,2,4,5,3,101,44,226.4,14,False
M871,송건우,남성,37,176,74,강원,강릉시,고졸,기타,대기업,해봄스튜디오,9100,11800,전세,True,4900,미혼,0,은퇴,공무원,중,함께 거주,True,인천,외동,ENFP,기독교,주 1~2회,비흡연,게임,원함,공동관리,친구모임,알레르기 있음,1,4,4,4,4,베이직,2026-02-04 16:33:00,검색광고,MG19,95,완료,True,0.19,3,2026-06-26,2,3,2,4,64,33,213.5,4,False
M872,장유진,여성,38,161,62,전북,전주시,학사,SKY,중소기업,새롬금융,6100,5100,자가,True,2800,미혼,0,은퇴,은퇴,중상,이혼,False,충북,3남매 이상,ESTJ,천주교,월 1회 이하,비흡연,등산,원함,일부공동,가족시간,좋아함,3,4,5,3,4,베이직,2024-10-30 13:09:00,지인추천,MG15,77,작성 중,False,0.52,0,2026-05-26,0,1,2,0,8,6,39,4,False
M873,김지아,여성,31,159,49,경기,용인시,석사,기타,대기업,푸른연구원,9000,13100,가족동거,True,5200,미혼,0,공무원,전문직,중하,함께 거주,False,경남,자매 2명,ESFJ,기독교,주 1~2회,흡연,영화,원함,각자관리,가족시간,어려움,1,3,5,4,4,VIP,2024-03-03 16:10:00,검색광고,MG12,81,작성 중,True,0.45,2,2026-06-24,3,2,2,3,60,30,193.6,13,True
M874,한지훈,남성,41,173,65,서울,노원구,학사,SKY,연구직,나래컨설팅,7800,15600,자가,False,7800,미혼,0,회사원,가사,중하,이혼,True,인천,자매 2명,ISFJ,불교,안 함,흡연,영화,원함,공동관리,집에서 휴식,상관없음,4,3,4,4,5,베이직,2025-04-17 16:31:00,제휴,MG18,86,완료,True,0.52,3,2026-06-29,3,2,2,1,68,27,157.8,10,False
M875,정채원,여성,25,155,59,경기,안양시,학사,기타,공기업,온누리메디컬,6300,1000,월세,True,6500,미혼,0,공무원,교직,중,함께 거주,True,서울,외동,INTJ,불교,월 1회 이하,비흡연,영화,상의 후 결정,공동관리,가족시간,어려움,5,3,5,4,5,베이직,2026-02-19 15:49:00,제휴,MG18,75,작성 중,False,0.35,0,2026-04-21,0,2,0,0,13,4,27.1,0,False
M876,송소율,여성,32,158,48,서울,마포구,전문학사,지방거점,금융,푸른연구원,8100,2500,자가,False,7900,미혼,0,기타,공무원,중,함께 거주,True,경기,1남1녀,ESFP,천주교,월 2~4회,비흡연,전시,원함,상의 후 결정,가족시간,어려움,4,5,5,3,4,베이직,2024-07-31 20:24:00,검색광고,MG08,66,작성 중,True,0.71,1,2026-06-22,1,2,1,2,42,20,99.6,5,True
M877,안하준,남성,38,194,86,경기,화성시,고졸,인서울,공무원,다온솔루션,6100,4600,가족동거,False,1800,미혼,0,전문직,공무원,중하,함께 거주,True,충북,외동,ENFP,불교,주 1~2회,비흡연,음악,원함,각자관리,문화생활,상관없음,4,2,3,4,5,프리미엄,2025-12-31 11:54:00,SNS,MG15,79,작성 중,False,0.14,2,2026-05-13,0,1,0,0,1,1,13.6,0,False
M878,신건우,남성,35,174,53,서울,성동구,석사,수도권,공기업,이음파트너스,6300,10700,전세,True,3400,미혼,0,기타,공무원,중,함께 거주,True,부산,1남1녀,INTP,무교,월 2~4회,금연 중,전시,원함,공동관리,문화생활,좋아함,1,3,5,4,4,베이직,2025-10-04 14:37:00,검색광고,MG01,91,완료,True,0.7,2,2026-06-16,0,2,2,3,23,14,94.5,12,True
M879,류지우,여성,43,168,54,서울,마포구,학사,인서울,의료,새롬금융,7800,19600,전세,True,1400,미혼,0,전문직,기타,중상,함께 거주,True,인천,형제 2명,ENTP,무교,월 1회 이하,금연 중,전시,원하지 않음,각자관리,야외활동,좋아함,5,2,5,1,3,베이직,2024-09-07 13:09:00,검색광고,MG09,87,완료,True,0.64,2,2026-06-26,5,2,2,3,54,27,196.9,16,True
M880,류정우,남성,31,186,78,인천,서구,전문학사,해외대,중소기업,푸른연구원,7000,6500,월세,True,0,미혼,0,회사원,공무원,중,이혼,True,서울,형제 2명,ESFJ,무교,월 1회 이하,금연 중,음악,원함,상의 후 결정,야외활동,어려움,5,1,4,3,3,프리미엄,2025-02-05 11:29:00,오프라인행사,MG01,76,작성 중,False,0.02,1,2026-05-23,1,0,0,2,18,5,35.4,0,False
M881,서서윤,여성,48,162,54,서울,송파구,석사,인서울,중견기업,미래공사,11000,39200,자가,True,9600,미혼,0,전문직,교직,상,함께 거주,True,경기,1남1녀,ESFJ,기타,월 1회 이하,비흡연,등산,원함,일부공동,친구모임,상관없음,2,5,5,5,3,VIP,2025-08-21 13:34:00,검색광고,MG19,87,완료,False,0.45,1,2026-04-26,3,1,1,2,16,8,55.7,8,False
M882,조수아,여성,27,167,74,충남,천안시,학사,인서울,연구직,미래공사,6600,3000,가족동거,True,0,미혼,0,공무원,전문직,중,함께 거주,False,경남,1남1녀,ENTJ,기독교,안 함,금연 중,음악,원함,일부공동,집에서 휴식,좋아함,2,5,3,5,5,베이직,2026-01-20 15:39:00,SNS,MG05,86,완료,True,0.36,3,2026-06-20,0,3,5,5,93,43,243,4,False
M883,정민준,남성,26,160,55,충북,충주시,학사,해외대,대기업,나래컨설팅,8100,7000,자가,False,3100,미혼,0,농어업,전문직,중하,함께 거주,True,대구,자매 2명,ENTJ,무교,월 2~4회,흡연,운동,상의 후 결정,일부공동,가족시간,상관없음,5,2,5,5,4,베이직,2026-02-03 17:03:00,제휴,MG07,60,작성 중,False,0.26,5,2026-06-02,0,0,0,1,4,1,11.3,0,False
M884,윤지우,여성,29,162,64,경기,성남시,학사,인서울,중소기업,가온교육,3400,3200,전세,False,3200,미혼,0,자영업,공무원,중상,함께 거주,False,경남,형제 2명,ESFP,무교,월 2~4회,비흡연,운동,원함,각자관리,집에서 휴식,좋아함,5,1,3,2,4,베이직,2026-04-08 12:14:00,제휴,MG06,76,작성 중,False,0.51,0,2026-06-12,1,0,1,2,8,5,37.1,3,False
M885,안지우,여성,42,157,66,대구,수성구,학사,기타,연구직,해봄스튜디오,7500,10500,자가,True,10300,미혼,0,농어업,교직,중상,함께 거주,False,서울,자매 2명,INTJ,기독교,월 2~4회,비흡연,운동,상의 후 결정,각자관리,친구모임,알레르기 있음,5,5,5,2,2,베이직,2024-02-01 12:41:00,지인추천,MG01,92,완료,True,0.8,1,2026-06-22,4,1,3,5,84,35,210.8,22,False
M886,윤다은,여성,27,155,52,제주,제주시,학사,인서울,연구직,온누리메디컬,5000,3700,가족동거,True,10200,미혼,0,기타,기타,상,함께 거주,True,경기,형제 2명,ENFP,불교,주 1~2회,비흡연,여행,원하지 않음,상의 후 결정,집에서 휴식,어려움,3,3,5,4,4,베이직,2025-07-19 18:54:00,검색광고,MG16,90,완료,True,0.9,2,2026-06-24,2,3,4,3,87,36,203.8,23,False
M887,조수아,여성,29,172,53,경기,고양시,학사,지방거점,중견기업,가온교육,8500,4000,가족동거,True,2800,미혼,0,은퇴,기타,중,함께 거주,True,세종,1남1녀,ENFP,기독교,월 1회 이하,흡연,영화,상의 후 결정,공동관리,문화생활,어려움,4,1,4,3,5,프리미엄,2025-10-04 15:28:00,검색광고,MG10,65,작성 중,True,0.5,4,2026-06-26,1,1,1,6,52,21,148.9,8,True
M888,황서윤,여성,38,159,71,광주,광산구,박사,인서울,공기업,푸른연구원,7300,15900,전세,False,0,미혼,0,공무원,기타,하,함께 거주,True,인천,형제 2명,INFP,무교,월 2~4회,비흡연,전시,원하지 않음,일부공동,문화생활,어려움,2,3,5,2,3,베이직,2024-03-05 17:40:00,지인추천,MG04,75,작성 중,True,0.35,1,2026-06-28,4,2,0,3,55,26,140.3,6,True
M889,황건우,남성,34,176,88,경기,수원시,학사,기타,중견기업,한빛테크,5300,9700,가족동거,True,8100,미혼,0,전문직,회사원,중하,부친 사별,False,경기,1남1녀,INTJ,기독교,안 함,비흡연,게임,원함,상의 후 결정,문화생활,어려움,2,1,4,5,3,베이직,2025-09-17 16:38:00,지인추천,MG19,62,작성 중,True,0.78,0,2026-06-22,3,0,5,4,72,31,203.3,27,False
M890,이유진,여성,37,165,73,부산,동래구,학사,수도권,중견기업,미래공사,7600,10500,전세,True,0,미혼,0,공무원,가사,중하,함께 거주,True,서울,자매 2명,INTP,기독교,주 1~2회,비흡연,전시,원함,상의 후 결정,집에서 휴식,좋아함,3,3,3,4,5,베이직,2024-06-14 10:48:00,지인추천,MG05,97,완료,True,0.45,4,2026-06-24,1,3,2,2,49,22,128.3,7,True
M891,최다은,여성,40,171,63,광주,북구,학사,지방거점,IT,새롬금융,8200,12500,전세,True,500,미혼,0,농어업,공무원,하,함께 거주,False,서울,자매 2명,ISTJ,기타,주 1~2회,비흡연,게임,원함,상의 후 결정,친구모임,어려움,2,1,5,2,5,프리미엄,2024-05-23 09:01:00,검색광고,MG04,73,작성 중,True,0.77,2,2026-06-28,3,2,2,0,35,13,94.6,11,False
M892,정도윤,남성,40,171,64,충남,천안시,전문학사,기타,중소기업,미래공사,4500,5700,가족동거,False,1600,미혼,0,전문직,은퇴,중,함께 거주,True,서울,자매 2명,INTJ,무교,월 1회 이하,비흡연,반려동물,원함,각자관리,집에서 휴식,알레르기 있음,3,3,5,5,4,베이직,2025-08-20 09:45:00,오프라인행사,MG03,65,작성 중,False,0.62,2,2026-06-08,0,1,0,3,18,7,31.1,6,False
M893,홍정우,남성,39,173,68,서울,강남구,학사,인서울,중견기업,이음파트너스,5900,16600,전세,True,3700,미혼,0,은퇴,자영업,중,함께 거주,True,서울,3남매 이상,ISFP,무교,안 함,금연 중,러닝,원함,일부공동,가족시간,좋아함,1,1,5,1,2,프리미엄,2024-05-14 14:42:00,제휴,MG11,89,완료,True,0.43,2,2026-06-18,0,1,1,4,43,18,95.8,4,True
M894,윤예은,여성,34,151,56,경기,수원시,학사,지방거점,공무원,다온솔루션,7900,8300,가족동거,True,1500,미혼,0,자영업,회사원,중,모친 사별,True,경기,3남매 이상,ENFP,기독교,주 1~2회,비흡연,영화,원함,상의 후 결정,야외활동,어려움,1,1,5,2,5,프리미엄,2024-02-17 10:46:00,제휴,MG04,69,작성 중,True,0.4,1,2026-06-29,3,1,4,2,46,22,160.3,4,False
M895,송시우,남성,36,173,73,경기,수원시,석사,SKY,중소기업,푸른연구원,6900,5100,월세,True,3100,미혼,0,전문직,가사,중,함께 거주,True,서울,자매 2명,ENFJ,무교,월 2~4회,비흡연,독서,상의 후 결정,일부공동,친구모임,상관없음,1,5,5,3,5,베이직,2024-04-17 15:12:00,오프라인행사,MG13,74,작성 중,True,0.51,3,2026-06-21,1,2,3,0,34,17,95.4,8,True
M896,서지훈,남성,27,169,71,경기,성남시,학사,수도권,연구직,온누리메디컬,8500,3200,가족동거,False,0,미혼,0,은퇴,회사원,상,함께 거주,True,서울,형제 2명,INTJ,무교,안 함,비흡연,전시,원함,각자관리,문화생활,상관없음,3,2,5,2,4,프리미엄,2024-01-16 20:04:00,SNS,MG04,78,작성 중,True,0.39,4,2026-06-16,2,1,2,3,52,24,136,9,True
M897,한하윤,여성,34,163,52,경남,창원시,전문학사,지방거점,중견기업,해봄스튜디오,6100,2100,가족동거,True,2900,미혼,0,자영업,가사,하,함께 거주,True,세종,3남매 이상,INFP,무교,월 2~4회,비흡연,전시,원하지 않음,공동관리,야외활동,어려움,1,1,4,5,4,베이직,2025-04-29 14:30:00,제휴,MG07,76,작성 중,False,0.11,2,2026-05-22,1,0,1,0,2,2,26.9,3,False
M898,최지아,여성,37,158,64,서울,노원구,학사,인서울,공기업,한빛테크,7500,13900,전세,True,3100,미혼,0,회사원,기타,중상,함께 거주,True,인천,외동,ENTP,무교,월 2~4회,비흡연,전시,원함,각자관리,문화생활,좋아함,5,5,5,5,4,프리미엄,2024-04-23 16:17:00,오프라인행사,MG12,80,작성 중,True,0.8,4,2026-06-20,0,1,3,2,31,15,78.9,6,True
M899,윤유진,여성,28,168,64,경북,포항시,석사,인서울,대기업,한빛테크,9300,6400,전세,False,8300,미혼,0,회사원,가사,중,모두 사별,False,경기,자매 2명,ISTP,무교,안 함,비흡연,반려동물,상의 후 결정,상의 후 결정,친구모임,상관없음,1,2,3,2,4,VIP,2024-05-30 11:28:00,제휴,MG16,59,미완료,False,0.33,0,2026-05-10,1,0,1,3,8,5,58.3,5,False
M900,임건우,남성,39,184,82,서울,영등포구,학사,해외대,중소기업,미래공사,5500,10900,전세,True,0,미혼,0,전문직,기타,중하,부친 사별,True,경기,3남매 이상,ENTJ,불교,안 함,비흡연,전시,원함,일부공동,야외활동,상관없음,5,4,5,3,3,베이직,2024-02-13 14:42:00,SNS,MG09,71,작성 중,True,0.37,2,2026-06-29,3,2,2,2,69,25,143.8,2,False
M901,오준서,남성,45,174,68,광주,북구,학사,기타,교직,이음파트너스,5000,12000,전세,False,0,재혼,0,은퇴,공무원,중상,이혼,True,서울,1남1녀,ISFP,불교,월 1회 이하,금연 중,게임,원함,각자관리,문화생활,상관없음,3,3,3,2,3,베이직,2024-04-11 15:08:00,오프라인행사,MG02,58,미완료,True,0.78,1,2026-06-20,2,1,2,3,37,22,138.6,12,True
M902,황지아,여성,36,160,60,서울,영등포구,학사,기타,공기업,미래공사,7200,10400,전세,True,500,미혼,0,공무원,기타,중상,이혼,True,경기,자매 2명,ENTJ,무교,월 1회 이하,흡연,반려동물,원함,일부공동,문화생활,좋아함,5,3,5,5,5,베이직,2026-03-23 10:41:00,SNS,MG09,72,작성 중,False,0.43,0,2026-05-03,0,0,2,0,6,3,34.4,0,False
M903,황서연,여성,40,161,55,강원,강릉시,석사,수도권,교직,가온교육,9000,4400,전세,False,1200,미혼,0,기타,자영업,중상,함께 거주,True,부산,외동,ENTP,기독교,안 함,비흡연,영화,상의 후 결정,각자관리,야외활동,어려움,4,1,5,4,3,베이직,2026-04-20 17:32:00,오프라인행사,MG04,88,완료,True,0.49,3,2026-06-27,2,2,0,5,54,29,187.6,7,False
M904,장하준,남성,42,170,68,대구,수성구,석사,해외대,IT,이음파트너스,10700,6500,전세,True,0,미혼,0,전문직,전문직,하,함께 거주,True,부산,외동,ISTJ,무교,주 1~2회,비흡연,음악,상의 후 결정,일부공동,문화생활,상관없음,1,2,4,3,4,VIP,2025-01-13 18:28:00,SNS,MG04,94,완료,True,0.52,3,2026-06-18,3,3,3,3,66,31,196.1,8,False
M905,류예준,남성,39,170,66,대구,중구,석사,기타,공무원,한빛테크,6600,14700,월세,True,1000,미혼,0,기타,회사원,중,모두 사별,True,서울,자매 2명,ISFP,불교,안 함,비흡연,독서,원함,각자관리,가족시간,어려움,4,5,5,2,4,베이직,2024-03-12 13:51:00,지인추천,MG02,82,작성 중,True,0.59,3,2026-06-16,1,4,0,3,48,21,130.3,13,False
M906,조은서,여성,38,169,55,경기,용인시,고졸,해외대,자영업,온누리메디컬,7300,500,자가,True,5700,미혼,0,기타,자영업,중하,함께 거주,True,제주,외동,ISTP,기독교,안 함,흡연,반려동물,원함,공동관리,가족시간,알레르기 있음,5,3,5,1,5,프리미엄,2025-09-28 13:39:00,오프라인행사,MG17,81,작성 중,False,0.31,1,2026-06-14,0,0,0,0,0,0,0,0,False
M907,신하윤,여성,34,172,74,서울,성동구,고졸,인서울,교직,가온교육,5500,8800,월세,True,1500,미혼,0,자영업,은퇴,중,별거,True,울산,외동,INTJ,기독교,월 2~4회,비흡연,등산,상의 후 결정,각자관리,친구모임,어려움,4,1,5,5,3,프리미엄,2024-03-25 19:45:00,제휴,MG05,93,완료,True,0.51,2,2026-06-24,2,5,0,4,87,37,207.8,11,True
M908,조유진,여성,43,165,57,경남,창원시,학사,기타,중견기업,다온솔루션,10600,20800,전세,False,0,미혼,0,기타,자영업,중,모친 사별,False,경남,형제 2명,INTJ,무교,안 함,비흡연,러닝,원함,공동관리,가족시간,어려움,3,1,5,3,3,프리미엄,2025-02-17 16:55:00,지인추천,MG18,97,완료,False,0.04,1,2026-04-22,1,0,0,0,3,1,15.9,0,False
M909,강지훈,남성,38,175,70,경기,용인시,학사,인서울,금융,나래컨설팅,9300,29100,월세,True,0,미혼,0,전문직,은퇴,중하,함께 거주,False,전남,1남1녀,ISFJ,무교,주 1~2회,비흡연,러닝,상의 후 결정,각자관리,가족시간,상관없음,1,4,5,4,4,베이직,2024-11-16 10:53:00,제휴,MG18,100,완료,True,0.52,5,2026-06-29,2,0,2,4,58,28,133.8,5,False
M910,장유진,여성,39,165,60,경기,화성시,학사,기타,의료,푸른연구원,7900,500,가족동거,True,0,미혼,0,회사원,은퇴,중상,함께 거주,True,경남,형제 2명,ENFP,무교,주 1~2회,비흡연,독서,원함,일부공동,가족시간,알레르기 있음,5,4,4,5,5,베이직,2024-06-14 17:32:00,오프라인행사,MG13,66,작성 중,False,0.33,3,2026-05-02,0,0,0,1,3,1,14.2,0,False
M911,한서준,남성,39,185,67,서울,노원구,학사,수도권,대기업,한빛테크,9800,19000,가족동거,True,0,미혼,0,공무원,기타,중,함께 거주,True,대구,형제 2명,INTP,무교,월 2~4회,비흡연,골프,원함,상의 후 결정,문화생활,알레르기 있음,4,3,3,5,5,프리미엄,2026-01-30 13:56:00,제휴,MG14,72,작성 중,True,0.55,1,2026-06-29,3,1,2,2,64,28,174.8,5,True
M912,강현우,남성,43,176,56,경기,수원시,학사,지방거점,공기업,다온솔루션,5200,9200,전세,True,1900,미혼,0,전문직,전문직,중하,이혼,True,울산,3남매 이상,INFP,무교,월 2~4회,비흡연,러닝,원함,일부공동,문화생활,좋아함,2,2,5,2,4,프리미엄,2024-08-20 16:34:00,검색광고,MG04,85,완료,True,0.69,0,2026-06-25,1,4,2,2,73,31,159.1,13,False
M913,권윤서,여성,35,164,59,서울,마포구,고졸,지방거점,중견기업,다온솔루션,6300,8600,월세,False,5800,미혼,0,은퇴,회사원,중,모두 사별,True,경기,형제 2명,ENTP,무교,안 함,비흡연,등산,원함,각자관리,야외활동,어려움,1,2,5,4,3,프리미엄,2024-10-29 11:23:00,검색광고,MG03,100,완료,True,0.54,4,2026-06-19,4,4,4,3,100,46,276.7,22,True
M914,조도현,남성,36,181,87,세종,조치원읍,석사,수도권,대기업,해봄스튜디오,11800,5500,전세,True,5400,미혼,0,농어업,회사원,중하,함께 거주,True,서울,1남1녀,ESFJ,무교,월 2~4회,비흡연,게임,상의 후 결정,상의 후 결정,가족시간,좋아함,5,3,5,2,4,베이직,2026-03-20 20:48:00,SNS,MG01,81,작성 중,True,0.62,5,2026-06-27,0,1,1,2,20,8,60.8,0,True
M915,강시우,남성,43,167,51,경북,구미시,석사,인서울,자영업,해봄스튜디오,10000,11100,월세,False,0,미혼,0,전문직,가사,중,함께 거주,True,부산,외동,ENFP,무교,주 3회 이상,비흡연,독서,원하지 않음,상의 후 결정,야외활동,좋아함,3,3,5,3,3,베이직,2024-10-02 18:22:00,검색광고,MG03,75,작성 중,True,0.29,2,2026-06-23,1,1,1,2,21,10,74.1,1,False
M916,서예준,남성,25,158,65,세종,조치원읍,학사,인서울,중견기업,이음파트너스,5900,2500,전세,True,9400,미혼,0,농어업,은퇴,하,함께 거주,True,서울,외동,ESFP,무교,월 2~4회,비흡연,영화,원함,각자관리,야외활동,알레르기 있음,2,2,4,2,5,VIP,2025-07-24 09:08:00,오프라인행사,MG20,83,작성 중,True,0.81,6,2026-06-24,2,2,5,3,61,31,181.2,18,True
M917,송다은,여성,39,163,51,서울,관악구,석사,기타,공무원,나래컨설팅,7500,18300,가족동거,True,3000,미혼,0,전문직,전문직,중,함께 거주,False,인천,3남매 이상,ENFP,천주교,주 1~2회,비흡연,음악,상의 후 결정,상의 후 결정,야외활동,어려움,1,5,5,2,4,프리미엄,2025-11-27 10:01:00,오프라인행사,MG07,77,작성 중,True,0.49,1,2026-06-24,1,2,2,2,52,21,137.4,15,False
M918,강은서,여성,34,160,58,경기,용인시,학사,인서울,교직,해봄스튜디오,7200,10500,월세,True,0,미혼,0,자영업,가사,중상,함께 거주,True,대구,형제 2명,ISTP,무교,월 1회 이하,흡연,러닝,원하지 않음,공동관리,야외활동,상관없음,3,5,4,4,3,프리미엄,2024-04-15 15:50:00,SNS,MG04,94,완료,True,0.58,1,2026-06-30,2,2,2,6,84,35,204.2,13,True
M919,강서준,남성,27,176,71,서울,송파구,학사,수도권,중견기업,새롬금융,5200,1800,자가,True,1000,미혼,0,농어업,자영업,중,함께 거주,False,경기,자매 2명,ENTP,무교,안 함,비흡연,영화,원하지 않음,공동관리,집에서 휴식,좋아함,5,5,5,4,4,베이직,2025-12-20 09:15:00,SNS,MG03,90,완료,True,0.31,1,2026-06-26,2,1,1,4,58,28,172.2,1,False
M920,안건우,남성,31,176,67,경남,김해시,전문학사,수도권,IT,해봄스튜디오,9000,11000,가족동거,False,3000,미혼,0,회사원,교직,중하,함께 거주,True,경기,자매 2명,INFP,무교,안 함,비흡연,음악,원함,각자관리,문화생활,어려움,3,2,4,3,4,베이직,2025-12-30 11:51:00,검색광고,MG19,100,완료,True,0.7,4,2026-06-22,2,4,2,1,45,26,156.8,14,False
M921,홍윤서,여성,36,170,75,서울,성동구,학사,수도권,IT,이음파트너스,7000,11900,월세,False,4900,미혼,0,전문직,공무원,중,함께 거주,True,부산,자매 2명,ESTJ,기독교,안 함,비흡연,영화,원함,상의 후 결정,야외활동,좋아함,2,3,4,2,3,VIP,2024-10-26 18:07:00,오프라인행사,MG02,99,완료,True,0.41,3,2026-06-28,3,5,0,7,122,54,261.5,10,False
M922,임지민,여성,44,164,55,전북,전주시,학사,수도권,자영업,푸른연구원,6500,14600,자가,True,8400,미혼,0,농어업,교직,중하,함께 거주,True,경남,1남1녀,ESFP,기독교,주 1~2회,비흡연,반려동물,상의 후 결정,상의 후 결정,집에서 휴식,좋아함,2,5,5,5,2,베이직,2026-02-28 12:22:00,검색광고,MG02,61,작성 중,True,0.43,4,2026-06-23,0,0,1,3,27,10,60.9,3,False
M923,강은서,여성,26,172,57,서울,강남구,학사,기타,IT,온누리메디컬,8200,3200,자가,False,7100,재혼,0,농어업,전문직,중하,모친 사별,True,경기,외동,INFP,불교,월 1회 이하,금연 중,독서,원함,일부공동,집에서 휴식,좋아함,3,4,5,5,5,프리미엄,2025-09-10 13:00:00,제휴,MG02,56,미완료,False,0.61,3,2026-05-18,1,0,0,2,8,3,55.9,8,False
M924,정서연,여성,34,164,69,서울,노원구,학사,인서울,자영업,온누리메디컬,8900,6900,월세,False,6300,미혼,0,공무원,전문직,중,함께 거주,True,세종,형제 2명,ISTP,기독교,월 2~4회,흡연,영화,원함,일부공동,친구모임,알레르기 있음,1,4,5,5,5,베이직,2025-10-29 14:32:00,오프라인행사,MG02,85,완료,True,0.42,4,2026-06-22,1,4,2,1,44,22,160.5,7,False
M925,강우진,남성,40,176,65,경기,안양시,석사,인서울,공무원,푸른연구원,5900,16600,가족동거,True,7400,미혼,0,자영업,공무원,중,함께 거주,True,경남,외동,INFJ,무교,월 1회 이하,비흡연,음악,원함,일부공동,친구모임,상관없음,2,2,5,4,3,베이직,2026-02-02 18:21:00,검색광고,MG08,70,작성 중,True,0.38,3,2026-06-29,0,0,1,1,13,5,22,4,False
M926,황서윤,여성,25,155,53,대구,수성구,학사,수도권,연구직,가온교육,5700,2800,자가,False,9200,미혼,0,농어업,기타,중,모두 사별,False,인천,3남매 이상,ENFJ,기타,안 함,비흡연,반려동물,원함,일부공동,문화생활,어려움,5,5,4,2,5,베이직,2024-11-06 10:35:00,지인추천,MG07,92,완료,True,0.35,3,2026-06-20,3,2,2,1,53,24,137.3,9,False
M927,윤은서,여성,32,157,57,대구,달서구,고졸,기타,전문직,새롬금융,9300,8500,자가,True,13700,미혼,0,농어업,은퇴,중,함께 거주,True,경기,외동,ISFP,불교,안 함,흡연,전시,원함,일부공동,문화생활,알레르기 있음,5,4,4,1,3,베이직,2024-03-30 19:04:00,검색광고,MG05,74,작성 중,True,0.81,3,2026-06-29,2,2,0,3,37,19,105.4,11,True
M928,한준서,남성,36,181,65,광주,광산구,석사,수도권,대기업,다온솔루션,8300,1800,전세,True,3800,미혼,0,자영업,공무원,하,함께 거주,False,서울,자매 2명,ENFP,무교,주 1~2회,비흡연,여행,원함,각자관리,문화생활,좋아함,3,3,5,1,5,프리미엄,2026-05-30 09:46:00,지인추천,MG10,66,작성 중,True,0.77,2,2026-06-30,2,2,1,2,39,15,103.5,8,True
M929,임민재,남성,44,173,64,경기,안양시,학사,수도권,교직,해봄스튜디오,7300,15900,월세,False,6200,미혼,0,기타,은퇴,중상,부친 사별,False,경기,1남1녀,ENTJ,무교,안 함,비흡연,음악,상의 후 결정,각자관리,가족시간,어려움,4,1,4,3,3,베이직,2024-04-01 12:31:00,오프라인행사,MG05,73,작성 중,False,0.52,1,2026-05-16,0,0,0,1,4,1,14,1,False
M930,이은서,여성,39,168,65,서울,영등포구,학사,수도권,연구직,나래컨설팅,9700,16700,월세,False,0,재혼,1,농어업,전문직,중하,함께 거주,False,인천,1남1녀,ISTP,불교,월 1회 이하,비흡연,러닝,원함,일부공동,친구모임,상관없음,3,4,5,2,4,베이직,2025-10-16 17:43:00,오프라인행사,MG16,92,완료,True,0.72,4,2026-06-23,1,1,1,4,47,23,120.3,11,False
M931,홍현우,남성,25,176,64,서울,강남구,전문학사,인서울,중견기업,온누리메디컬,4800,3100,전세,False,5200,미혼,0,농어업,자영업,중,함께 거주,True,경기,1남1녀,ESTJ,기타,월 1회 이하,비흡연,게임,원함,일부공동,집에서 휴식,좋아함,5,5,5,2,5,VIP,2025-07-08 14:53:00,지인추천,MG12,91,완료,True,0.9,5,2026-06-16,2,0,2,1,15,11,79.5,8,True
M932,김서윤,여성,39,156,64,광주,서구,학사,기타,IT,이음파트너스,8700,23900,전세,True,3500,미혼,0,회사원,기타,중상,별거,True,강원,외동,INTP,기독교,월 2~4회,비흡연,게임,원함,각자관리,문화생활,어려움,3,3,4,1,5,프리미엄,2025-11-16 14:15:00,SNS,MG08,86,완료,True,0.61,3,2026-06-30,2,2,4,3,75,34,197.1,15,False
M933,송서윤,여성,37,173,70,부산,수영구,학사,기타,중견기업,나래컨설팅,6100,6100,전세,False,1800,미혼,0,회사원,교직,중상,함께 거주,True,서울,1남1녀,ISTJ,불교,월 2~4회,흡연,등산,원함,공동관리,친구모임,좋아함,3,2,5,4,4,베이직,2025-09-17 13:51:00,지인추천,MG06,89,완료,False,0.24,1,2026-05-21,0,1,0,1,11,2,15.8,0,False
M934,권하윤,여성,35,156,62,경남,창원시,학사,SKY,전문직,한빛테크,12300,16000,자가,True,7100,미혼,0,은퇴,자영업,중상,부친 사별,True,경북,1남1녀,ISFJ,기독교,월 1회 이하,비흡연,음악,원함,일부공동,친구모임,어려움,2,1,5,1,5,프리미엄,2024-05-14 18:21:00,지인추천,MG01,93,완료,True,0.79,4,2026-06-21,3,5,3,2,108,48,255.1,23,False
M935,오하윤,여성,40,160,54,전남,목포시,학사,수도권,의료,온누리메디컬,8600,4200,월세,False,0,미혼,0,회사원,회사원,중상,함께 거주,True,경기,자매 2명,ESFP,무교,주 1~2회,비흡연,여행,상의 후 결정,일부공동,집에서 휴식,어려움,2,2,5,5,5,베이직,2024-02-19 12:24:00,SNS,MG05,69,작성 중,True,0.64,3,2026-06-17,4,2,0,2,51,20,132.6,12,False
M936,최지민,여성,28,165,59,광주,서구,학사,수도권,중소기업,해봄스튜디오,6400,5400,전세,True,500,미혼,0,은퇴,기타,중상,함께 거주,True,전남,외동,INTP,불교,월 1회 이하,비흡연,반려동물,원함,각자관리,친구모임,상관없음,4,5,5,2,4,베이직,2024-11-23 19:47:00,검색광고,MG08,99,완료,True,0.65,2,2026-06-23,1,3,4,3,95,37,209.1,17,True
M937,정은서,여성,31,170,68,경기,수원시,박사,기타,중소기업,가온교육,9700,22500,월세,True,2500,미혼,0,전문직,은퇴,중,부친 사별,True,전북,형제 2명,ESTP,무교,월 2~4회,비흡연,영화,상의 후 결정,일부공동,가족시간,상관없음,4,2,4,2,5,프리미엄,2025-07-02 14:58:00,제휴,MG19,60,작성 중,False,0.11,1,2026-05-19,1,0,0,1,3,2,7.9,0,False
M938,송예은,여성,41,163,59,경기,안양시,석사,수도권,대기업,가온교육,10200,6700,자가,False,14700,재혼,0,회사원,공무원,중상,부친 사별,False,전남,자매 2명,ISTP,무교,월 1회 이하,비흡연,게임,원함,상의 후 결정,가족시간,상관없음,5,4,5,5,4,프리미엄,2024-06-14 20:42:00,SNS,MG01,84,작성 중,True,0.92,3,2026-06-19,4,4,6,4,133,52,328.7,29,True
M939,한지훈,남성,34,162,61,세종,도담동,전문학사,수도권,전문직,다온솔루션,9000,16900,전세,False,0,미혼,0,자영업,회사원,중상,함께 거주,False,대구,3남매 이상,ESTP,천주교,월 2~4회,금연 중,운동,원함,상의 후 결정,가족시간,좋아함,4,2,5,4,5,프리미엄,2025-02-27 20:25:00,검색광고,MG18,81,작성 중,True,0.74,1,2026-06-22,1,1,4,1,34,19,144.5,15,False
M940,최윤서,여성,29,176,57,충북,제천시,전문학사,인서울,의료,가온교육,8100,12300,월세,False,2900,미혼,0,전문직,교직,하,함께 거주,True,광주,자매 2명,INFJ,천주교,월 2~4회,흡연,등산,상의 후 결정,공동관리,친구모임,상관없음,3,5,5,4,3,프리미엄,2026-01-30 17:06:00,지인추천,MG19,95,완료,True,0.63,4,2026-06-16,1,2,3,5,61,29,170.9,22,True
M941,강수아,여성,35,162,59,부산,동래구,석사,인서울,자영업,해봄스튜디오,9600,13400,전세,True,1500,미혼,0,농어업,전문직,중상,모두 사별,True,대구,3남매 이상,ISFJ,무교,안 함,흡연,요리,상의 후 결정,공동관리,문화생활,좋아함,1,3,4,1,4,베이직,2026-04-06 10:44:00,오프라인행사,MG16,86,완료,False,0.02,0,2026-05-22,0,0,0,2,8,2,28.2,0,False
M942,서지민,여성,37,167,78,부산,동래구,학사,기타,중소기업,새롬금융,5700,10700,전세,True,800,미혼,0,은퇴,은퇴,중상,함께 거주,True,전북,자매 2명,ENFJ,무교,월 2~4회,비흡연,운동,원함,공동관리,문화생활,상관없음,4,4,4,3,5,VIP,2024-05-30 16:35:00,검색광고,MG17,35,미완료,False,0.14,0,2026-05-05,0,0,1,1,16,5,24.4,0,False
M943,조민준,남성,25,178,70,서울,송파구,학사,SKY,공기업,나래컨설팅,7400,1300,자가,False,4600,미혼,0,회사원,가사,중,함께 거주,True,경기,1남1녀,INFP,무교,월 2~4회,비흡연,등산,상의 후 결정,상의 후 결정,가족시간,알레르기 있음,3,3,4,4,3,프리미엄,2026-04-26 19:24:00,오프라인행사,MG07,91,완료,True,0.88,6,2026-06-16,2,3,3,2,62,29,155.2,16,False
M944,장도윤,남성,49,189,69,서울,관악구,석사,수도권,연구직,이음파트너스,10400,59200,전세,True,600,미혼,0,회사원,은퇴,중,함께 거주,True,경남,형제 2명,ESFJ,무교,월 2~4회,비흡연,영화,원함,각자관리,야외활동,좋아함,1,4,3,1,4,프리미엄,2024-12-21 20:55:00,제휴,MG05,98,완료,True,0.75,2,2026-06-29,2,4,0,1,42,19,105.4,15,True
M945,한지우,여성,36,159,48,경기,고양시,박사,해외대,중견기업,이음파트너스,10700,16800,전세,True,4600,미혼,0,기타,전문직,중하,함께 거주,True,경기,3남매 이상,ESTJ,기독교,안 함,흡연,음악,원함,공동관리,문화생활,알레르기 있음,4,4,4,5,4,베이직,2024-08-23 20:09:00,지인추천,MG13,92,완료,True,0.49,0,2026-06-27,2,4,1,3,60,28,177.8,13,False
M946,홍소율,여성,46,155,43,대구,북구,학사,수도권,대기업,미래공사,10500,25500,자가,True,7200,미혼,0,기타,은퇴,중,함께 거주,True,제주,형제 2명,ENFJ,기독교,월 2~4회,금연 중,러닝,원함,공동관리,친구모임,상관없음,2,3,5,5,5,베이직,2024-01-31 18:52:00,오프라인행사,MG07,91,완료,True,0.73,1,2026-06-20,2,3,4,3,74,38,250.4,15,True
M947,신유진,여성,36,163,60,경기,화성시,전문학사,수도권,공무원,한빛테크,8000,13400,자가,False,3600,미혼,0,전문직,자영업,하,함께 거주,True,서울,1남1녀,INFP,천주교,월 1회 이하,비흡연,요리,원함,공동관리,집에서 휴식,어려움,4,5,4,1,4,프리미엄,2024-01-18 09:05:00,검색광고,MG18,81,작성 중,False,0.26,2,2026-05-20,1,1,1,1,11,6,49.2,0,True
M948,최다은,여성,28,167,69,대구,수성구,학사,SKY,중견기업,해봄스튜디오,6600,2100,가족동거,True,7200,미혼,0,자영업,가사,중,함께 거주,True,부산,자매 2명,ESTJ,천주교,월 1회 이하,비흡연,운동,원하지 않음,각자관리,집에서 휴식,상관없음,4,1,5,1,4,베이직,2025-02-16 16:32:00,SNS,MG07,91,완료,False,0.34,0,2026-05-26,0,0,0,1,3,1,5.6,0,False
M949,최정우,남성,44,177,65,서울,송파구,학사,수도권,중소기업,미래공사,8100,16700,전세,False,1300,미혼,0,공무원,회사원,중하,별거,True,인천,외동,INFJ,천주교,월 2~4회,비흡연,요리,원함,상의 후 결정,집에서 휴식,알레르기 있음,1,4,3,4,4,베이직,2025-05-27 12:22:00,제휴,MG10,73,작성 중,True,0.63,4,2026-06-18,1,2,1,1,24,11,83.6,6,False
M950,홍유진,여성,44,165,66,경기,수원시,학사,기타,중견기업,다온솔루션,8400,13200,자가,True,7200,재혼,2,공무원,공무원,중,함께 거주,False,서울,외동,INTP,기타,월 1회 이하,비흡연,음악,상의 후 결정,공동관리,문화생활,알레르기 있음,3,4,5,5,4,베이직,2025-01-14 18:51:00,제휴,MG10,67,작성 중,False,0.17,2,2026-06-10,0,1,2,2,21,8,83.4,4,True
M951,정서윤,여성,27,163,46,서울,송파구,석사,수도권,중견기업,나래컨설팅,5100,4200,가족동거,False,600,미혼,0,농어업,회사원,중하,함께 거주,True,울산,형제 2명,ENFP,무교,월 2~4회,비흡연,전시,원함,각자관리,친구모임,상관없음,4,1,5,3,4,베이직,2025-03-21 09:49:00,SNS,MG12,99,완료,True,0.79,3,2026-06-29,1,1,3,3,67,29,150.4,10,True
M952,이지우,여성,44,166,57,경기,안양시,학사,기타,공무원,다온솔루션,5800,12800,전세,True,6300,미혼,0,공무원,교직,중,함께 거주,True,경기,형제 2명,ESFP,무교,월 2~4회,비흡연,영화,원함,각자관리,집에서 휴식,상관없음,1,5,5,1,3,베이직,2025-12-14 14:14:00,SNS,MG18,63,작성 중,True,0.49,4,2026-06-21,1,1,2,3,20,15,109.4,13,True
M953,류지훈,남성,41,172,71,대구,중구,석사,인서울,중소기업,이음파트너스,7800,18700,전세,False,0,미혼,0,전문직,가사,중하,함께 거주,True,강원,형제 2명,INFJ,무교,주 1~2회,비흡연,게임,원함,일부공동,문화생활,상관없음,2,1,5,3,4,프리미엄,2026-04-04 13:08:00,지인추천,MG01,100,완료,True,0.61,4,2026-06-28,1,3,2,3,74,30,186.1,10,False
M954,한정우,남성,39,166,71,서울,송파구,학사,수도권,전문직,다온솔루션,11200,9200,가족동거,True,800,미혼,0,회사원,자영업,중하,함께 거주,True,경북,자매 2명,INFP,무교,안 함,비흡연,골프,원함,각자관리,집에서 휴식,알레르기 있음,4,5,3,2,4,베이직,2024-11-15 13:17:00,제휴,MG06,61,작성 중,False,0.02,1,2026-05-21,0,0,0,0,0,0,0,0,False
M955,이소율,여성,36,163,64,대구,중구,박사,인서울,교직,이음파트너스,7700,14700,월세,True,0,미혼,0,회사원,은퇴,중상,함께 거주,True,충남,1남1녀,INFP,천주교,월 1회 이하,흡연,요리,상의 후 결정,공동관리,문화생활,상관없음,5,3,5,3,4,프리미엄,2024-01-02 15:14:00,오프라인행사,MG13,77,작성 중,True,0.78,4,2026-06-23,1,2,3,4,39,18,144.4,17,True
M956,서다은,여성,40,170,69,경기,성남시,석사,지방거점,자영업,미래공사,8900,6500,전세,False,2000,미혼,0,은퇴,기타,중,함께 거주,True,충남,형제 2명,INTP,기독교,주 1~2회,비흡연,등산,원하지 않음,각자관리,가족시간,알레르기 있음,5,3,5,1,2,프리미엄,2025-05-18 14:47:00,지인추천,MG16,96,완료,True,0.68,2,2026-06-29,5,2,3,3,72,33,238.7,18,True
M957,박지훈,남성,34,171,75,경남,창원시,학사,기타,의료,다온솔루션,9100,6700,가족동거,True,0,미혼,0,자영업,전문직,중하,모친 사별,True,경남,3남매 이상,ESTP,기독교,주 1~2회,비흡연,운동,원함,공동관리,문화생활,좋아함,3,5,5,3,4,베이직,2024-12-01 12:35:00,SNS,MG20,65,작성 중,True,0.45,4,2026-06-19,5,3,1,3,59,26,216.1,15,False
M958,장도현,남성,40,161,57,경북,경주시,학사,인서울,중견기업,다온솔루션,7200,11500,전세,True,2400,미혼,0,기타,기타,중상,함께 거주,True,서울,형제 2명,ENTJ,불교,월 2~4회,비흡연,음악,상의 후 결정,상의 후 결정,집에서 휴식,상관없음,3,4,5,1,3,베이직,2025-10-22 13:02:00,오프라인행사,MG04,69,작성 중,False,0.42,2,2026-04-25,0,1,0,1,5,3,21.7,0,False
M959,정다은,여성,25,157,63,서울,성동구,학사,인서울,금융,해봄스튜디오,8800,5000,전세,True,4900,미혼,0,전문직,기타,중,함께 거주,False,서울,3남매 이상,ENTP,무교,월 2~4회,금연 중,영화,상의 후 결정,일부공동,친구모임,좋아함,4,2,5,3,5,프리미엄,2024-04-29 19:16:00,검색광고,MG16,74,작성 중,True,0.3,3,2026-06-16,3,3,2,4,54,23,193.1,10,True
M960,류예은,여성,38,158,50,경기,수원시,석사,기타,중견기업,한빛테크,7900,3800,전세,False,3700,미혼,0,농어업,공무원,중하,함께 거주,True,경기,외동,ESTP,천주교,월 2~4회,비흡연,게임,원함,각자관리,문화생활,상관없음,2,3,5,2,4,베이직,2024-04-23 14:12:00,검색광고,MG07,66,작성 중,False,0.06,4,2026-04-28,0,0,0,1,3,1,13.7,0,False
M961,홍도현,남성,36,177,66,서울,노원구,석사,수도권,중소기업,온누리메디컬,8200,18900,자가,True,8300,미혼,0,기타,회사원,중하,함께 거주,True,대전,1남1녀,ESFP,무교,월 1회 이하,흡연,게임,상의 후 결정,각자관리,문화생활,어려움,1,3,4,2,4,베이직,2024-11-28 15:47:00,지인추천,MG18,82,작성 중,True,0.78,1,2026-06-27,2,0,1,1,30,12,58.6,4,True
M962,박민서,여성,46,157,49,서울,강남구,학사,인서울,프리랜서,이음파트너스,8500,11200,자가,False,0,재혼,0,은퇴,전문직,중,함께 거주,False,인천,자매 2명,ESTP,천주교,월 2~4회,비흡연,골프,원하지 않음,일부공동,친구모임,어려움,4,2,5,1,5,VIP,2025-10-20 10:17:00,지인추천,MG04,78,작성 중,False,0.46,2,2026-05-14,0,1,0,0,7,3,24.1,0,False
M963,안하윤,여성,33,168,72,제주,서귀포시,학사,지방거점,중소기업,푸른연구원,7600,6500,전세,False,1200,미혼,0,자영업,공무원,중하,모친 사별,False,인천,외동,INTP,천주교,월 1회 이하,비흡연,영화,상의 후 결정,일부공동,친구모임,어려움,3,5,5,3,4,VIP,2025-04-26 09:25:00,지인추천,MG09,99,완료,True,0.78,1,2026-06-18,3,3,1,1,50,22,148.2,13,True
M964,김하준,남성,37,171,76,서울,성동구,학사,기타,의료,가온교육,8100,10000,월세,True,6000,미혼,0,전문직,은퇴,중,함께 거주,True,서울,1남1녀,INFP,기독교,안 함,흡연,여행,원하지 않음,일부공동,집에서 휴식,어려움,4,3,4,2,5,베이직,2025-04-13 19:03:00,검색광고,MG20,91,완료,True,0.63,0,2026-06-27,1,4,2,4,64,32,196.5,18,True
M965,이도현,남성,36,177,79,서울,강남구,전문학사,수도권,교직,온누리메디컬,5400,7700,가족동거,True,3100,미혼,0,회사원,기타,중상,함께 거주,True,경기,자매 2명,ISFJ,불교,안 함,비흡연,게임,원함,공동관리,문화생활,상관없음,2,4,5,4,5,베이직,2026-04-16 15:06:00,검색광고,MG18,94,완료,True,0.61,2,2026-06-20,1,2,3,3,54,28,170.9,10,True
M966,윤지호,남성,38,178,65,경기,안양시,학사,수도권,연구직,푸른연구원,6700,12400,자가,True,8600,미혼,0,전문직,전문직,중하,함께 거주,True,전남,1남1녀,ISFP,불교,안 함,비흡연,등산,원함,공동관리,문화생활,상관없음,1,1,4,1,4,베이직,2024-12-27 09:31:00,SNS,MG11,100,완료,True,0.56,1,2026-06-21,5,3,3,4,89,46,279.9,19,True
M967,권준서,남성,38,178,68,전북,군산시,석사,인서울,대기업,나래컨설팅,11100,10800,기타,True,6800,미혼,0,은퇴,은퇴,중,함께 거주,False,부산,자매 2명,ESTP,무교,월 2~4회,흡연,등산,원함,공동관리,친구모임,어려움,1,2,3,3,2,베이직,2024-06-05 09:26:00,제휴,MG10,89,완료,True,0.4,4,2026-06-25,1,2,2,3,44,22,153.7,7,True
M968,황지민,여성,38,162,60,서울,노원구,석사,지방거점,중소기업,온누리메디컬,9000,13800,가족동거,False,3600,미혼,0,농어업,은퇴,중,함께 거주,False,서울,1남1녀,ENTP,무교,월 2~4회,비흡연,요리,상의 후 결정,각자관리,야외활동,좋아함,2,3,3,5,5,베이직,2026-05-19 18:16:00,검색광고,MG10,100,완료,True,0.54,4,2026-06-25,5,3,2,2,90,37,220,20,True
M969,류서준,남성,38,174,70,인천,연수구,박사,인서울,IT,해봄스튜디오,9100,4600,가족동거,True,4000,미혼,0,자영업,교직,중상,부친 사별,True,서울,1남1녀,ESFJ,무교,월 1회 이하,비흡연,음악,상의 후 결정,공동관리,문화생활,좋아함,3,5,5,5,5,프리미엄,2024-12-12 19:33:00,지인추천,MG03,64,작성 중,True,0.59,3,2026-06-19,2,4,3,1,55,23,150.1,14,False
M970,강도윤,남성,37,169,52,경기,성남시,석사,해외대,공기업,온누리메디컬,9100,16300,가족동거,False,6100,미혼,0,공무원,은퇴,중,함께 거주,True,경남,자매 2명,ESTJ,무교,월 2~4회,비흡연,여행,원함,각자관리,가족시간,알레르기 있음,4,5,5,1,3,프리미엄,2024-12-15 20:05:00,SNS,MG20,93,완료,True,0.95,5,2026-06-23,3,5,2,3,79,39,224.5,22,True
M971,정지우,여성,37,158,50,부산,수영구,학사,수도권,중소기업,다온솔루션,4600,6900,월세,False,0,미혼,0,공무원,교직,중상,함께 거주,True,서울,외동,INFP,기독교,주 1~2회,금연 중,운동,상의 후 결정,각자관리,친구모임,상관없음,3,3,5,4,5,프리미엄,2024-07-11 16:34:00,오프라인행사,MG08,100,완료,True,0.4,5,2026-06-29,3,2,2,5,83,37,203.8,6,False
M972,장정우,남성,34,192,70,광주,서구,학사,지방거점,대기업,온누리메디컬,9300,10000,가족동거,True,9100,미혼,0,자영업,기타,중하,함께 거주,True,경남,형제 2명,ISTP,불교,월 2~4회,비흡연,운동,원함,일부공동,친구모임,좋아함,3,4,4,3,3,VIP,2025-10-28 11:37:00,제휴,MG06,73,작성 중,True,0.62,1,2026-06-19,4,2,1,1,36,18,117.9,15,True
M973,한예은,여성,42,153,55,경기,고양시,학사,인서울,대기업,온누리메디컬,11600,19500,월세,True,3500,재혼,1,기타,기타,중하,함께 거주,False,서울,형제 2명,ISFP,무교,안 함,금연 중,독서,원함,각자관리,야외활동,알레르기 있음,5,2,3,3,4,프리미엄,2025-05-02 18:32:00,제휴,MG04,76,작성 중,False,0.23,0,2026-06-08,1,1,1,0,7,3,16.7,0,False
M974,오서윤,여성,39,156,68,인천,부평구,석사,지방거점,자영업,한빛테크,6700,14700,전세,False,2900,미혼,0,농어업,교직,상,함께 거주,True,서울,1남1녀,ISFP,무교,월 2~4회,비흡연,등산,원함,각자관리,문화생활,상관없음,3,3,5,1,4,VIP,2025-10-07 09:57:00,지인추천,MG16,70,작성 중,True,0.34,4,2026-06-17,0,2,3,5,78,31,212.9,3,True
M975,임서연,여성,35,158,53,대전,서구,학사,기타,연구직,가온교육,9500,17300,자가,True,1600,재혼,2,기타,자영업,중,함께 거주,True,부산,1남1녀,ENFP,기독교,월 1회 이하,비흡연,골프,원하지 않음,일부공동,집에서 휴식,상관없음,2,3,4,3,4,베이직,2024-01-12 17:12:00,SNS,MG02,72,작성 중,False,0.51,0,2026-06-05,0,0,1,1,6,3,27.5,0,False
M976,황준서,남성,38,163,55,울산,남구,전문학사,수도권,자영업,푸른연구원,9700,12100,월세,False,1300,미혼,0,전문직,은퇴,중,함께 거주,False,서울,외동,ESFP,무교,주 1~2회,비흡연,러닝,원함,일부공동,친구모임,상관없음,3,4,4,3,2,베이직,2026-02-15 10:37:00,검색광고,MG14,75,작성 중,True,0.35,2,2026-06-22,1,2,2,3,51,22,145.3,3,False
M977,윤다은,여성,36,157,58,경기,안양시,전문학사,지방거점,대기업,다온솔루션,8900,22800,자가,False,9300,미혼,0,농어업,교직,중상,함께 거주,True,인천,3남매 이상,ENTJ,무교,월 1회 이하,흡연,요리,원하지 않음,일부공동,문화생활,상관없음,2,3,4,5,3,베이직,2024-09-27 09:28:00,SNS,MG12,85,완료,True,0.55,2,2026-06-17,2,3,0,2,35,17,96,5,True
M978,박지훈,남성,35,178,73,경기,성남시,석사,수도권,중견기업,이음파트너스,7100,3800,자가,True,3700,미혼,0,자영업,공무원,상,함께 거주,True,전남,형제 2명,ENFP,무교,주 1~2회,비흡연,반려동물,원함,공동관리,야외활동,좋아함,5,1,4,2,4,베이직,2025-04-14 12:11:00,검색광고,MG15,63,작성 중,True,0.71,3,2026-06-18,1,3,2,1,35,16,113.6,6,False
M979,신지호,남성,43,172,68,서울,마포구,학사,기타,중소기업,미래공사,6600,2600,자가,False,8300,미혼,0,자영업,자영업,중상,함께 거주,True,경기,3남매 이상,INTJ,천주교,안 함,비흡연,여행,원함,상의 후 결정,집에서 휴식,어려움,4,5,5,5,3,베이직,2025-03-19 16:24:00,제휴,MG07,86,완료,True,0.54,3,2026-06-26,4,2,4,1,57,24,143.3,9,False
M980,권은서,여성,32,156,49,대전,유성구,학사,기타,중소기업,푸른연구원,6200,6800,전세,False,9900,미혼,0,전문직,기타,하,함께 거주,True,경북,외동,ISFJ,기독교,주 1~2회,비흡연,여행,상의 후 결정,일부공동,야외활동,알레르기 있음,5,4,4,4,2,베이직,2026-03-28 09:33:00,제휴,MG09,55,미완료,True,0.9,1,2026-06-29,1,0,1,1,17,7,52.6,2,True
M981,권현우,남성,37,168,51,서울,영등포구,학사,인서울,중견기업,미래공사,5400,7100,자가,False,4500,미혼,0,공무원,은퇴,중하,함께 거주,True,충남,외동,ENTP,불교,주 1~2회,흡연,운동,상의 후 결정,공동관리,문화생활,알레르기 있음,1,2,5,1,4,베이직,2024-01-22 11:48:00,검색광고,MG06,75,작성 중,True,0.79,2,2026-06-28,2,1,2,3,33,17,104.7,14,False
M982,오예준,남성,44,174,77,부산,수영구,학사,인서울,연구직,가온교육,8200,10600,전세,False,3400,미혼,0,회사원,공무원,중상,부친 사별,True,경기,형제 2명,INTP,천주교,월 2~4회,비흡연,운동,원함,상의 후 결정,가족시간,상관없음,3,1,4,4,5,베이직,2025-05-21 15:28:00,SNS,MG06,67,작성 중,True,0.82,3,2026-06-16,1,1,0,3,14,8,73.2,7,False
M983,신소율,여성,38,157,66,서울,강남구,전문학사,인서울,공기업,미래공사,6900,11900,전세,True,0,미혼,0,자영업,은퇴,중상,함께 거주,True,서울,자매 2명,ENFJ,천주교,월 1회 이하,비흡연,독서,원함,일부공동,친구모임,알레르기 있음,2,5,5,1,4,프리미엄,2024-11-27 11:00:00,제휴,MG13,66,작성 중,False,0.45,0,2026-06-09,0,1,1,0,5,3,27.6,0,False
M984,윤시우,남성,32,171,64,서울,송파구,전문학사,SKY,프리랜서,푸른연구원,4300,3500,자가,True,4600,미혼,0,공무원,기타,중,이혼,True,경기,외동,INFJ,무교,월 2~4회,금연 중,러닝,원함,각자관리,친구모임,어려움,3,5,5,4,5,프리미엄,2025-10-10 19:47:00,오프라인행사,MG01,90,완료,True,0.71,3,2026-06-17,2,2,1,3,50,22,146.3,13,False
M985,권서연,여성,31,162,53,서울,강남구,학사,인서울,교직,미래공사,7300,10000,월세,True,0,미혼,0,회사원,기타,중,함께 거주,True,서울,1남1녀,ISFJ,불교,주 1~2회,흡연,등산,상의 후 결정,공동관리,친구모임,상관없음,2,3,5,5,5,VIP,2024-12-09 16:35:00,제휴,MG17,65,작성 중,True,0.53,3,2026-06-19,2,2,2,2,43,20,133.4,22,True
M986,권도윤,남성,36,172,70,서울,마포구,학사,인서울,대기업,푸른연구원,8100,15300,자가,False,9200,미혼,0,전문직,은퇴,중,함께 거주,True,서울,형제 2명,ESTJ,기독교,주 1~2회,비흡연,러닝,원함,각자관리,친구모임,상관없음,3,4,3,5,3,프리미엄,2025-08-28 15:14:00,지인추천,MG02,78,작성 중,True,0.35,3,2026-06-17,3,1,2,4,66,28,198,14,True
M987,송윤서,여성,29,166,67,제주,서귀포시,학사,인서울,IT,한빛테크,8300,4300,전세,True,7400,미혼,0,자영업,공무원,중,모두 사별,True,서울,자매 2명,ISFP,무교,월 2~4회,비흡연,골프,원함,공동관리,야외활동,좋아함,1,4,4,3,5,베이직,2024-05-04 13:34:00,SNS,MG06,92,완료,True,0.71,4,2026-06-18,2,2,1,2,57,24,137,7,True
M988,류하준,남성,33,181,80,충북,충주시,학사,지방거점,전문직,미래공사,10300,12700,전세,True,4200,미혼,0,공무원,은퇴,중상,함께 거주,True,대전,1남1녀,INFP,무교,월 2~4회,비흡연,등산,상의 후 결정,각자관리,친구모임,좋아함,4,5,5,4,4,프리미엄,2024-08-19 19:42:00,지인추천,MG11,86,완료,True,0.68,2,2026-06-23,3,4,2,5,77,39,232,15,False
M989,홍지민,여성,31,158,57,인천,부평구,박사,기타,연구직,한빛테크,9000,8500,전세,False,600,미혼,0,기타,회사원,중,함께 거주,True,충북,3남매 이상,ESFJ,무교,주 1~2회,비흡연,게임,원함,상의 후 결정,가족시간,좋아함,4,3,5,2,3,베이직,2025-08-28 19:31:00,제휴,MG13,91,완료,True,0.49,0,2026-06-30,5,1,1,5,66,34,211.4,13,False
M990,윤우진,남성,37,171,66,서울,관악구,석사,기타,공무원,다온솔루션,6800,12600,자가,True,5300,재혼,1,농어업,전문직,중,함께 거주,True,광주,자매 2명,INFJ,무교,안 함,흡연,게임,원함,일부공동,문화생활,알레르기 있음,2,3,4,4,4,베이직,2025-05-02 14:20:00,제휴,MG08,91,완료,False,0.6,0,2026-05-27,0,1,2,0,10,3,34.9,1,False
M991,류다은,여성,25,172,66,경남,김해시,학사,인서울,대기업,푸른연구원,9800,3800,자가,True,8100,미혼,0,은퇴,교직,중하,함께 거주,True,충북,1남1녀,INTP,기독교,월 2~4회,비흡연,요리,상의 후 결정,공동관리,가족시간,상관없음,3,5,5,4,4,프리미엄,2024-02-15 18:42:00,SNS,MG06,94,완료,True,0.67,2,2026-06-20,4,0,3,3,71,30,196.6,15,True
M992,정지호,남성,37,172,64,인천,서구,석사,해외대,금융,미래공사,10000,10600,월세,False,1800,미혼,0,전문직,가사,중,함께 거주,True,충북,자매 2명,ENFJ,무교,월 2~4회,비흡연,운동,원함,공동관리,문화생활,좋아함,4,1,5,3,4,베이직,2025-03-22 18:45:00,SNS,MG13,59,미완료,False,0.21,1,2026-06-04,2,1,2,1,21,8,61,4,False
M993,이서연,여성,33,163,71,서울,영등포구,석사,지방거점,중소기업,가온교육,6300,4200,자가,False,6800,미혼,0,자영업,은퇴,중,함께 거주,True,대전,자매 2명,ESFJ,불교,주 1~2회,비흡연,러닝,원함,공동관리,문화생활,알레르기 있음,3,4,5,2,5,베이직,2026-05-14 16:34:00,검색광고,MG03,66,작성 중,True,0.57,4,2026-06-21,2,2,0,1,19,10,69.9,9,True
M994,류준서,남성,34,158,52,경기,성남시,학사,인서울,의료,새롬금융,10800,13900,기타,True,6700,미혼,0,기타,공무원,중,부친 사별,True,경북,형제 2명,ISFJ,무교,안 함,비흡연,게임,원함,일부공동,친구모임,상관없음,2,3,4,5,4,베이직,2025-11-20 12:38:00,오프라인행사,MG03,63,작성 중,False,0.64,4,2026-05-31,0,1,1,1,11,4,37.5,4,True
M995,류소율,여성,38,158,52,서울,성동구,석사,지방거점,금융,나래컨설팅,10900,13000,자가,True,4900,미혼,0,농어업,공무원,중상,모친 사별,False,경기,자매 2명,INTJ,천주교,월 1회 이하,비흡연,등산,원함,상의 후 결정,집에서 휴식,어려움,1,2,3,2,3,프리미엄,2025-08-05 17:45:00,SNS,MG20,75,작성 중,True,0.53,2,2026-06-29,1,1,1,1,19,8,51.7,2,True
M996,홍은서,여성,40,177,80,인천,부평구,석사,지방거점,중견기업,가온교육,7700,11800,전세,False,8400,미혼,0,회사원,가사,중,함께 거주,True,인천,형제 2명,INTP,무교,월 2~4회,비흡연,등산,원함,상의 후 결정,문화생활,상관없음,5,3,4,2,4,프리미엄,2024-07-27 20:36:00,검색광고,MG03,91,완료,True,0.36,3,2026-06-17,2,3,1,3,63,29,145.7,3,False
M997,조현우,남성,30,173,64,경남,김해시,전문학사,인서울,공무원,미래공사,4700,6000,전세,True,0,미혼,0,전문직,교직,중,함께 거주,False,부산,형제 2명,ENTJ,무교,월 2~4회,비흡연,반려동물,원하지 않음,상의 후 결정,가족시간,어려움,4,1,5,5,3,프리미엄,2025-11-14 18:32:00,지인추천,MG06,56,미완료,False,0.02,1,2026-05-20,3,0,0,1,12,4,50.8,0,False
M998,최예준,남성,34,168,56,울산,중구,고졸,해외대,프리랜서,나래컨설팅,8400,13000,가족동거,True,4200,미혼,0,자영업,자영업,하,함께 거주,False,광주,형제 2명,INTP,기독교,월 2~4회,비흡연,독서,상의 후 결정,공동관리,문화생활,좋아함,4,1,5,1,4,베이직,2024-09-01 19:21:00,지인추천,MG05,81,작성 중,True,0.58,6,2026-06-17,2,2,2,1,35,15,98.2,10,True
M999,박현우,남성,33,170,71,제주,제주시,전문학사,인서울,교직,푸른연구원,5800,9600,전세,True,1500,미혼,0,전문직,전문직,중상,함께 거주,True,전북,1남1녀,ENFP,무교,월 2~4회,흡연,여행,원함,상의 후 결정,집에서 휴식,어려움,4,3,5,5,4,프리미엄,2026-05-11 20:56:00,SNS,MG16,74,작성 중,True,0.64,3,2026-06-16,4,1,3,1,45,21,122.1,17,True
M1000,장현우,남성,41,183,59,서울,성동구,학사,기타,금융,가온교육,10900,37800,월세,True,1100,미혼,0,회사원,자영업,중하,함께 거주,True,대전,자매 2명,INTP,기독교,월 2~4회,흡연,영화,원함,각자관리,가족시간,알레르기 있음,1,4,4,4,5,베이직,2025-06-03 12:01:00,제휴,MG05,69,작성 중,True,0.9,2,2026-06-22,2,3,1,2,46,20,138.6,17,True
